SYMBOL,SERIES,SECURITY,HIGH/LOW,INDEX FLAG
21STCENMGM,EQ,21ST CENTURY MGMT SERVICE,H
3IINFOTECH,EQ,3I INFOTECH LTD.,H
3PLAND,EQ,3P LAND HOLDINGS LIMITED,H
ADSL,EQ,ALLIED DIGITAL SERV. LTD,H
AGROPHOS,EQ,AGRO PHOS INDIA LIMITED,H
AISL,SM,ANI INTEGRATED SERV LTD.,H
ANKITMETAL,EQ,ANKIT MET & POW LTD,H
ANSALAPI,BE,ANSAL PROP & INFRA LTD,H
ANSALHSG,EQ,ANSAL HOUSING LIMITED,H
ARCHIES,EQ,ARCHIES LTD,H
ARCOTECH,BZ,ARCOTECH LIMITED,H
ARIHANTSUP,EQ,ARIHANT SUPERSTRUCT LTD,H
ARSHIYA,EQ,ARSHIYA LIMITED,H
ARSSINFRA,EQ,ARSS INFRA PROJ. LTD,H
ASHAPURMIN,EQ,ASHAPURA MINECHEM LTD,H
ASHIMASYN,BE,ASHIMA LTD,H
AYMSYNTEX,BE,AYM SYNTEX LIMITED,H
BAFNAPH,BE,BAFNA PHARMACEUTICALS LTD,H
BAGFILMS,BE,B.A.G FILMS AND MEDIA LTD,H
BALKRISHNA,BE,BALKRISHNA PAPER MILLS L,H
BANKA,EQ,BANKA BIOLOO LIMITED,H
BANSWRAS,EQ,BANSWARA SYNTEX LIMITED,H
BARTRONICS,BZ,BARTRONICS INDIA LIMITED,H
BCG,EQ,BRIGHTCOM GROUP LIMITED,H
BCONCEPTS,SM,BRAND CONCEPTS LIMITED,H
BCP,BE,B.C. POWER CONTROLS LTD,H
BETA,SM,BETA DRUGS LIMITED,H
BHANDARI,EQ,BHANDARI HOSIERY EXP LTD,H
BILENERGY,BZ,BIL ENERGY SYSTEMS LTD,H
BIRLATYRE,EQ,BIRLA TYRES LIMITED,H
BLBLIMITED,EQ,BLB LIMITED,H
BLKASHYAP,EQ,B.L.KASHYAP & SON LTD,H
BOHRA,SM,BOHRA INDUSTRIES LIMITED,H
BOROLTD,EQ,BOROSIL LIMITED,H
BORORENEW,EQ,BOROSIL RENEWABLES LTD,H
BRIGHT,SM,BRIGHT SOLAR LIMITED,H
BROOKS,EQ,BROOKS LAB LIMITED,H
BSELINFRA,EQ,BSEL INFRASTRUCTURE REALT,H
CCCL,BE,CONS. CONST. CONSORT LTD,H
CENTEXT,BE,CENTURY EXTRUSIONS LTD,H
CGPOWER,EQ,CG POWER AND IND SOL LTD,H
CINEVISTA,EQ,CINEVISTA LIMITED,H
CMMIPL,SM,CMM INFRAPROJECTS LIMITED,H
COMPUSOFT,BE,COMPUCOM SOFTWARE LTD,H
COUNCODOS,BE,COUNTRY CONDO'S LIMITED,H
CREATIVEYE,EQ,CREATIVE EYE LIMITED,H
CYBERMEDIA,EQ,CYBER MEDIA (INDIA) LTD.,H
DCMFINSERV,EQ,DCM FINANCIAL SERVICES LT,H
DCMNVL,BE,DCM NOUVELLE LIMITED,H
DELTAMAGNT,BE,DELTA MANUFACTURING LTD,H
DHARSUGAR,BE,DHARANISUGARS &CHEMICALS,H
DIAPOWER,BZ,DIAMOND POWER INFRA LTD,H
DIGISPICE,BE,DIGISPICE TECHNOLOGIES LT,H
DQE,EQ,DQ ENTERTAINMENT INT LTD,H
DUCON,BE,DUCON INFRATECHNOLOGIES L,H
DVL,EQ,DHUNSERI VENTURES LIMITED,H
E2E,SM,E2E NETWORKS LIMITED,H
EDUCOMP,BZ,EDUCOMP SOLUTIONS LTD,H
EKC,EQ,EVEREST KANTO CYLINDERLTD,H
EMCO,BZ,EMCO LIMITED,H
ENERGYDEV,EQ,ENERGY DEVE. CO.LTD,H
EXCEL,BE,EXCEL REALTY N INFRA LTD,H
FACT,EQ,FACT LTD,H
FCL,EQ,FINEOTEX CHEMICAL LIMITED,H
FCSSOFT,BE,FCS SOFTWARE SOLN. LTD.,H
FLEXITUFF,BE,FLEXITUFF VENTURES INT L,H
GARDENSILK,EQ,GARDEN SILK MILLS LTD,H
GBGLOBAL,BE,GB GLOBAL LIMITED,H
GENESYS,EQ,GENESYS INTL CORPN LTD,H
GISOLUTION,EQ,GI ENGINEERING SOLNS LTD,H
GODHA,EQ,GODHA CABCON INSULAT LTD,H
GOENKA,BZ,GOENKA DIAMOND&JEWELS LTD,H
GREENPANEL,EQ,GREENPANEL INDUSTRIES LTD,H
GROBTEA,EQ,THE GROB TEA COMPANY LTD,H
GTL,EQ,GTL LTD,H
GTNIND,BE,GTN INDUSTRIES LIMITED,H
HAVISHA,BE,SRI HAVISHA HOSP & INFR L,H
HNDFDS,EQ,HINDUSTAN FOODS LIMITED,H
HUBTOWN,EQ,HUBTOWN LIMITED,H
IGPL,EQ,I G PETROCHEMICALS LTD,H
IL&FSTRANS,BZ,IL&FS TRANS NET LTD,H
IMAGICAA,BE,IMAGICAAWORLD ENT LTD,H
INDLMETER,BE,IMP POWERS LTD,H
INDORAMA,EQ,INDO RAMA SYNTHETICS LTD,H
INDOSOLAR,BZ,INDOSOLAR LIMITED,H
INDOWIND,BE,INDOWIND ENERGY LTD,H
INFOBEAN,EQ,INFOBEANS TECHNO. LTD.,H
INNOVANA,SM,INNOVANA THINKLABS LTD.,H
INTELLECT,EQ,INTELLECT DESIGN ARENA,H
IVC,BE,IL&FS INVESTMENT MANAGERS,H
JAIBALAJI,EQ,JAI BALAJI INDUSTRIES LTD,H
JAINSTUDIO,BZ,JAIN STUDIOS LIMITED,H
JAYNECOIND,BE,JAYASWAL NECO INDUSTR LTD,H
JBFIND,BE,JBF INDUS LTD -DEP-LS ML,H
JETAIRWAYS,BZ,JET AIRWAYS (INDIA) LTD.,H
JETFREIGHT,SM,JET FREIGHT LOGISTICS LTD,H
JETKNIT,SM,JET KNITWEARS LTD.,H
JHS,EQ,JHS SVEND. LAB. LTD,H
JINDRILL,EQ,JINDAL DRILLING IND. LTD,H
JITFINFRA,BE,JITF INFRALOGISTICS LTD,H
JPASSOCIAT,EQ,JAIPRAKASH ASSOCIATES LTD,H
JPINFRATEC,BE,JAYPEE INFRATECH LTD,H
JPOLYINVST,BE,JIND POL INV & FIN CO LTD,H
JUMPNET,EQ,JUMP NETWORKS LIMITED,H
JYOTISTRUC,BZ,JYOTI STRUCTURES LTD,H
KALYANIFRG,BE,KALYANI FORGE LIMITED,H
KANORICHEM,EQ,KANORIA CHEMICALS & INDUS,H
KAUSHALYA,BE,KAUSHALYA INFRA DEV LTD.,H
KECL,EQ,KIRLOSKAR ELECTRIC CO LTD,H
KERNEX,BE,KERNEX MICROSYS(I) LTD,H
KEYFINSERV,EQ,KEYNOTE FIN SERV LTD.,H
KGL,BZ,KARUTURI GLOBAL LIMITED,H
KHANDSE,EQ,KHANDWALA SECURITIES LTD,H
KOPRAN,EQ,KOPRAN LTD,H
KRIDHANINF,BE,KRIDHAN INFRA LIMITED,H
KSK,BZ,KSK ENERGY VENTURES LTD,H
LAGNAM,SM,LAGNAM SPINTEX LIMITED,H
LAKPRE,BZ,LAKSHMI PRE SCRE LTD,H
LPDC,EQ,LANDMARK PR.DEV.CO.LTD,H
LSIL,BE,LLOYDS STEELS IND. LTD.,H
LYKALABS,EQ,LYKA LABS LTD,H
LYPSAGEMS,BE,LYPSA GEMS & JEWEL LTD,H
MACPOWER,EQ,MACPOWER CNC MACHINES LTD,H
MADHUCON,BE,MADHUCON PROJECTS LTD.,H
MAHAPEXLTD,BE,MAHA RASHTRA APEX COPR. L,H
MAJESCO,EQ,MAJESCO LIMITED,H
MANAKCOAT,EQ,MAN COAT METAL & IND LTD,H
MANAKSTEEL,EQ,MANAKSIA STEELS LTD,H
MARALOVER,BE,MARAL OVERSEAS LTD,H
MBECL,BE,MCNALLY BH. ENG. CO.LTD,H
MBLINFRA,EQ,MBL INFRASTRUCTURES LTD,H
MELSTAR,BZ,MELSTAR INFORMATION TECH,H
MERCATOR,BE,MERCATOR LIMITED,H
METKORE,BZ,METKORE ALLOYS & IND LTD,H
MHHL,SM,MOHINI HEALTH&HYGIENE LTD,H
MIC,BZ,MIC ELECTRONICS LIMITED,H
MINDTECK,EQ,MINDTECK (INDIA) LIMITED,H
MOHOTAIND,EQ,MOHOTA INDUSTRIES LIMITED,H
MORARJEE,BE,MORARJEE TEXTILES LIMITED,H
MRO-TEK,EQ,MRO-TEK REALTY LIMITED,H
MSPL,EQ,MSP STEEL & POWER LTD.,H
NETF,EQ,TATAAML - NETF,H
NILASPACES,BE,NILA SPACES LIMITED,H
NITINFIRE,BZ,NITIN FIRE PROT IND. LTD.,H
NTL,EQ,NEUEON TOWERS LIMITED,H
OLECTRA,EQ,OLECTRA GREENTECH LIMITED,H
ONEPOINT,BE,ONE POINT ONE SOL LTD,H
ONMOBILE,EQ,ONMOBILE GLOBAL LTD.,H
OPTIEMUS,BE,OPTIEMUS INFRACOM LTD,H
ORCHPHARMA,BE,ORCHID PHARMA LIMITED,H
ORTEL,BZ,ORTEL COMMUNICATIONS LTD,H
PAISALO,EQ,PAISALO DIGITAL LIMITED,H
PALREDTEC,BE,PALRED TECHNOLOGIES LTD,H
PAR,SM,PAR DRUGS AND CHEM LTD,H
PARABDRUGS,BZ,PARABOLIC DRUGS LTD,H
PARSVNATH,BE,PARSVNATH DEVELOPER LTD,H
PATSPINLTD,BE,PATSPIN INDIALTD.,H
PNC,EQ,PRITISH NANDY COMMUNICATI,H
PRAENG,BE,PRAJAY ENG. SYN. LTD.,H
PRAKASHSTL,BE,PRAKASH STEELAGE LTD,H
PRECOT,BE,PRECOT LIMITED,H
PREMIER,EQ,PREMIER LIMITED,H
PUNJLLOYD,BZ,PUNJ LLOYD LIMITED,H
PURVA,EQ,PURAVANKARA LIMITED,H
RADAAN,EQ,RADAAN MEDIAWORKS (I) LTD,H
RAMSARUP,BZ,RAMSARUP INDUSTRIES LTD,H
RCOM,EQ,RELIANCE COMMUNICATIONS L,H
RMCL,BE,RADHA MADHAV CO. LTD.,H
ROHITFERRO,BE,ROHIT FERRO-TECH LIMITED,H
ROLLT,BE,ROLLATAINERS LIMITED,H
ROML,EQ,RAJ OIL MILLS LIMITED,H
RUPA,EQ,RUPA & COMPANY LTD,H
RVHL,BE,RAVINDER HEIGHTS LIMITED,H
SALSTEEL,EQ,S.A.L. STEEL LTD.,H
SANGAMIND,EQ,SANGAM (INDIA) LTD,H
SELMCL,BZ,SEL MANU. CO. LTD.,H
SETUINFRA,BE,SETUBANDHAN INFRA LTD,H
SEZAL,BZ,SEZAL GLASS LIMITED,H
SHIRPUR-G,BZ,SHIRPUR GOLD REFINERY LTD,H
SHUBHLAXMI,SM,SHUBHLAXMI JEWEL ART LTD,H
SHYAMCENT,EQ,SHYAM CENTURY FERROUS LTD,H
SIL,BE,STANDARD INDUSTRIES LTD.,H
SITINET,BE,SITI NETWORKS LIMITED,H
SKIL,EQ,SKIL INFRASTRUCTURE LTD.,H
SORILINFRA,EQ,SORIL INFRA RESOURCES LTD,H
SOUTHWEST,EQ,SOUTH WEST PINNACLE LTD,H
SPMLINFRA,BE,SPML INFRA LIMITED,H
STCINDIA,EQ,THE STATE TRADING CORPN,H
SUJANAUNI,BE,SUJANA UNI. INDS. LTD.,H
SUMEETINDS,BE,SUMEET IND LIMITED,H
SUMIT,BE,SUMIT WOODS LIMITED,H
SUPERSPIN,EQ,SUPER SPINNING MILLS LTD,H
SUPREMEENG,EQ,SUPREME ENGINEERING LTD,H
SUVEN,EQ,SUVEN LIFE SCIENCES LTD,H
SUZLON,BE,SUZLON ENERGY LIMITED,H
SWELECTES,EQ,SWELECT ENERGY SYS LTD,H
SYNCOM,BZ,SYNCOM HEALTHCARE LTD,H
TANLA,EQ,TANLA PLATFORMS LIMITED,H
TANTIACONS,BZ,TANTIA CONST LTD,H
TARC,BE,ANANT RAJ GLOBAL LIMITED,H
TECHNOFAB,BZ,TECHNOFAB ENG LTD,H
TGBHOTELS,BE,TGB BANQUETS&HOTELS LTD,H
TIRUPATI,SM,SHREE TIRUPATI BALAJEE,H
TMRVL,EQ,THE MANDHANA RET VENT LTD,H
TNTELE,BE,TAMILNADU TELECOMMUNICATI,H
TRIGYN,EQ,TRIGYN TECHNOLOGIES LTD,H
TTL,EQ,T T LIMITED,H
TVVISION,BE,TV VISION LIMITED,H
UMESLTD,BE,USHA MARTIN EDU & SOL LTD,H
UNITEDPOLY,SM,UNITED POLYFAB GUJ. LTD.,H
UNITY,BZ,UNITY INFRAPROJECTS LTD,H
URJA,BE,URJA GLOBAL LIMITED,H
UTTAMSTL,EQ,UTTAM GALVA STEELS LTD,H
UWCSL,SM,ULTRA WIRING CONN SYS LTD,H
VAISHALI,EQ,VAISHALI PHARMA LIMITED,H
VAKRANGEE,EQ,VAKRANGEE LIMITED,H
VASWANI,EQ,VASWANI IND LTD,H
VICEROY,BE,VICEROY HOTELS LIMITED,H
VIJIFIN,BE,VIJI FINANCE LIMITED,H
VISASTEEL,EQ,VISA STEEL LIMITED,H
VISHNU,EQ,VISHNU CHEMICALS LIMITED,H
VIVIDHA,BE,VISAGAR POLYTEX LTD,H
VSCL,SM,VADIVARHE SPCLTY CHEM LTD,H
WANBURY,BZ,WANBURY LIMITED,H
WEBELSOLAR,EQ,WEBSOL ENERGY SYSTEM LTD,H
WSI,BE,W.S.INDUSTRIES (I) LTD.,H
XELPMOC,EQ,XELPMOC DESIGN & TECH LTD,H
YAARII,EQ,YAARII DIG INTEGR SER LTD,H
ZENITHEXPO,BE,ZENITH EXPORTS LTD,H
ZENITHSTL,BE,ZENITH STEEL PIP IND LTD,H
ZUARIGLOB,EQ,ZUARI GLOBAL LIMITED,H
ABINFRA,SM,A B INFRABUILD LIMITED,L
ADANIPOWER,EQ,ADANI POWER LTD,L
ALCHEM,BZ,ALCHEMIST LTD,L
ANIKINDS,BE,ANIK INDUSTRIES LTD,L
ARCOTECH,BZ,ARCOTECH LIMITED,L
ASHIMASYN,BE,ASHIMA LTD,L
BAFNAPH,BE,BAFNA PHARMACEUTICALS LTD,L
BALLARPUR,BZ,BALLARPUR INDUSTRIES LTD,L
BCONCEPTS,SM,BRAND CONCEPTS LIMITED,L
BIGBLOC,BE,BIGBLOC CONSTRUCTION LTD,L
BIOFILCHEM,BE,BIOFIL CHEM & PHARMA LTD.,L
BRFL,EQ,BOMBAY RAYON FASHIONS LTD,L
BURNPUR,BE,BURNPUR CEMENT LTD.,L
CALSOFT,EQ,CALIFORNIA SOFTWARE CO LT,L
CASTEXTECH,BE,CASTEX TECHNOLOGIES LTD.,L
CCCL,BE,CONS. CONST. CONSORT LTD,L
CCHHL,BE,COUNTRY CLUB HOSP HOL LTD,L
CHROMATIC,BZ,CHROMATIC INDIA LTD,L
CONTI,SM,CONTINENTAL SEED CHEM LTD,L
COUNCODOS,BE,COUNTRY CONDO'S LIMITED,L
COX&KINGS,BZ,COX & KINGS LIMITED,L
CUBEXTUB,BE,CUBEXTUBINGS-ROLLSETT,L
DBREALTY,BE,D B REALTY LIMITED,L
DCMNVL,BE,DCM NOUVELLE LIMITED,L
DHARSUGAR,BE,DHARANISUGARS &CHEMICALS,L
DHFL,EQ,DEWAN HOUSING FIN CORP LT,L
DIGJAMLTD,BZ,DIGJAM LIMITED,L
DSML,SM,DEBOCK SALE MARKETING LTD,L
EASUNREYRL,BZ,EASUN REYROLLE LTD,L
EC5RG,MF,SUNDARMAMC - EC5RG,L
EMCO,BZ,EMCO LIMITED,L
EUROCERA,BZ,EURO CERAMICS LTD.,L
GAMMNINFRA,EQ,GAMMON INFRA PROJ LTD.,L
GAYAHWS,BE,GAYATRI HIGHWAYS LIMITED,L
GBGLOBAL,BE,GB GLOBAL LIMITED,L
GLFL,EQ,GUJARAT LEASE FINANCING L,L
GLOBALVECT,BZ,GLOBAL VEC HELICORP LTD,L
GLOBOFFS,EQ,GLOBAL OFFSHORE SERV LTD,L
GOENKA,BZ,GOENKA DIAMOND&JEWELS LTD,L
GOLDSTAR,SM,GOLDSTAR POWER LIMITED,L
GTLINFRA,EQ,GTL INFRA.LTD,L
GUJRAFFIA,BE,GUJARAT RAFFIA INDUST LTD,L
HAVISHA,BE,SRI HAVISHA HOSP & INFR L,L
HCL-INSYS,EQ,HCL INFOSYSTEMS LTD,L
HDIL,BZ,HOUSING DEV & INFRA LTD,L
HITECHCORP,EQ,HITECH CORPORATION LTD,L
ICEMAKE,EQ,ICE MAKE REFRIGERAT LTD,L
ICIL,EQ,INDO COUNT INDUSTRIES LTD,L
IITL,BE,INDUSTRIAL INV TRUST LTD,L
INDOSOLAR,BZ,INDOSOLAR LIMITED,L
INDOWIND,BE,INDOWIND ENERGY LTD,L
INTEGRA,BE,INTEGRA GARMENT & TEX LTD,L
IVP,BE,IVP LIMITED,L
IZMO,EQ,IZMO LIMITED,L
JETKNIT,SM,JET KNITWEARS LTD.,L
JIKIND,BE,JIK INDUSTRIES LTD,L
JPPOWER,EQ,JAIPRAKASH POWER VEN. LTD,L
JSWISPL,EQ,JSW ISPAT SPE PRO LTD,L
JUMPNET,EQ,JUMP NETWORKS LIMITED,L
JYOTISTRUC,BZ,JYOTI STRUCTURES LTD,L
KANANIIND,EQ,KANANI INDUSTRIES LTD,L
KAPSTON,BE,KAPSTON FACILITIES MGMT L,L
KHANDSE,EQ,KHANDWALA SECURITIES LTD,L
KSK,BZ,KSK ENERGY VENTURES LTD,L
LPDC,EQ,LANDMARK PR.DEV.CO.LTD,L
LYPSAGEMS,BE,LYPSA GEMS & JEWEL LTD,L
MADHUCON,BE,MADHUCON PROJECTS LTD.,L
MARSHALL,SM,MARSHALL MACHINES LTD,L
MBECL,BE,MCNALLY BH. ENG. CO.LTD,L
MDL,SM,MARVEL DECOR LIMITED,L
MERCATOR,BE,MERCATOR LIMITED,L
METALFORGE,BE,METALYST FORGINGS LIMITED,L
MIC,BZ,MIC ELECTRONICS LIMITED,L
MSPL,EQ,MSP STEEL & POWER LTD.,L
NATNLSTEEL,BE,NATIONAL STEEL & AGRO IND,L
NEXTMEDIA,BE,NEXT MEDIAWORKS LIMITED,L
NIBL,BE,NRB INDUS. BEARINGS LTD.,L
NITINFIRE,BZ,NITIN FIRE PROT IND. LTD.,L
OISL,BZ,OCL IRON AND STEEL LTD,L
PATSPINLTD,BE,PATSPIN INDIALTD.,L
PGEL,EQ,PG ELECTROPLAST LTD,L
PRAKASHSTL,BE,PRAKASH STEELAGE LTD,L
RADAAN,EQ,RADAAN MEDIAWORKS (I) LTD,L
RAJRAYON,BZ,RAJ RAYON INDUSTRIES LTD,L
RAMSARUP,BZ,RAMSARUP INDUSTRIES LTD,L
RELINFRA,EQ,RELIANCE INFRASTRUCTU LTD,L
RHFL,BE,RELIANCE HOME FINANCE LTD,L
RKDL,EQ,RAVI KUMAR DIST. LTD.,L
RMCL,BE,RADHA MADHAV CO. LTD.,L
RPOWER,BE,RELIANCE POWER LTD.,L
RTNINFRA,EQ,RATTANINDIA INFRA LIMITED,L
RVHL,BE,RAVINDER HEIGHTS LIMITED,L
SAMBHAAV,EQ,SAMBHAAV MEDIA LTD,L
SANWARIA,BZ,SANWARIA CONSUMER LIMITED,L
SATINPP,E1,SATIN RS.2.50 PPD UP,L
SECL,SM,SALASAR EXTERIOR CONT LTD,L
SHRENIK,EQ,SHRENIK LIMITED,L
SITINET,BE,SITI NETWORKS LIMITED,L
SPENTEX,BZ,SPENTEX IND. LTD,L
SUBEXLTD,EQ,SUBEX LTD,L
SUJANAUNI,BE,SUJANA UNI. INDS. LTD.,L
SUNDARAM,EQ,SUNDARAM MULTI PAP LTD,L
TGBHOTELS,BE,TGB BANQUETS&HOTELS LTD,L
THEINVEST,BZ,THE INVEST TRUST OF IND L,L
TOTAL,EQ,TOTAL TRANSPORT SYS LTD,L
TREJHARA,EQ,TREJHARA SOLUTIONS LTD,L
TVVISION,BE,TV VISION LIMITED,L
UNITECH,BZ,UNITECH LIMITED,L
URJA,BE,URJA GLOBAL LIMITED,L
VIDEOIND,BZ,VIDEOCON INDUSTRIES LIMIT,L
VIKASECO,EQ,VIKAS ECOTECH LIMITED,L
VIKASMCORP,EQ,VIKAS MULTICORP LIMITED,L
VISHAL,EQ,VISHAL FABRICS LIMITED,L
WEBELSOLAR,EQ,WEBSOL ENERGY SYSTEM LTD,L
WEIZMANIND,EQ,WEIZMANN LTD,L
WINDMACHIN,BE,WINDSOR MACHINES LIMITED,L
WSI,BE,W.S.INDUSTRIES (I) LTD.,L
ZENITHEXPO,BE,ZENITH EXPORTS LTD,L
ZENITHSTL,BE,ZENITH STEEL PIP IND LTD,L
ZICOM,BZ,ZICOM ELECT SEC SYS LTD,L
