GAIN_LOSS,SECURITY,CLOSE_PRIC,PREV_CL_PR,PERCENT_CG
 ,Nifty 50 Sec., , , 
 , , , , 
G,INDUSIND BANK LIMITED,       912.90,       866.95,5.3
G,AXIS BANK LIMITED,       630.20,       617.65,2.03
G,TECH MAHINDRA LIMITED,       965.65,       947.10,1.96
G,HDFC LTD,      2518.95,      2476.45,1.72
G,ICICI BANK LTD.,       528.80,       520.10,1.67
G,HCL TECHNOLOGIES LTD,       935.90,       921.80,1.53
G,HDFC BANK LTD,      1427.20,      1412.85,1.02
G,STATE BANK OF INDIA,       277.90,       275.20,.98
G,ITC LTD,       211.55,       209.50,.98
G,GAIL (INDIA) LTD,       123.75,       122.65,.9
G,INFOSYS LIMITED,      1250.30,      1240.30,.81
G,SUN PHARMACEUTICAL IND L,       590.60,       586.95,.62
G,WIPRO LTD,       385.00,       382.90,.55
G,SHREE CEMENT LIMITED,     23839.65,     23715.55,.52
G,KOTAK MAHINDRA BANK LTD,      1999.30,      1988.90,.52
G,BAJAJ AUTO LIMITED,      3431.55,      3414.70,.49
G,DIVI'S LABORATORIES LTD,      3784.20,      3766.00,.48
G,ASIAN PAINTS LIMITED,      2696.80,      2683.90,.48
G,EICHER MOTORS LTD,      2460.55,      2451.35,.38
G,GRASIM INDUSTRIES LTD,       909.50,       906.65,.31
G,UPL LIMITED,       454.70,       453.40,.29
G,ULTRATECH CEMENT LIMITED,      5146.75,      5142.15,.09
G,TATA CONSULTANCY SERV LT,      2930.50,      2929.40,.04
 , , , , 
L,COAL INDIA LTD,       135.10,       137.65,-1.85
L,NTPC LTD,        98.60,       100.45,-1.84
L,NESTLE INDIA LIMITED,     18262.65,     18597.35,-1.8
L,HINDALCO  INDUSTRIES  LTD,       235.60,       239.90,-1.79
L,TATA MOTORS LIMITED,       183.45,       186.35,-1.56
L,JSW STEEL LIMITED,       381.80,       386.60,-1.24
L,POWER GRID CORP. LTD.,       189.70,       191.55,-0.97
L,HDFC LIFE INS CO LTD,       673.20,       678.70,-0.81
L,DR. REDDY'S LABORATORIES,      5165.60,      5201.80,-0.7
L,OIL AND NATURAL GAS CORP.,        93.15,        93.80,-0.69
L,RELIANCE INDUSTRIES LTD,      1990.05,      2003.30,-0.66
L,MAHINDRA & MAHINDRA LTD,       707.05,       710.95,-0.55
L,INDIAN OIL CORP LTD,        91.20,        91.70,-0.55
L,MARUTI SUZUKI INDIA LTD.,      7452.35,      7483.00,-0.41
L,LARSEN & TOUBRO LTD.,      1284.85,      1289.40,-0.35
L,BHARAT PETROLEUM CORP  LT,       381.50,       382.75,-0.33
L,BRITANNIA INDUSTRIES LTD,      3593.30,      3603.55,-0.28
L,HERO MOTOCORP LIMITED,      3074.00,      3082.60,-0.28
L,CIPLA LTD,       827.95,       830.15,-0.27
L,SBI LIFE INSURANCE CO LTD,       899.30,       901.65,-0.26
L,BHARTI AIRTEL LIMITED,       520.25,       521.60,-0.26
L,TITAN COMPANY LIMITED,      1540.10,      1543.55,-0.22
L,BAJAJ FINSERV LTD.,      8976.05,      8995.05,-0.21
L,HINDUSTAN UNILEVER LTD.,      2384.30,      2388.90,-0.19
L,TATA STEEL LIMITED,       632.20,       632.65,-0.07
L,BAJAJ FINANCE LIMITED,      5200.50,      5204.10,-0.07
L,ADANI PORT & SEZ LTD,       483.40,       483.55,-0.03
 , , , , 
 ,Nifty Next 50 Sec., , , 
 , , , , 
G,INDRAPRASTHA GAS LTD,       511.10,       490.05,4.3
G,PUNJAB NATIONAL BANK,        33.20,        32.40,2.47
G,GODREJ CONSUMER PRODUCTS,       741.15,       727.25,1.91
G,BANDHAN BANK LIMITED,       413.20,       406.15,1.74
G,INFO EDGE (I) LTD,      4703.25,      4629.35,1.6
G,CONTAINER CORP OF IND LTD,       397.45,       392.50,1.26
G,ORACLE FIN SERV SOFT LTD.,      3212.40,      3181.90,0.96
G,P&G HYGIENE & HEALTH CARE,     11064.20,     10969.90,0.86
G,ICICI LOMBARD GIC LIMITED,      1510.30,      1497.65,0.84
G,DABUR INDIA LTD,       528.95,       525.05,0.74
G,HAVELLS INDIA LIMITED,       908.75,       903.60,0.57
G,HDFC AMC LIMITED,      2907.50,      2894.80,0.44
G,BERGER PAINTS (I) LTD,       744.05,       740.90,0.43
G,ALKEM LABORATORIES LTD.,      2925.30,      2916.90,0.29
G,INTERGLOBE AVIATION LTD,      1692.20,      1687.90,0.25
G,SIEMENS LTD,      1575.80,      1572.95,0.18
G,MARICO LIMITED,       407.35,       406.80,0.14
G,HINDUSTAN PETROLEUM CORP,       215.40,       215.20,0.09
G,SBI CARDS & PAY SER LTD,       840.70,       840.00,0.08
G,ADANI GREEN ENERGY LTD,      1038.70,      1038.00,0.07
G,ABBOTT INDIA LIMITED,     15701.90,     15697.70,0.03
 , , , , 
L,NMDC LTD.,       113.80,       115.95,-1.85
L,CADILA HEALTHCARE LIMITED,       479.35,       487.70,-1.71
L,UNITED SPIRITS LIMITED,       570.20,       579.85,-1.66
L,PETRONET LNG LIMITED,       247.00,       251.15,-1.65
L,MOTHERSON SUMI SYSTEMS LT,       158.00,       160.65,-1.65
L,UNITED BREWERIES LTD,      1147.20,      1163.80,-1.43
L,PIRAMAL ENTERPRISES LTD,      1426.20,      1445.60,-1.34
L,TORRENT PHARMACEUTICALS L,      2758.80,      2795.20,-1.3
L,BIOCON LIMITED.,       460.50,       465.80,-1.14
L,AMBUJA CEMENTS LTD,       244.40,       247.20,-1.13
L,ADANI TRANSMISSION LTD,       429.15,       433.65,-1.04
L,HINDUSTAN ZINC LIMITED,       239.65,       241.80,-0.89
L,L&T INFOTECH LIMITED,      3609.95,      3640.75,-0.85
L,BAJAJ HOLDINGS & INVS LTD,      3066.30,      3092.15,-0.84
L,GENERAL INS CORP OF INDIA,       140.20,       141.35,-0.81
L,DLF LIMITED,       231.45,       233.20,-0.75
L,MUTHOOT FINANCE LIMITED,      1209.75,      1218.10,-0.69
L,LUPIN LIMITED,       977.25,       983.75,-0.66
L,TATA CONSUMER PRODUCT LTD,       598.60,       602.45,-0.64
L,COLGATE PALMOLIVE LTD.,      1574.60,      1583.40,-0.56
L,POWER FIN CORP LTD.,       116.25,       116.85,-0.51
L,AVENUE SUPERMARTS LIMITED,      2665.70,      2678.00,-0.46
L,AUROBINDO PHARMA LTD,       905.05,       908.35,-0.36
L,ACC LIMITED,      1616.75,      1622.45,-0.35
L,ICICI PRU LIFE INS CO LTD,       499.95,       500.95,-0.2
L,PIDILITE INDUSTRIES LTD,      1754.00,      1757.35,-0.19
L,BANK OF BARODA,        62.35,        62.40,-0.08
L,BOSCH LIMITED,     12834.05,     12840.70,-0.05
 , , , , 
 ,OTHER SECURITIES, , , 
 , , , , 
G,MOHOTA INDUSTRIES LIMITED,        12.30,        10.25,20
G,RUPA & COMPANY LTD,       301.60,       251.35,19.99
G,SORIL INFRA RESOURCES LTD,       130.10,       108.45,19.96
G,ZUARI GLOBAL LIMITED,        76.95,        64.15,19.95
G,VAISHALI PHARMA LIMITED,        58.35,        48.65,19.94
G,T T LIMITED,        58.10,        48.45,19.92
G,KANORIA CHEMICALS & INDUS,        51.80,        43.20,19.91
G,PRITISH NANDY COMMUNICATI,        24.45,        20.40,19.85
G,FINEOTEX CHEMICAL LIMITED,        66.05,        55.15,19.76
G,PAISALO DIGITAL LIMITED,       741.15,       621.65,19.22
G,BHANDARI HOSIERY EXP LTD,         2.25,         1.90,18.42
G,FACT LTD,        64.30,        54.35,18.31
G,USHANTI COLOUR CHEM LTD,        34.00,        29.00,17.24
G,UNS RED NCD SR. III,       809.99,       699.40,15.81
G,HBL POWER SYSTEMS LTD.,        42.20,        36.80,14.67
G,SEC RED NCD 9.00% SR. VII,       697.99,       610.00,14.42
G,MATRIMONY.COM LIMITED,       922.60,       812.45,13.56
G,VARDHAMAN ACRYLICS LTD,        37.05,        32.70,13.3
G,TECHNO ELEC & ENG CO. LTD,       226.40,       199.90,13.26
G,UNS RED NCD 9.50% SR. VII,       644.99,       570.00,13.16
G,SNOWMAN LOGISTICS LTD.,        66.20,        58.60,12.97
G,DHANI LOANS & SERV LTD,       988.00,       876.00,12.79
G,ELECON ENG. CO. LTD,        42.65,        38.10,11.94
G,ALLSEC TECHNOLOGIES LTD,       294.55,       263.60,11.74
G,ZUARI AGRO CHEMICALS LTD,       105.50,        94.90,11.17
G,COMMERCIAL ENG & CO. LTD,        20.05,        18.05,11.08
G,MMTC LIMITED,        25.75,        23.20,10.99
G,INDO-NATIONAL LIMITED,       712.00,       641.55,10.98
G,SEC RED NCD 9.50% SR. VII,       680.00,       615.00,10.57
G,KHAITAN CHEM & FERT LTD,        28.95,        26.20,10.5
 , , , , 
L,SALASAR EXTERIOR CONT LTD,        32.80,        40.95,-19.9
L,DHANI LOANS & SERV LTD,       814.00,       981.00,-17.02
L,SHRENIK LIMITED,         4.05,         4.50,-10
L,BODHI TREE MULTIMEDIA LTD,        77.50,        85.90,-9.78
L,9.35% SRNCD SR V B,       676.00,       748.00,-9.63
L,BIRLASLAMC - ABSLRIF6RG,         6.52,         7.20,-9.44
L,SUNDARMAMC - M15RG,         6.10,         6.70,-8.96
L,DISH TV INDIA LTD.,        12.85,        13.90,-7.55
L,LTAMC - LTMFEOFR,        10.00,        10.81,-7.49
L,SUNDARMAMC - M14RG,         6.57,         7.10,-7.46
L,MRS BECTORS FOOD SPE LTD,       521.35,       559.15,-6.76
L,GTL INFRA.LTD,          .70,          .75,-6.67
L,GPT INFRAPROJECTS LTD,        41.30,        44.20,-6.56
L,SEC RED NCD 8.43% SR. III,       850.00,       905.31,-6.11
L,DATAMATICS GLOBAL SER LTD,       105.85,       112.70,-6.08
L,INDIAN CARD CLOTHING CO.,       128.10,       136.30,-6.02
L,TIPS INDUSTRIES LIMITED,       306.35,       325.25,-5.81
L,RKEC PROJECTS LIMITED,        47.15,        50.05,-5.79
L,NAHAR POLY FILMS LIMITED,        96.10,       101.90,-5.69
L,UNITED DRILLING TOOLS LTD,       269.10,       285.10,-5.61
L,DHANI LOANS & SERV LTD,       960.00,      1014.80,-5.4
L,SEC RED NCD 8.40% SR.V,      1074.00,      1135.00,-5.37
L,MT EDUCARE LTD,        10.20,        10.75,-5.12
L,PRESSMAN ADVERTISING LTD,        24.15,        25.45,-5.11
L,SHREE RAMA MULTI TECH LTD,         8.45,         8.90,-5.06
L,SHREE RAM PROTEINS LTD.,        29.55,        31.10,-4.98
L,TREJHARA SOLUTIONS LTD,        41.15,        43.30,-4.97
L,TARMAT LIMITED,        52.75,        55.50,-4.95
L,KHANDWALA SECURITIES LTD,        21.10,        22.20,-4.95
L,DEWAN HOUSING FIN CORP LT,        26.90,        28.30,-4.95
