SERIES,SYMBOL,SECURITY,RECORD_DT,BC_STRT_DT,BC_END_DT,EX_DT,ND_STRT_DT,ND_END_DT,PURPOSE
BE,DBREALTY,D B Realty Limited, ,16/12/2020,22/12/2020,14/12/2020, , ,ANNUAL GENERAL MEETING   
BE,ORCHPHARMA,Orchid Pharma Limited, ,23/12/2020,30/12/2020,21/12/2020, , ,ANNUAL GENERAL MEETING   
BE,PRAENG,Prajay Engineers Syndicat, ,24/12/2020,30/12/2020,22/12/2020, , ,ANNUAL GENERAL MEETING   
BE,GATI,GATI LIMITED, ,22/12/2020,28/12/2020,18/12/2020, , ,ANNUAL GENERAL MEETING   
BE,KSERASERA,KSS Limited, ,25/12/2020,31/12/2020,23/12/2020, , ,ANNUAL GENERAL MEETING   
BE,ARCOTECH,Arcotech Limited, ,24/12/2020,30/12/2020,22/12/2020, , ,ANNUAL GENERAL MEETING   
BE,BLUEBLENDS,Blue Blends (I) Ltd, ,26/12/2020,29/12/2020,23/12/2020, , ,ANNUAL GENERAL MEETING   
BE,JINDCOT,Jindal Cotex Ltd, ,25/12/2020,30/12/2020,23/12/2020, , ,ANNUAL GENERAL MEETING   
BE,GARFIBRES,Garware TFL,11/12/2020, , ,10/12/2020, , ,BUYBACK                  
BE,ANANTRAJ,Anant Raj Industries Limi, ,24/12/2020,30/12/2020,22/12/2020, , ,AGM/DIV - RE 0.08 PER SH 
BE,KARMAENG,Karma Energy Limited,15/12/2020, , ,14/12/2020, , ,ANNUAL GENERAL MEETING   
BE,PROSEED,Proseed India Limited, ,13/12/2020,19/12/2020,10/12/2020, , ,ANNUAL GENERAL MEETING   
BE,RUSHIL,Rushil Decor Limited, ,12/12/2020,18/12/2020,10/12/2020, , ,AGM/DIV - RS 0.50 PER SH 
BE,ADVANIHOTR,Advani Hot.& Res.(I) Ltd, ,12/12/2020,22/12/2020,10/12/2020, , ,ANNUAL GENERAL MEETING   
BE,EXCEL,Excel Realty N Infra Ltd, ,11/12/2020,17/12/2020,09/12/2020, , ,ANNUAL GENERAL MEETING   
BE,ONELIFECAP,Onelife Cap Advisors Ltd, ,22/12/2020,29/12/2020,18/12/2020, , ,ANNUAL GENERAL MEETING   
BE,ITDC,India Tour. Dev. Co. Ltd., ,28/12/2020,30/12/2020,23/12/2020, , ,ANNUAL GENERAL MEETING   
BE,SYNCOM,Syncom Healthcare Ltd, ,24/12/2020,30/12/2020,22/12/2020, , ,ANNUAL GENERAL MEETING   
BE,KWALITY,Kwality Limited, ,18/12/2020,24/12/2020,16/12/2020, , ,ANNUAL GENERAL MEETING   
BE,HCC,Hindustan Construc Co., ,18/12/2020,24/12/2020,16/12/2020, , ,ANNUAL GENERAL MEETING   
BE,MTEDUCARE,MT Educare Ltd, ,18/12/2020,24/12/2020,16/12/2020, , ,ANNUAL GENERAL MEETING   
BE,DYNPRO,Dynemic Products Limited,17/12/2020, , ,16/12/2020, , ,ANNUAL GENERAL MEETING   
BE,ATLANTA,Atlanta  Limited, ,16/12/2020,23/12/2020,14/12/2020, , ,ANNUAL GENERAL MEETING   
BE,RADAAN,RADAAN MEDIAWORKS (I) LTD, ,17/12/2020,24/12/2020,15/12/2020, , ,ANNUAL GENERAL MEETING   
BE,DATAMATICS,Datamatics Global Ser.Ltd, ,20/12/2020,26/12/2020,17/12/2020, , ,ANNUAL GENERAL MEETING   
BE,PRABHAT,Prabhat Dairy Limited, ,21/12/2020,26/12/2020,17/12/2020, , ,ANNUAL GENERAL MEETING   
BE,MMTC,MMTC Limited, ,17/12/2020,24/12/2020,15/12/2020, , ,ANNUAL GENERAL MEETING   
BE,3IINFOTECH,3i Infotech Ltd., ,16/12/2020,23/12/2020,14/12/2020, , ,ANNUAL GENERAL MEETING   
BE,ASIANHOTNR,Asian Hotels (North) Ltd, ,19/12/2020,24/12/2020,17/12/2020, , ,ANNUAL GENERAL MEETING   
BE,ARIHANT,Arihant Foundations & Hou, ,17/12/2020,23/12/2020,15/12/2020, , ,ANNUAL GENERAL MEETING   
BE,IFCI,IFCI LTD, ,16/12/2020,22/12/2020,14/12/2020, , ,ANNUAL GENERAL MEETING   
BE,MASFIN,MAS Financial Serv Ltd, ,03/12/2020,09/12/2020,01/12/2020, , ,ANNUAL GENERAL MEETING   
BE,MBECL,Mcnally Bharat Engineerin, ,16/12/2020,22/12/2020,14/12/2020, , ,ANNUAL GENERAL MEETING   
BE,INFIBEAM,Infibeam Avenues Limited,11/12/2020, , ,10/12/2020, , ,DEMERGER                 
BE,GIPCL,GUJARAT INDUSTRIES POWER, ,05/12/2020,15/12/2020,03/12/2020, , ,DIV - RS 2.90 PER SH     
BE,JAICORPLTD,Jai Corp Limited, ,22/12/2020,28/12/2020,18/12/2020, , ,DIV - RS 0.50 PER SH     
BE,GICHSGFIN,Gic Housing Finance Ltd, ,05/12/2020,18/12/2020,03/12/2020, , ,AGM/DIV - RS 2 PER SH    
BE,OMAXE,Omaxe Limited, ,19/12/2020,24/12/2020,17/12/2020, , ,ANNUAL GENERAL MEETING   
BE,KOHINOOR,Kohinoor Foods Limited, ,23/12/2020,29/12/2020,21/12/2020, , ,ANNUAL GENERAL MEETING   
BE,TOKYOPLAST,Tokyo Plast Intl Ltd, ,23/12/2020,30/12/2020,21/12/2020, , ,ANNUAL GENERAL MEETING   
BE,BANG,Bang Overseas Limited, ,24/12/2020,30/12/2020,22/12/2020, , ,ANNUAL GENERAL MEETING   
BE,TNTELE,Tamilnadu Telecomm Ltd, ,11/12/2020,18/12/2020,09/12/2020, , ,ANNUAL GENERAL MEETING   
BE,CYBERMEDIA,Cyber Media (India) Ltd., ,24/12/2020,30/12/2020,22/12/2020, , ,ANNUAL GENERAL MEETING   
BE,WEIZMANIND,Weizmann Ltd, ,16/12/2020,22/12/2020,14/12/2020, , ,ANNUAL GENERAL MEETING   
BE,EROSMEDIA,Eros Intl Media Ltd, ,08/12/2020,15/12/2020,04/12/2020, , ,ANNUAL GENERAL MEETING   
BE,JIKIND,JIK Industries Limited, ,11/12/2020,18/12/2020,09/12/2020, , ,ANNUAL GENERAL MEETING   
BE,63MOONS,63 moons tech limited, ,03/12/2020,09/12/2020,01/12/2020, , ,AGM/DIV - RS 2 PER SH    
BE,SPMLINFRA,SPML Infra Limited, ,11/12/2020,17/12/2020,09/12/2020, , ,ANNUAL GENERAL MEETING   
BE,GFSTEELS,Grand Foundry Ltd, ,17/12/2020,23/12/2020,15/12/2020, , ,ANNUAL GENERAL MEETING   
BE,PRAKASHSTL,Prakash Steelage Ltd, ,17/12/2020,23/12/2020,15/12/2020, , ,ANNUAL GENERAL MEETING   
BE,GOODYEAR,Goodyear India Ltd,15/12/2020, , ,14/12/2020, , ,INTERIM DIVIDEND         
BE,MOHOTAIND,Mohota Industries Ltd., ,17/12/2020,24/12/2020,15/12/2020, , ,ANNUAL GENERAL MEETING   
BE,SATHAISPAT,Sathavahana Ispat Ltd, ,23/12/2020,29/12/2020,21/12/2020, , ,ANNUAL GENERAL MEETING   
BE,STCINDIA,The State Trading Corpn, ,10/12/2020,17/12/2020,08/12/2020, , ,ANNUAL GENERAL MEETING   
BE,GARDENSILK,Garden Silk Mills Ltd., ,16/12/2020,21/12/2020,14/12/2020, , ,ANNUAL GENERAL MEETING   
BE,BFUTILITIE,BF Utilities Limited, ,30/12/2020,30/12/2020,28/12/2020, , ,ANNUAL GENERAL MEETING   
BE,BEDMUTHA,Bedmutha Indust Ltd, ,08/12/2020,14/12/2020,04/12/2020, , ,ANNUAL GENERAL MEETING   
BE,PANACEABIO,Panacea Biotec Ltd., ,17/12/2020,24/12/2020,15/12/2020, , ,ANNUAL GENERAL MEETING   
BE,DCMFINSERV,DCM Financial Ser Ltd, ,12/12/2020,18/12/2020,10/12/2020, , ,ANNUAL GENERAL MEETING   
BE,PARASPETRO,Paras Petrofils Limited, ,12/12/2020,17/12/2020,10/12/2020, , ,ANNUAL GENERAL MEETING   
BE,RKDL,Ravi Kumar Distilleries, ,16/12/2020,23/12/2020,14/12/2020, , ,ANNUAL GENERAL MEETING   
BE,BINANIIND,Binani Industries Limited, ,22/12/2020,29/12/2020,18/12/2020, , ,ANNUAL GENERAL MEETING   
BE,SANGHVIFOR,Sanghvi For & Eng Ltd, ,15/12/2020,24/12/2020,11/12/2020, , ,ANNUAL GENERAL MEETING   
BE,SHAHALLOYS,Shah Alloys Limited, ,11/12/2020,23/12/2020,09/12/2020, , ,ANNUAL GENERAL MEETING   
BE,HATSUN,Hatsun Agro Product Ltd.,10/12/2020, , ,09/12/2020, , ,BONUS 1:3                
BE,DIGISPICE,DiGiSPICE Technologies LT, ,09/12/2020,15/12/2020,07/12/2020, , ,ANNUAL GENERAL MEETING   
BE,SALSTEEL,S.A.L. Steel Ltd., ,11/12/2020,23/12/2020,09/12/2020, , ,ANNUAL GENERAL MEETING   
BE,RUBYMILLS,Ruby Mills Ltd., ,10/12/2020,17/12/2020,08/12/2020, , ,ANNUAL GENERAL MEETING   
BE,VLSFINANCE,VLS Finance Ltd., ,04/12/2020,10/12/2020,02/12/2020, , ,AGM/DIV-RS 1.50 PER SH   
BE,JUMPNET,Jump Networks Limited, ,03/12/2020,09/12/2020,01/12/2020, , ,ANNUAL GENERAL MEETING   
BE,ORISSAMINE,Orissa Min Dev Co Ltd, ,10/12/2020,16/12/2020,08/12/2020, , ,ANNUAL GENERAL MEETING   
BE,MAHASTEEL,Mahamaya Steel Inds Ltd, ,17/12/2020,23/12/2020,15/12/2020, , ,ANNUAL GENERAL MEETING   
BE,VISASTEEL,Visa Steel Limited, ,15/12/2020,22/12/2020,11/12/2020, , ,ANNUAL GENERAL MEETING   
BE,GOENKA,Goenka Diamond&Jewels Ltd, ,14/12/2020,17/12/2020,10/12/2020, , ,ANNUAL GENERAL MEETING   
BE,CUPID,Cupid Limited, ,21/12/2020,22/12/2020,17/12/2020, , ,ANNUAL GENERAL MEETING   
BE,JBFIND,JBF INDUSTRIES LTD, ,23/12/2020,30/12/2020,21/12/2020, , ,ANNUAL GENERAL MEETING   
BE,POCHIRAJU,Pochiraju Industries Limi, ,20/12/2020,26/12/2020,17/12/2020, , ,ANNUAL GENERAL MEETING   
BE,KRIDHANINF,Kridhan Infra Limited, ,23/12/2020,29/12/2020,21/12/2020, , ,ANNUAL GENERAL MEETING   
BE,HUBTOWN,Ackruti City Limited, ,18/12/2020,24/12/2020,16/12/2020, , ,ANNUAL GENERAL MEETING   
BE,BLUECHIP,Blue Chip India Ltd, ,11/12/2020,17/12/2020,09/12/2020, , ,ANNUAL GENERAL MEETING   
BE,SAKUMA,Sakuma Exports Limited, ,03/12/2020,10/12/2020,01/12/2020, , ,AGM/DIV - RE 0.1 PER SH  
BE,SETCO,Setco Automotive Ltd, ,22/12/2020,28/12/2020,18/12/2020, , ,ANNUAL GENERAL MEETING   
BE,NFL,National Fertilizers Limi, ,11/12/2020,17/12/2020,09/12/2020, , ,ANNUAL GENERAL MEETING   
BE,PREMIER,Premier Limited, ,23/12/2020,30/12/2020,21/12/2020, , ,ANNUAL GENERAL MEETING   
BE,SKIL,SKIL Infrastr. Ltd., ,24/12/2020,30/12/2020,22/12/2020, , ,ANNUAL GENERAL MEETING   
BE,VISESHINFO,Visesh Infotecnics Limite, ,24/12/2020,30/12/2020,22/12/2020, , ,ANNUAL GENERAL MEETING   
BE,RAJSREESUG,Rajshree Sugars & Chem, ,22/12/2020,28/12/2020,18/12/2020, , ,ANNUAL GENERAL MEETING   
BE,TGBHOTELS,Bhagwati Banquets And Hot, ,18/12/2020,24/12/2020,16/12/2020, , ,ANNUAL GENERAL MEETING   
BE,TI,Tilaknagar Industries Ltd, ,23/12/2020,29/12/2020,21/12/2020, , ,ANNUAL GENERAL MEETING   
BE,NSIL,Nalwa Sons Investments Li, ,21/12/2020,24/12/2020,17/12/2020, , ,ANNUAL GENERAL MEETING   
BE,HITECHGEAR,HitechGearsLtd-Roll Sett, ,20/12/2020,26/12/2020,17/12/2020, , ,ANNUAL GENERAL MEETING   
BE,SPICEJET,Spicejet Limited, ,18/12/2020,24/12/2020,16/12/2020, , ,ANNUAL GENERAL MEETING   
BE,RELIGARE,Religare Enterprises Limi, ,11/12/2020,17/12/2020,09/12/2020, , ,ANNUAL GENERAL MEETING   
BE,RVNL,Rail Vikas Nigam Limited,09/12/2020, , ,08/12/2020, , ,DIV - RS 1.14 PER SH     
BE,RESPONIND,Responsive Industries Ltd, ,18/12/2020,24/12/2020,16/12/2020, , ,AGM/DIV - RS 0.07 PER SH 
BE,JPINFRATEC,Jaypee Infratech Ltd, ,18/12/2020,24/12/2020,16/12/2020, , ,ANNUAL GENERAL MEETING   
BE,GBGLOBAL,GB Global Limited, ,18/12/2020,24/12/2020,16/12/2020, , ,ANNUAL GENERAL MEETING   
BE,SIMBHALS,Simbhaoli Sugars Ltd., ,15/12/2020,21/12/2020,11/12/2020, , ,ANNUAL GENERAL MEETING   
BE,PVP,PVP Ventures Limited, ,07/12/2020,11/12/2020,03/12/2020, , ,ANNUAL GENERAL MEETING   
BE,SIMPLEXINF,Simplex Infrastructures L, ,22/12/2020,30/12/2020,18/12/2020, , ,ANNUAL GENERAL MEETING   
BE,WEBELSOLAR,Websol Energy System Ltd, ,23/12/2020,29/12/2020,21/12/2020, , ,ANNUAL GENERAL MEETING   
BE,ZODIACLOTH,Zodiac Clothing Co. Ltd, ,19/12/2020,28/12/2020,17/12/2020, , ,ANNUAL GENERAL MEETING   
BE,ARENTERP,RajdarshanIndus-RollSett, ,19/12/2020,26/12/2020,17/12/2020, , ,ANNUAL GENERAL MEETING   
BE,MADHAV,Madhav Marbles and Granit, ,19/12/2020,26/12/2020,17/12/2020, , ,ANNUAL GENERAL MEETING   
BE,MADRASFERT,Madras Fertilizers Ltd, ,23/12/2020,29/12/2020,21/12/2020, , ,ANNUAL GENERAL MEETING   
BE,BARTRONICS,Bartronics India Limited, ,28/12/2020,29/12/2020,23/12/2020, , ,ANNUAL GENERAL MEETING   
BE,GLOBALVECT,Global Vectra Helicorp Li, ,28/12/2020,29/12/2020,23/12/2020, , ,ANNUAL GENERAL MEETING   
BE,VIVIDHA,Visagar Polytex Ltd, ,23/12/2020,29/12/2020,21/12/2020, , ,ANNUAL GENERAL MEETING   
BE,ATNINTER,ATN International Limited, ,09/12/2020,15/12/2020,07/12/2020, , ,ANNUAL GENERAL MEETING   
BE,WIPRO,WIPRO LTD,11/12/2020, , ,10/12/2020, , ,BUYBACK                  
BE,WINSOME,Winsome Yarns Limited, ,05/12/2020,11/12/2020,03/12/2020, , ,ANNUAL GENERAL MEETING   
BE,JAYNECOIND,Jayaswal Neco Industr Ltd, ,18/12/2020,24/12/2020,16/12/2020, , ,ANNUAL GENERAL MEETING   
BE,THOMASCOTT,Thomas Scott (India) Ltd, ,24/12/2020,30/12/2020,22/12/2020, , ,ANNUAL GENERAL MEETING   
BE,SANDESH,Sandesh Ltd, ,18/12/2020,30/12/2020,16/12/2020, , ,ANNUAL GENERAL MEETING   
BE,POWERGRID,Power Grid Corporation of,19/12/2020, , ,17/12/2020, , ,INTERIM DIVIDEND         
BE,BVCL,Barak Valley Cements Limi, ,24/12/2020,30/12/2020,22/12/2020, , ,ANNUAL GENERAL MEETING   
BE,REGENCERAM,Regency Ceramics Ltd., ,24/12/2020,30/12/2020,22/12/2020, , ,ANNUAL GENERAL MEETING   
BE,NAGAFERT,Nagarjun Fert and Che Ltd, ,23/12/2020,30/12/2020,21/12/2020, , ,ANNUAL GENERAL MEETING   
BE,DREDGECORP,DREDGING CORP OF INDIA, ,16/12/2020,22/12/2020,14/12/2020, , ,ANNUAL GENERAL MEETING   
BE,PNC,Pritish Nandy Comm. Ltd., ,11/12/2020,17/12/2020,09/12/2020, , ,ANNUAL GENERAL MEETING   
BZ,ORCHPHARMA,Orchid Pharma Limited, ,23/12/2020,30/12/2020,21/12/2020, , ,ANNUAL GENERAL MEETING   
BZ,BLUEBLENDS,Blue Blends (I) Ltd, ,26/12/2020,29/12/2020,23/12/2020, , ,ANNUAL GENERAL MEETING   
BZ,JINDCOT,Jindal Cotex Ltd, ,25/12/2020,30/12/2020,23/12/2020, , ,ANNUAL GENERAL MEETING   
BZ,SYNCOM,Syncom Healthcare Ltd, ,24/12/2020,30/12/2020,22/12/2020, , ,ANNUAL GENERAL MEETING   
BZ,KOHINOOR,Kohinoor Foods Limited, ,23/12/2020,29/12/2020,21/12/2020, , ,ANNUAL GENERAL MEETING   
BZ,SATHAISPAT,Sathavahana Ispat Ltd, ,23/12/2020,29/12/2020,21/12/2020, , ,ANNUAL GENERAL MEETING   
BZ,GARDENSILK,Garden Silk Mills Ltd., ,16/12/2020,21/12/2020,14/12/2020, , ,ANNUAL GENERAL MEETING   
BZ,PARASPETRO,Paras Petrofils Limited, ,12/12/2020,17/12/2020,10/12/2020, , ,ANNUAL GENERAL MEETING   
BZ,BINANIIND,Binani Industries Limited, ,22/12/2020,29/12/2020,18/12/2020, , ,ANNUAL GENERAL MEETING   
BZ,GOENKA,Goenka Diamond&Jewels Ltd, ,14/12/2020,17/12/2020,10/12/2020, , ,ANNUAL GENERAL MEETING   
BZ,POCHIRAJU,Pochiraju Industries Limi, ,20/12/2020,26/12/2020,17/12/2020, , ,ANNUAL GENERAL MEETING   
BZ,PVP,PVP Ventures Limited, ,07/12/2020,11/12/2020,03/12/2020, , ,ANNUAL GENERAL MEETING   
BZ,BARTRONICS,Bartronics India Limited, ,28/12/2020,29/12/2020,23/12/2020, , ,ANNUAL GENERAL MEETING   
BZ,WINSOME,Winsome Yarns Limited, ,05/12/2020,11/12/2020,03/12/2020, , ,ANNUAL GENERAL MEETING   
BZ,NAGAFERT,Nagarjun Fert and Che Ltd, ,23/12/2020,30/12/2020,21/12/2020, , ,ANNUAL GENERAL MEETING   
BZ,KSERASERA,KSS Limited, ,25/12/2020,31/12/2020,23/12/2020, , ,ANNUAL GENERAL MEETING   
EQ,SHAHALLOYS,Shah Alloys Limited, ,11/12/2020,23/12/2020,09/12/2020, , ,ANNUAL GENERAL MEETING   
EQ,HATSUN,Hatsun Agro Product Ltd.,10/12/2020, , ,09/12/2020, , ,BONUS 1:3                
EQ,DIGISPICE,DiGiSPICE Technologies LT, ,09/12/2020,15/12/2020,07/12/2020, , ,ANNUAL GENERAL MEETING   
EQ,SALSTEEL,S.A.L. Steel Limited, ,11/12/2020,23/12/2020,09/12/2020, , ,ANNUAL GENERAL MEETING   
EQ,RUBYMILLS,The Ruby Mills Ltd, ,10/12/2020,17/12/2020,08/12/2020, , ,ANNUAL GENERAL MEETING   
EQ,VLSFINANCE,VLS Finance Ltd., ,04/12/2020,10/12/2020,02/12/2020, , ,AGM/DIV-RS 1.50 PER SH   
EQ,JUMPNET,Jump Networks Limited, ,03/12/2020,09/12/2020,01/12/2020, , ,ANNUAL GENERAL MEETING   
EQ,ORISSAMINE,Orissa Min Dev Co Ltd, ,10/12/2020,16/12/2020,08/12/2020, , ,ANNUAL GENERAL MEETING   
EQ,MAHASTEEL,Mahamaya Steel Inds Ltd, ,17/12/2020,23/12/2020,15/12/2020, , ,ANNUAL GENERAL MEETING   
EQ,VISASTEEL,Visa Steel Limited, ,15/12/2020,22/12/2020,11/12/2020, , ,ANNUAL GENERAL MEETING   
EQ,GOENKA,Goenka Diamond&Jewels Ltd, ,14/12/2020,17/12/2020,10/12/2020, , ,ANNUAL GENERAL MEETING   
EQ,CUPID,Cupid Limited, ,21/12/2020,22/12/2020,17/12/2020, , ,ANNUAL GENERAL MEETING   
EQ,JBFIND,JBFIndustries Ltd, ,23/12/2020,30/12/2020,21/12/2020, , ,ANNUAL GENERAL MEETING   
EQ,NFL,National Fertilizers Limi, ,11/12/2020,17/12/2020,09/12/2020, , ,ANNUAL GENERAL MEETING   
EQ,POCHIRAJU,Pochiraju Industries Limi, ,20/12/2020,26/12/2020,17/12/2020, , ,ANNUAL GENERAL MEETING   
EQ,KRIDHANINF,Kridhan Infra Limited, ,23/12/2020,29/12/2020,21/12/2020, , ,ANNUAL GENERAL MEETING   
EQ,HUBTOWN,Ackruti City Limited, ,18/12/2020,24/12/2020,16/12/2020, , ,ANNUAL GENERAL MEETING   
EQ,VISESHINFO,Visesh Infotecnics Limite, ,24/12/2020,30/12/2020,22/12/2020, , ,ANNUAL GENERAL MEETING   
EQ,BLUECHIP,Blue Chip India Ltd, ,11/12/2020,17/12/2020,09/12/2020, , ,ANNUAL GENERAL MEETING   
EQ,SAKUMA,Sakuma Exports Limited, ,03/12/2020,10/12/2020,01/12/2020, , ,AGM/DIV - RE 0.1 PER SH  
EQ,SETCO,Setco Automotive Ltd, ,22/12/2020,28/12/2020,18/12/2020, , ,ANNUAL GENERAL MEETING   
EQ,RELIGARE,Religare Enterprises Limi, ,11/12/2020,17/12/2020,09/12/2020, , ,ANNUAL GENERAL MEETING   
EQ,PREMIER,Premier Limited, ,23/12/2020,30/12/2020,21/12/2020, , ,ANNUAL GENERAL MEETING   
EQ,SKIL,SKIL Infrastr. Ltd., ,24/12/2020,30/12/2020,22/12/2020, , ,ANNUAL GENERAL MEETING   
EQ,SIMBHALS,Simbhaoli Sugars Ltd., ,15/12/2020,21/12/2020,11/12/2020, , ,ANNUAL GENERAL MEETING   
EQ,RAJSREESUG,Rajshree Sugars & Chem, ,22/12/2020,28/12/2020,18/12/2020, , ,ANNUAL GENERAL MEETING   
EQ,TGBHOTELS,Bhagwati Banquets And Hot, ,18/12/2020,24/12/2020,16/12/2020, , ,ANNUAL GENERAL MEETING   
EQ,TI,Tilaknagar Industries Ltd, ,23/12/2020,29/12/2020,21/12/2020, , ,ANNUAL GENERAL MEETING   
EQ,NSIL,Nalwa Sons Investments Li, ,21/12/2020,24/12/2020,17/12/2020, , ,ANNUAL GENERAL MEETING   
EQ,HITECHGEAR,Hi-Tech Gears Ltd, ,20/12/2020,26/12/2020,17/12/2020, , ,ANNUAL GENERAL MEETING   
EQ,SPICEJET,Spicejet Limited, ,18/12/2020,24/12/2020,16/12/2020, , ,ANNUAL GENERAL MEETING   
EQ,ZODIACLOTH,Zodiac Clothing Co. Ltd, ,19/12/2020,28/12/2020,17/12/2020, , ,ANNUAL GENERAL MEETING   
EQ,RVNL,Rail Vikas Nigam Limited,09/12/2020, , ,08/12/2020, , ,DIV - RS 1.14 PER SH     
EQ,RESPONIND,Responsive Industries Ltd, ,18/12/2020,24/12/2020,16/12/2020, , ,AGM/DIV - RS 0.07 PER SH 
EQ,TECILCHEM,TECIL Chem And Hydro Powe, ,21/12/2020,28/12/2020,17/12/2020, , ,ANNUAL GENERAL MEETING   
EQ,JPINFRATEC,Jaypee Infratech Ltd, ,18/12/2020,24/12/2020,16/12/2020, , ,ANNUAL GENERAL MEETING   
EQ,GBGLOBAL,GB Global Limited, ,18/12/2020,24/12/2020,16/12/2020, , ,ANNUAL GENERAL MEETING   
EQ,PVP,PVP Ventures Limited, ,07/12/2020,11/12/2020,03/12/2020, , ,ANNUAL GENERAL MEETING   
EQ,SIMPLEXINF,Simplex Infrastructures L, ,22/12/2020,30/12/2020,18/12/2020, , ,ANNUAL GENERAL MEETING   
EQ,WEBELSOLAR,Websol Energy System Ltd, ,23/12/2020,29/12/2020,21/12/2020, , ,ANNUAL GENERAL MEETING   
EQ,ARENTERP,Rajdharshan Inds Ltd, ,19/12/2020,26/12/2020,17/12/2020, , ,ANNUAL GENERAL MEETING   
EQ,MADHAV,Madhav Marbles and Granit, ,19/12/2020,26/12/2020,17/12/2020, , ,ANNUAL GENERAL MEETING   
EQ,MADRASFERT,Madras Fertilizers Ltd, ,23/12/2020,29/12/2020,21/12/2020, , ,ANNUAL GENERAL MEETING   
EQ,BARTRONICS,Bartronics India Limited, ,28/12/2020,29/12/2020,23/12/2020, , ,ANNUAL GENERAL MEETING   
EQ,GLOBALVECT,Global Vectra Helicorp Li, ,28/12/2020,29/12/2020,23/12/2020, , ,ANNUAL GENERAL MEETING   
EQ,VIVIDHA,Visagar Polytex Ltd, ,23/12/2020,29/12/2020,21/12/2020, , ,ANNUAL GENERAL MEETING   
EQ,ATNINTER,ATN International Limited, ,09/12/2020,15/12/2020,07/12/2020, , ,ANNUAL GENERAL MEETING   
EQ,WIPRO,Wipro Ltd,11/12/2020, , ,10/12/2020, , ,BUYBACK                  
EQ,WINSOME,Winsome Yarns Limited, ,05/12/2020,11/12/2020,03/12/2020, , ,ANNUAL GENERAL MEETING   
EQ,JAYNECOIND,Jayaswal Neco Industr Ltd, ,18/12/2020,24/12/2020,16/12/2020, , ,ANNUAL GENERAL MEETING   
EQ,THOMASCOTT,Thomas Scott (India) Ltd, ,24/12/2020,30/12/2020,22/12/2020, , ,ANNUAL GENERAL MEETING   
EQ,SANDESH,Sandesh Ltd, ,18/12/2020,30/12/2020,16/12/2020, , ,ANNUAL GENERAL MEETING   
EQ,POWERGRID,Power Grid Corporation of,19/12/2020, , ,17/12/2020, , ,INTERIM DIVIDEND         
EQ,BVCL,Barak Valley Cements Limi, ,24/12/2020,30/12/2020,22/12/2020, , ,ANNUAL GENERAL MEETING   
EQ,REGENCERAM,Regency Ceramics Ltd., ,24/12/2020,30/12/2020,22/12/2020, , ,ANNUAL GENERAL MEETING   
EQ,NAGAFERT,Nagarjun Fert and Che Ltd, ,23/12/2020,30/12/2020,21/12/2020, , ,ANNUAL GENERAL MEETING   
EQ,DREDGECORP,Dredging Corporation of I, ,16/12/2020,22/12/2020,14/12/2020, , ,ANNUAL GENERAL MEETING   
EQ,PNC,Pritish Nandy Comm. Ltd., ,11/12/2020,17/12/2020,09/12/2020, , ,ANNUAL GENERAL MEETING   
EQ,BLUEBLENDS,Blue Blends (I) Ltd, ,26/12/2020,29/12/2020,23/12/2020, , ,ANNUAL GENERAL MEETING   
EQ,JINDCOT,Jindal Cotex Ltd, ,25/12/2020,30/12/2020,23/12/2020, , ,ANNUAL GENERAL MEETING   
EQ,GARFIBRES,Garware TFL,11/12/2020, , ,10/12/2020, , ,BUYBACK                  
EQ,ANANTRAJ,Anant Raj Industries Limi, ,24/12/2020,30/12/2020,22/12/2020, , ,AGM/DIV - RE 0.08 PER SH 
EQ,DYNPRO,Dynemic Products Limited,17/12/2020, , ,16/12/2020, , ,ANNUAL GENERAL MEETING   
EQ,KARMAENG,Karma Energy Limited,15/12/2020, , ,14/12/2020, , ,ANNUAL GENERAL MEETING   
EQ,PROSEED,Proseed India Limited, ,13/12/2020,19/12/2020,10/12/2020, , ,ANNUAL GENERAL MEETING   
EQ,RUSHIL,Rushil Decor Limited, ,12/12/2020,18/12/2020,10/12/2020, , ,AGM/DIV - RS 0.50 PER SH 
EQ,ADVANIHOTR,Advani Hotels & Resorts (, ,12/12/2020,22/12/2020,10/12/2020, , ,ANNUAL GENERAL MEETING   
EQ,EXCEL,Excel Realty N Infra Ltd, ,11/12/2020,17/12/2020,09/12/2020, , ,ANNUAL GENERAL MEETING   
EQ,ONELIFECAP,Onelife Cap Advisors Ltd, ,22/12/2020,29/12/2020,18/12/2020, , ,ANNUAL GENERAL MEETING   
EQ,ITDC,India Tour. Dev. Co. Ltd., ,28/12/2020,30/12/2020,23/12/2020, , ,ANNUAL GENERAL MEETING   
EQ,SYNCOM,Syncom Healthcare Ltd, ,24/12/2020,30/12/2020,22/12/2020, , ,ANNUAL GENERAL MEETING   
EQ,KWALITY,Kwality Limited, ,18/12/2020,24/12/2020,16/12/2020, , ,ANNUAL GENERAL MEETING   
EQ,HCC,Hindustan Construc Co., ,18/12/2020,24/12/2020,16/12/2020, , ,ANNUAL GENERAL MEETING   
EQ,MTEDUCARE,MT Educare Ltd, ,18/12/2020,24/12/2020,16/12/2020, , ,ANNUAL GENERAL MEETING   
EQ,ATLANTA,Atlanta  Limited, ,16/12/2020,23/12/2020,14/12/2020, , ,ANNUAL GENERAL MEETING   
EQ,RADAAN,Radaan Mediaworks (I) Ltd, ,17/12/2020,24/12/2020,15/12/2020, , ,ANNUAL GENERAL MEETING   
EQ,DATAMATICS,Datamatics Global Ser.Ltd, ,20/12/2020,26/12/2020,17/12/2020, , ,ANNUAL GENERAL MEETING   
EQ,PRABHAT,Prabhat Dairy Limited, ,21/12/2020,26/12/2020,17/12/2020, , ,ANNUAL GENERAL MEETING   
EQ,MMTC,MMTC Limited, ,17/12/2020,24/12/2020,15/12/2020, , ,ANNUAL GENERAL MEETING   
EQ,3IINFOTECH,3i Infotech Limited, ,16/12/2020,23/12/2020,14/12/2020, , ,ANNUAL GENERAL MEETING   
EQ,ASIANHOTNR,Asian Hotels (North) Ltd, ,19/12/2020,24/12/2020,17/12/2020, , ,ANNUAL GENERAL MEETING   
EQ,ARIHANT,Arihant Foundations & Hou, ,17/12/2020,23/12/2020,15/12/2020, , ,ANNUAL GENERAL MEETING   
EQ,OMAXE,Omaxe Limited, ,19/12/2020,24/12/2020,17/12/2020, , ,ANNUAL GENERAL MEETING   
EQ,IFCI,IFCI Ltd., ,16/12/2020,22/12/2020,14/12/2020, , ,ANNUAL GENERAL MEETING   
EQ,MASFIN,MAS Financial Serv Ltd, ,03/12/2020,09/12/2020,01/12/2020, , ,ANNUAL GENERAL MEETING   
EQ,MBECL,Mcnally Bharat Engineerin, ,16/12/2020,22/12/2020,14/12/2020, , ,ANNUAL GENERAL MEETING   
EQ,INFIBEAM,Infibeam Avenues Limited,11/12/2020, , ,10/12/2020, , ,DEMERGER                 
EQ,GIPCL,Gujarat Ind Power Ltd, ,05/12/2020,15/12/2020,03/12/2020, , ,DIV - RS 2.90 PER SH     
EQ,JAICORPLTD,Jai Corp Limited, ,22/12/2020,28/12/2020,18/12/2020, , ,DIV - RS 0.50 PER SH     
EQ,GICHSGFIN,Gic Housing Finance Ltd, ,05/12/2020,18/12/2020,03/12/2020, , ,AGM/DIV - RS 2 PER SH    
EQ,KOHINOOR,Kohinoor Foods Limited, ,23/12/2020,29/12/2020,21/12/2020, , ,ANNUAL GENERAL MEETING   
EQ,TOKYOPLAST,Tokyo Plast Intl Ltd, ,23/12/2020,30/12/2020,21/12/2020, , ,ANNUAL GENERAL MEETING   
EQ,BANG,Bang Overseas Limited, ,24/12/2020,30/12/2020,22/12/2020, , ,ANNUAL GENERAL MEETING   
EQ,TNTELE,Tamilnadu Telecomm Ltd, ,11/12/2020,18/12/2020,09/12/2020, , ,ANNUAL GENERAL MEETING   
EQ,CYBERMEDIA,Cyber Media (India) Limit, ,24/12/2020,30/12/2020,22/12/2020, , ,ANNUAL GENERAL MEETING   
EQ,WEIZMANIND,Weizmann Ltd, ,16/12/2020,22/12/2020,14/12/2020, , ,ANNUAL GENERAL MEETING   
EQ,EROSMEDIA,Eros Intl Media Ltd, ,08/12/2020,15/12/2020,04/12/2020, , ,ANNUAL GENERAL MEETING   
EQ,JIKIND,JIK Industries Limited, ,11/12/2020,18/12/2020,09/12/2020, , ,ANNUAL GENERAL MEETING   
EQ,63MOONS,63 moons tech limited, ,03/12/2020,09/12/2020,01/12/2020, , ,AGM/DIV - RS 2 PER SH    
EQ,SPMLINFRA,SPML Infra Limited, ,11/12/2020,17/12/2020,09/12/2020, , ,ANNUAL GENERAL MEETING   
EQ,GFSTEELS,Grand Foundry Ltd, ,17/12/2020,23/12/2020,15/12/2020, , ,ANNUAL GENERAL MEETING   
EQ,PRAKASHSTL,Prakash Steelage Ltd, ,17/12/2020,23/12/2020,15/12/2020, , ,ANNUAL GENERAL MEETING   
EQ,GOODYEAR,Goodyear India Ltd,15/12/2020, , ,14/12/2020, , ,INTERIM DIVIDEND         
EQ,MOHOTAIND,Mohota Industries Ltd., ,17/12/2020,24/12/2020,15/12/2020, , ,ANNUAL GENERAL MEETING   
EQ,SATHAISPAT,Sathavahana Ispat Ltd, ,23/12/2020,29/12/2020,21/12/2020, , ,ANNUAL GENERAL MEETING   
EQ,STCINDIA,The State Trading Corpn, ,10/12/2020,17/12/2020,08/12/2020, , ,ANNUAL GENERAL MEETING   
EQ,GARDENSILK,Garden Silk Mills Ltd., ,16/12/2020,21/12/2020,14/12/2020, , ,ANNUAL GENERAL MEETING   
EQ,BFUTILITIE,BF Utilities Limited, ,30/12/2020,30/12/2020,28/12/2020, , ,ANNUAL GENERAL MEETING   
EQ,BEDMUTHA,Bedmutha Indust Ltd, ,08/12/2020,14/12/2020,04/12/2020, , ,ANNUAL GENERAL MEETING   
EQ,PANACEABIO,Panacea Biotec Ltd., ,17/12/2020,24/12/2020,15/12/2020, , ,ANNUAL GENERAL MEETING   
EQ,DCMFINSERV,DCM Financial Ser Ltd, ,12/12/2020,18/12/2020,10/12/2020, , ,ANNUAL GENERAL MEETING   
EQ,PARASPETRO,Paras Petrofils Limited, ,12/12/2020,17/12/2020,10/12/2020, , ,ANNUAL GENERAL MEETING   
EQ,RKDL,Ravi Kumar Distilleries, ,16/12/2020,23/12/2020,14/12/2020, , ,ANNUAL GENERAL MEETING   
EQ,BINANIIND,Binani Industries Limited, ,22/12/2020,29/12/2020,18/12/2020, , ,ANNUAL GENERAL MEETING   
EQ,SANGHVIFOR,Sanghvi For & Eng Ltd, ,15/12/2020,24/12/2020,11/12/2020, , ,ANNUAL GENERAL MEETING   
EQ,DBREALTY,D B Realty Limited, ,16/12/2020,22/12/2020,14/12/2020, , ,ANNUAL GENERAL MEETING   
EQ,ORCHPHARMA,Orchid Pharma Limited, ,23/12/2020,30/12/2020,21/12/2020, , ,ANNUAL GENERAL MEETING   
EQ,PRAENG,Prajay Engineers Syndicat, ,24/12/2020,30/12/2020,22/12/2020, , ,ANNUAL GENERAL MEETING   
EQ,GATI,GATI Limited, ,22/12/2020,28/12/2020,18/12/2020, , ,ANNUAL GENERAL MEETING   
EQ,KSERASERA,KSS Limited, ,25/12/2020,31/12/2020,23/12/2020, , ,ANNUAL GENERAL MEETING   
EQ,ARCOTECH,Arcotech Limited, ,24/12/2020,30/12/2020,22/12/2020, , ,ANNUAL GENERAL MEETING   
GS,813GS2045,GOI LOAN 8.13% 2045,21/12/2020, , ,18/12/2020, , ,INTEREST PAYMENT         
GS,773GS2034,GOI LOAN 7.73% 2034,18/12/2020, , ,17/12/2020, , ,INTEREST PAYMENT         
GS,923GS2043,GOI LOAN 9.23% 2043,22/12/2020, , ,21/12/2020, , ,INTEREST PAYMENT         
GS,679GS2029,GOI LOAN 6.79% 2029,24/12/2020, , ,23/12/2020, , ,INTEREST PAYMENT         
GS,116GS2020,GOI LOAN 11.60% 2020,24/12/2020, , ,23/12/2020, , ,INTEREST PAYMENT/REDEMPTI
GS,83GS2042,GOI LOAN 8.30% 2042,29/12/2020, , ,28/12/2020, , ,INTEREST PAYMENT         
GS,812GS2020,GOI LOAN 8.12% 2020,09/12/2020, , , , , ,INTEREST PAYMENT/REDEMPTI
GS,815GS2022A,GOI LOAN 8.15% 2022,10/12/2020, , ,09/12/2020, , ,INTEREST PAYMENT         
GS,883GS2041,GOI LOAN 8.83% 2041,11/12/2020, , ,10/12/2020, , ,INTEREST PAYMENT         
GS,617GS2023,GOI LOAN 6.17% 2023,11/12/2020, , ,10/12/2020, , ,INTEREST PAYMENT         
GS,772GS2049,GOI LOAN 7.72% 2049,14/12/2020, , ,11/12/2020, , ,INTEREST PAYMENT         
GS,768GS2023,GOI LOAN 7.68% 2023,14/12/2020, , ,11/12/2020, , ,INTEREST PAYMENT         
GS,522GS2025,GOI LOAN 5.22% 2025,14/12/2020, , ,11/12/2020, , ,INTEREST PAYMENT         
GS,757GS2033,GOI LOAN 7.57% 2033,16/12/2020, , ,15/12/2020, , ,INTEREST PAYMENT         
GS,763GS2059,GOI LOAN 7.63% 2059,16/12/2020, , ,15/12/2020, , ,INTEREST PAYMENT         
GS,769GS2043,GOI LOAN 7.69% 2043,16/12/2020, , ,15/12/2020, , ,INTEREST PAYMENT         
GS,684GS2022,GOI LOAN 6.84% 2022,18/12/2020, , ,17/12/2020, , ,INTEREST PAYMENT         
GS,735GS2024,GOI LOAN 7.35% 2024,21/12/2020, , ,18/12/2020, , ,INTEREST PAYMENT         
M1,SREIBNPNCD,Sec Red NCD 9.12% Sr. VI,23/12/2020, , ,16/12/2020,16/12/2020,22/12/2020,INTEREST PAYMENT         
M4,SREIBNPNCD,Sec Red NCD 8.43% Sr. III,28/12/2020, , ,18/12/2020,18/12/2020,24/12/2020,INTEREST PAYMENT         
M7,SREIBNPNCD,Sec Red NCD 8.65% Sr. VI,28/12/2020, , ,18/12/2020,18/12/2020,24/12/2020,INTEREST PAYMENT         
MA,SREIBNPNCD,Uns Red NCD 9.12% Sr. IX,28/12/2020, , ,18/12/2020,18/12/2020,24/12/2020,INTEREST PAYMENT         
MB,SRTRANSFIN,BOND 9.71% PA SRN S-V,16/12/2020, , ,15/12/2020, , ,INTEREST PAYMENT         
MF,UDQIPIRIII,UTIAMC - UDQIPIRIII,09/12/2020, , , , , ,DIV/STP                  
MF,UFDMIPIGII,UTIAMC - UFDMIPIGII,09/12/2020, , , , , ,STP                      
MF,UFDQIPIRVI,UTIAMC - UFDQIPIRVI,16/12/2020, , , , , ,DIV/STP                  
MF,UFDQIPIGVI,UTIAMC - UFDQIPIGVI,16/12/2020, , , , , ,STP                      
MF,UTIFEFRDP5,UTIAMC - UTIFEFRDP5,14/12/2020, , , , , ,DIV/REDEMPTION           
MF,UTIFEFRGR5,UTIAMC - UTIFEFRGR5,14/12/2020, , , , , ,REDEMPTION               
MF,UTIFEFGR5,UTIAMC - UTIFEFGR5,14/12/2020, , , , , ,REDEMPTION               
MF,UTIFEFDDP5,UTIAMC - UTIFEFDDP5,14/12/2020, , , , , ,DIV/REDEMPTION           
MF,UDQIPIGIII,UTIAMC - UDQIPIGIII,09/12/2020, , , , , ,STP                      
MF,UFDMIPIPII,UTIAMC - UFDMIPIPII,09/12/2020, , , , , ,DIV/STP                  
MF,UFIMIPRPII,UTI-FIIF - MIP - II - RDP,09/12/2020, , , , , ,DIV/STP                  
MF,UFIMIPRRII,UTI-FIIF - MIP - II - RDR,09/12/2020, , , , , ,DIV/STP                  
MF,UFIMIPRGII,UTI-FIIF - MIP - II - RG,09/12/2020, , , , , ,STP                      
MF,UIQIPRGIII,UTI-FIIF QIP - III - RG,09/12/2020, , , , , ,STP                      
MF,UIQIPRRIII,UTI-FIIF QIP - III - RDR,09/12/2020, , , , , ,DIV/STP                  
MF,UIQIPRPIII,UTI-FIIF QIP - III - RDP,09/12/2020, , , , , ,DIV/STP                  
MF,UIQIPIPIII,UTI-FIIF QIP - III - IDP,09/12/2020, , , , , ,DIV/STP                  
MF,UFIQIPRGVI,UTI-FIIF II-QIP- VI-RG,16/12/2020, , , , , ,STP                      
MF,UFIQIPRRVI,UTI-FIIF II-QIP- VI-RDR,16/12/2020, , , , , ,DIV/STP                  
MF,UFIQIPRPVI,UTI-FIIF II-QIP- VI-RDP,16/12/2020, , , , , ,DIV/STP                  
MF,UFDQIPIPVI,UTIAMC - UFDQIPIPVI,16/12/2020, , , , , ,DIV/STP                  
MO,SRTRANSFIN,Sec Red NCD 9.12% Sr. I,17/12/2020, , ,16/12/2020, , ,INTEREST PAYMENT         
MP,SRTRANSFIN,Sec Red NCD 9.30% Sr. II,17/12/2020, , ,16/12/2020, , ,INTEREST PAYMENT         
MV,SRTRANSFIN,Shriram Transport Finance,16/12/2020, , ,15/12/2020, , ,INTEREST PAYMENT         
MW,SRTRANSFIN,Shriram Transport Finance,16/12/2020, , ,15/12/2020, , ,INTEREST PAYMENT         
N1,ERFLNCDI,Sec Red NCD 8.42% Sr. I,17/12/2020, , ,16/12/2020, , ,INTEREST PAYMENT         
N3,RHFL,Sec Red NCD 8.90% Sr. II,19/12/2020, , ,17/12/2020, , ,INTEREST PAYMENT         
N3,ERFLNCDI,Sec Red NCD 8.65% Sr. III,17/12/2020, , ,16/12/2020, , ,INTEREST PAYMENT         
N4,IIFL,Sec Red NCD 9.75 % Sr.III,22/12/2020, , ,21/12/2020, , ,INTEREST PAYMENT         
N4,RHFL,Sec Red NCD 9.05% Sr. II,19/12/2020, , ,17/12/2020, , ,INTEREST PAYMENT         
N5,RHFL,Sec Red NCD 9.00% Sr III,19/12/2020, , ,17/12/2020, , ,INTEREST PAYMENT         
N5,ERFLNCDI,Sec Red NCD 8.88% Sr. V,17/12/2020, , ,16/12/2020, , ,INTEREST PAYMENT         
N6,IIFL,Unsec Red NCD 10.0% Sr. V,22/12/2020, , ,21/12/2020, , ,INTEREST PAYMENT         
N6,RHFL,Sec Red NCD 9.15% Sr III,19/12/2020, , ,17/12/2020, , ,INTEREST PAYMENT         
N7,IBUCCREDIT,SeReNCD8.66%SrIVCIII&IV,10/12/2020, , ,09/12/2020, , ,INTEREST PAYMENT         
N7,RHFL,Uns Red NCD 9.25% Sr. IV,19/12/2020, , ,17/12/2020, , ,INTEREST PAYMENT         
N8,RHFL,Uns Red NCD 9.40% Sr. IV,19/12/2020, , ,17/12/2020, , ,INTEREST PAYMENT         
N9,IIFL,Sec Red NCD 9.50 % Sr. II,16/12/2020, , ,15/12/2020, , ,INTEREST PAYMENT         
NA,IBUCCREDIT,SeReNCD8.75%SrVICI&II,10/12/2020, , ,09/12/2020, , ,INTEREST PAYMENT         
NB,IBUCCREDIT,SeReNCD8.84%SrVICIII&IV,10/12/2020, , ,09/12/2020, , ,INTEREST PAYMENT         
NC,IIFL,Unsec Red NCD 10.00% Sr.V,16/12/2020, , ,15/12/2020, , ,INTEREST PAYMENT         
NG,ECLFINANCE,Sec Red NCD 9.25% Sr. III,17/12/2020, , ,16/12/2020, , ,INTEREST PAYMENT         
NI,SREIBNPNCD,9.11% SRNCD Sr V A,23/12/2020, , ,22/12/2020, , ,INTEREST PAYMENT         
NJ,ECLFINANCE,Sec Red NCD 9.43% Sr. VI,17/12/2020, , ,16/12/2020, , ,INTEREST PAYMENT         
NJ,SREIBNPNCD,9.35% SRNCD Sr V B,23/12/2020, , ,22/12/2020, , ,INTEREST PAYMENT         
NM,ECLFINANCE,ECL Finance Limited,17/12/2020, , ,16/12/2020, , ,INTEREST PAYMENT         
NO,ECLFINANCE,ECL Finance Limited,17/12/2020, , ,16/12/2020, , ,INTEREST PAYMENT         
NP,ECLFINANCE,ECL Finance Limited,17/12/2020, , ,16/12/2020, , ,INTEREST PAYMENT         
NR,ECLFINANCE,ECL Finance Limited,17/12/2020, , ,16/12/2020, , ,INTEREST PAYMENT         
NS,ECLFINANCE,ECL Finance Limited,17/12/2020, , ,16/12/2020, , ,INTEREST PAYMENT         
NX,SREIBNPNCD,Sec Red NCD 9.60% Sr. V,23/12/2020, , ,22/12/2020, , ,INTEREST PAYMENT         
SM,SERVOTECH,Servotech Power Sys Ltd., ,12/12/2020,19/12/2020,10/12/2020, , ,ANNUAL GENERAL MEETING   
SM,SUPREMEENG,Supreme Engineering Ltd, ,18/12/2020,24/12/2020,16/12/2020, , ,ANNUAL GENERAL MEETING   
SM,PANSARI,Pansari Developers Ltd., ,03/12/2020,10/12/2020,01/12/2020, , ,ANNUAL GENERAL MEETING   
SM,JAKHARIA,JAKHARIA FABRIC LIMITED, ,24/12/2020,31/12/2020,22/12/2020, , ,ANNUAL GENERAL MEETING   
SM,BOHRA,Bohra Industries Limited, ,21/12/2020,28/12/2020,17/12/2020, , ,ANNUAL GENERAL MEETING   
SM,SECURCRED,SecUR Credentials Limited, ,17/12/2020,23/12/2020,15/12/2020, , ,ANNUAL GENERAL MEETING   
SM,DEVIT,Dev Info Technology Ltd, ,24/12/2020,30/12/2020,22/12/2020, , ,AGM/DIV - RS 0.50 PER SH 
SM,PULZ,Pulz Electronics Limited, ,23/12/2020,29/12/2020,21/12/2020, , ,ANNUAL GENERAL MEETING   
SM,JALAN,Jalan Transolu. India Ltd, ,23/12/2020,29/12/2020,21/12/2020, , ,ANNUAL GENERAL MEETING   
SM,GOLDSTAR,Goldstar Power Limited, ,09/12/2020,14/12/2020,07/12/2020, , ,ANNUAL GENERAL MEETING   
SM,MARSHALL,Marshall Machines Ltd, ,22/12/2020,28/12/2020,18/12/2020, , ,ANNUAL GENERAL MEETING   
SM,TRANSWIND,Transwind Infra Limited, ,04/12/2020,10/12/2020,02/12/2020, , ,ANNUAL GENERAL MEETING   
SM,TIRUPATI,Shree Tirupati Balajee, ,09/12/2020,16/12/2020,07/12/2020, , ,ANNUAL GENERAL MEETING   
SM,SHUBHLAXMI,Shubhlaxmi Jewel Art Ltd, ,18/12/2020,24/12/2020,16/12/2020, , ,ANNUAL GENERAL MEETING   
SM,ACEINTEG,Ace Integrated Solu. Ltd., ,23/12/2020,29/12/2020,21/12/2020, , ,ANNUAL GENERAL MEETING   
SQ,DEVIT,Dev Info Technology Ltd, ,24/12/2020,30/12/2020,22/12/2020, , ,AGM/DIV - RS 0.50 PER SH 
SQ,BOHRA,Bohra Industries Limited, ,21/12/2020,28/12/2020,17/12/2020, , ,ANNUAL GENERAL MEETING   
SQ,JAKHARIA,JAKHARIA FABRIC LIMITED, ,24/12/2020,31/12/2020,22/12/2020, , ,ANNUAL GENERAL MEETING   
SQ,PULZ,Pulz Electronics Limited, ,23/12/2020,29/12/2020,21/12/2020, , ,ANNUAL GENERAL MEETING   
SQ,MARSHALL,Marshall Machines Ltd, ,22/12/2020,28/12/2020,18/12/2020, , ,ANNUAL GENERAL MEETING   
SQ,SUPREMEENG,Supreme Engineering Ltd, ,18/12/2020,24/12/2020,16/12/2020, , ,ANNUAL GENERAL MEETING   
SQ,SHUBHLAXMI,Shubhlaxmi Jewel Art Ltd, ,18/12/2020,24/12/2020,16/12/2020, , ,ANNUAL GENERAL MEETING   
SQ,ACEINTEG,Ace Integrated Solu. Ltd., ,23/12/2020,29/12/2020,21/12/2020, , ,ANNUAL GENERAL MEETING   
SQ,SERVOTECH,Servotech Power Sys Ltd., ,12/12/2020,19/12/2020,10/12/2020, , ,ANNUAL GENERAL MEETING   
SQ,TIRUPATI,Shree Tirupati Balajee, ,09/12/2020,16/12/2020,07/12/2020, , ,ANNUAL GENERAL MEETING   
SQ,SECURCRED,SecUR Credentials Limited, ,17/12/2020,23/12/2020,15/12/2020, , ,ANNUAL GENERAL MEETING   
SQ,PANSARI,Pansari Developers Ltd., ,03/12/2020,10/12/2020,01/12/2020, , ,ANNUAL GENERAL MEETING   
SQ,TRANSWIND,Transwind Infra Limited, ,04/12/2020,10/12/2020,02/12/2020, , ,ANNUAL GENERAL MEETING   
SQ,JALAN,Jalan Transolu. India Ltd, ,23/12/2020,29/12/2020,21/12/2020, , ,ANNUAL GENERAL MEETING   
SQ,GOLDSTAR,Goldstar Power Limited, ,09/12/2020,14/12/2020,07/12/2020, , ,ANNUAL GENERAL MEETING   
ST,JAKHARIA,JAKHARIA FABRIC LIMITED, ,24/12/2020,31/12/2020,22/12/2020, , ,ANNUAL GENERAL MEETING   
ST,JALAN,Jalan Transolu. India Ltd, ,23/12/2020,29/12/2020,21/12/2020, , ,ANNUAL GENERAL MEETING   
ST,TRANSWIND,Transwind Infra Limited, ,04/12/2020,10/12/2020,02/12/2020, , ,ANNUAL GENERAL MEETING   
ST,SECURCRED,SecUR Credentials Limited, ,17/12/2020,23/12/2020,15/12/2020, , ,ANNUAL GENERAL MEETING   
ST,SERVOTECH,Servotech Power Sys Ltd., ,12/12/2020,19/12/2020,10/12/2020, , ,ANNUAL GENERAL MEETING   
ST,ACEINTEG,Ace Integrated Solu. Ltd., ,23/12/2020,29/12/2020,21/12/2020, , ,ANNUAL GENERAL MEETING   
ST,BOHRA,Bohra Industries Limited, ,21/12/2020,28/12/2020,17/12/2020, , ,ANNUAL GENERAL MEETING   
ST,PULZ,Pulz Electronics Limited, ,23/12/2020,29/12/2020,21/12/2020, , ,ANNUAL GENERAL MEETING   
ST,MARSHALL,Marshall Machines Ltd, ,22/12/2020,28/12/2020,18/12/2020, , ,ANNUAL GENERAL MEETING   
ST,SHUBHLAXMI,Shubhlaxmi Jewel Art Ltd, ,18/12/2020,24/12/2020,16/12/2020, , ,ANNUAL GENERAL MEETING   
ST,GOLDSTAR,Goldstar Power Limited, ,09/12/2020,14/12/2020,07/12/2020, , ,ANNUAL GENERAL MEETING   
ST,PANSARI,Pansari Developers Ltd., ,03/12/2020,10/12/2020,01/12/2020, , ,ANNUAL GENERAL MEETING   
ST,DEVIT,Dev Info Technology Ltd, ,24/12/2020,30/12/2020,22/12/2020, , ,AGM/DIV - RS 0.50 PER SH 
ST,SUPREMEENG,Supreme Engineering Ltd, ,18/12/2020,24/12/2020,16/12/2020, , ,ANNUAL GENERAL MEETING   
ST,TIRUPATI,Shree Tirupati Balajee, ,09/12/2020,16/12/2020,07/12/2020, , ,ANNUAL GENERAL MEETING   
U1,ERFLNCDI,Sec Red NCD 8.42% Sr. I,17/12/2020, , ,16/12/2020, , ,INTEREST PAYMENT         
U3,RHFL,Sec Red NCD 8.90% Sr. II,19/12/2020, , ,17/12/2020, , ,INTEREST PAYMENT         
U3,ERFLNCDI,Sec Red NCD 8.65% Sr. III,17/12/2020, , ,16/12/2020, , ,INTEREST PAYMENT         
U4,IIFL,Sec Red NCD 9.75 % Sr.III,22/12/2020, , ,21/12/2020, , ,INTEREST PAYMENT         
U4,RHFL,Sec Red NCD 9.05% Sr. II,19/12/2020, , ,17/12/2020, , ,INTEREST PAYMENT         
U5,RHFL,Sec Red NCD 9.00% Sr III,19/12/2020, , ,17/12/2020, , ,INTEREST PAYMENT         
U5,ERFLNCDI,Sec Red NCD 8.88% Sr. V,17/12/2020, , ,16/12/2020, , ,INTEREST PAYMENT         
U6,IIFL,Unsec Red NCD 10.0% Sr. V,22/12/2020, , ,21/12/2020, , ,INTEREST PAYMENT         
U6,RHFL,Sec Red NCD 9.15% Sr III,19/12/2020, , ,17/12/2020, , ,INTEREST PAYMENT         
U7,IBUCCREDIT,SeReNCD8.66%SrIVCIII&IV,10/12/2020, , ,09/12/2020, , ,INTEREST PAYMENT         
U7,RHFL,Uns Red NCD 9.25% Sr. IV,19/12/2020, , ,17/12/2020, , ,INTEREST PAYMENT         
U8,RHFL,Uns Red NCD 9.40% Sr. IV,19/12/2020, , ,17/12/2020, , ,INTEREST PAYMENT         
U9,IIFL,Sec Red NCD 9.50 % Sr. II,16/12/2020, , ,15/12/2020, , ,INTEREST PAYMENT         
UA,IBUCCREDIT,SeReNCD8.75%SrVICI&II,10/12/2020, , ,09/12/2020, , ,INTEREST PAYMENT         
UB,IBUCCREDIT,SeReNCD8.84%SrVICIII&IV,10/12/2020, , ,09/12/2020, , ,INTEREST PAYMENT         
UC,IIFL,Unsec Red NCD 10.00% Sr.V,16/12/2020, , ,15/12/2020, , ,INTEREST PAYMENT         
UG,ECLFINANCE,Sec Red NCD 9.25% Sr. III,17/12/2020, , ,16/12/2020, , ,INTEREST PAYMENT         
UI,SREIBNPNCD,9.11% SRNCD Sr V A,23/12/2020, , ,22/12/2020, , ,INTEREST PAYMENT         
UJ,ECLFINANCE,Sec Red NCD 9.43% Sr. VI,17/12/2020, , ,16/12/2020, , ,INTEREST PAYMENT         
UJ,SREIBNPNCD,9.35% SRNCD Sr V B,23/12/2020, , ,22/12/2020, , ,INTEREST PAYMENT         
UM,ECLFINANCE,ECL Finance Limited,17/12/2020, , ,16/12/2020, , ,INTEREST PAYMENT         
UO,ECLFINANCE,ECL Finance Limited,17/12/2020, , ,16/12/2020, , ,INTEREST PAYMENT         
UP,ECLFINANCE,ECL Finance Limited,17/12/2020, , ,16/12/2020, , ,INTEREST PAYMENT         
UR,ECLFINANCE,ECL Finance Limited,17/12/2020, , ,16/12/2020, , ,INTEREST PAYMENT         
US,ECLFINANCE,ECL Finance Limited,17/12/2020, , ,16/12/2020, , ,INTEREST PAYMENT         
UX,SREIBNPNCD,Sec Red NCD 9.60% Sr. V,23/12/2020, , ,22/12/2020, , ,INTEREST PAYMENT         
Y1,SREIBNPNCD,Sec Red NCD 9.12% Sr. VI,23/12/2020, , ,22/12/2020, , ,INTEREST PAYMENT         
Y4,SREIBNPNCD,Sec Red NCD 8.43% Sr. III,28/12/2020, , ,24/12/2020, , ,INTEREST PAYMENT         
Y7,SREIBNPNCD,Sec Red NCD 8.65% Sr. VI,28/12/2020, , ,24/12/2020, , ,INTEREST PAYMENT         
YA,SREIBNPNCD,Uns Red NCD 9.12% Sr. IX,28/12/2020, , ,24/12/2020, , ,INTEREST PAYMENT         
YB,SRTRANSFIN,BOND 9.71% PA SRN S-V,16/12/2020, , ,15/12/2020, , ,INTEREST PAYMENT         
YO,SRTRANSFIN,Sec Red NCD 9.12% Sr. I,17/12/2020, , ,16/12/2020, , ,INTEREST PAYMENT         
YP,SRTRANSFIN,Sec Red NCD 9.30% Sr. II,17/12/2020, , ,16/12/2020, , ,INTEREST PAYMENT         
YV,SRTRANSFIN,Shriram Transport Finance,16/12/2020, , ,15/12/2020, , ,INTEREST PAYMENT         
YW,SRTRANSFIN,Shriram Transport Finance,16/12/2020, , ,15/12/2020, , ,INTEREST PAYMENT         
Z3,SRTRANSFIN,Sec Red NCD 9.12% Sr.I,16/12/2020, , ,15/12/2020, , ,INTEREST PAYMENT         
Z4,SRTRANSFIN,Sec Red NCD 9.22% Sr.II,16/12/2020, , ,15/12/2020, , ,INTEREST PAYMENT         
Z5,SRTRANSFIN,Sec Red NCD 9.31% Sr.III,16/12/2020, , ,15/12/2020, , ,INTEREST PAYMENT         
ZD,SRTRANSFIN,Sec Red NCD 8.52% Sr.I,16/12/2020, , ,15/12/2020, , ,INTEREST PAYMENT         
ZE,SRTRANSFIN,Sec Red NCD 8.66% Sr.II,16/12/2020, , ,15/12/2020, , ,INTEREST PAYMENT         
ZF,SRTRANSFIN,Sec Red NCD 8.75% Sr.III,16/12/2020, , ,15/12/2020, , ,INTEREST PAYMENT         

