GAIN_LOSS,SECURITY,CLOSE_PRIC,PREV_CL_PR,PERCENT_CG
 ,Nifty 50 Sec., , , 
 , , , , 
G,TATA MOTORS LIMITED,       175.95,       169.20,3.99
G,AXIS BANK LIMITED,       610.20,       592.45,3
G,SUN PHARMACEUTICAL IND L,       590.45,       574.60,2.76
G,OIL AND NATURAL GAS CORP.,        93.15,        90.80,2.59
G,RELIANCE INDUSTRIES LTD,      1994.15,      1943.85,2.59
G,INDIAN OIL CORP LTD,        90.25,        88.15,2.38
G,SBI LIFE INSURANCE CO LTD,       873.90,       854.95,2.22
G,HDFC LTD,      2455.15,      2403.05,2.17
G,KOTAK MAHINDRA BANK LTD,      1960.60,      1920.75,2.07
G,BHARTI AIRTEL LIMITED,       517.30,       507.20,1.99
G,ICICI BANK LTD.,       513.55,       503.60,1.98
G,BAJAJ AUTO LIMITED,      3374.75,      3309.65,1.97
G,BAJAJ FINANCE LIMITED,      5184.90,      5088.90,1.89
G,ADANI PORT & SEZ LTD,       478.55,       470.75,1.66
G,DIVI'S LABORATORIES LTD,      3749.60,      3688.60,1.65
G,GAIL (INDIA) LTD,       120.15,       118.25,1.61
G,HDFC BANK LTD,      1397.10,      1375.65,1.56
G,STATE BANK OF INDIA,       266.85,       263.00,1.46
G,NTPC LTD,        99.95,        98.55,1.42
G,HINDUSTAN UNILEVER LTD.,      2402.25,      2370.35,1.35
G,HDFC LIFE INS CO LTD,       657.25,       648.60,1.33
G,HERO MOTOCORP LIMITED,      3073.10,      3040.05,1.09
G,CIPLA LTD,       833.20,       824.65,1.04
G,COAL INDIA LTD,       136.25,       135.05,.89
G,BHARAT PETROLEUM CORP  LT,       377.55,       374.40,.84
G,ITC LTD,       208.60,       207.75,.41
G,TITAN COMPANY LIMITED,      1495.90,      1490.85,.34
G,HINDALCO  INDUSTRIES  LTD,       236.95,       236.20,.32
G,ASIAN PAINTS LIMITED,      2648.25,      2642.55,.22
G,ULTRATECH CEMENT LIMITED,      5044.75,      5033.95,.21
 , , , , 
L,INFOSYS LIMITED,      1236.05,      1253.05,-1.36
L,NESTLE INDIA LIMITED,     18566.35,     18732.70,-0.89
L,WIPRO LTD,       382.20,       385.55,-0.87
L,UPL LIMITED,       449.40,       451.95,-0.56
L,GRASIM INDUSTRIES LTD,       897.15,       902.00,-0.54
L,DR. REDDY'S LABORATORIES,      5201.80,      5224.10,-0.43
L,EICHER MOTORS LTD,      2436.75,      2446.70,-0.41
L,HCL TECHNOLOGIES LTD,       919.35,       922.60,-0.35
L,INDUSIND BANK LIMITED,       852.80,       855.35,-0.3
L,SHREE CEMENT LIMITED,     23826.75,     23894.40,-0.28
L,BAJAJ FINSERV LTD.,      8992.55,      9013.25,-0.23
L,LARSEN & TOUBRO LTD.,      1262.20,      1264.80,-0.21
L,BRITANNIA INDUSTRIES LTD,      3618.25,      3625.35,-0.2
L,JSW STEEL LIMITED,       366.25,       366.85,-0.16
L,TECH MAHINDRA LIMITED,       947.25,       948.15,-0.09
L,MAHINDRA & MAHINDRA LTD,       710.90,       711.50,-0.08
L,MARUTI SUZUKI INDIA LTD.,      7446.05,      7449.95,-0.05
 , , , , 
 ,Nifty Next 50 Sec., , , 
 , , , , 
G,AMBUJA CEMENTS LTD,       246.70,       237.20,4.01
G,CADILA HEALTHCARE LIMITED,       489.50,       475.00,3.05
G,ORACLE FIN SERV SOFT LTD.,      3220.00,      3144.10,2.41
G,ICICI PRU LIFE INS CO LTD,       496.15,       484.75,2.35
G,ACC LIMITED,      1614.65,      1578.85,2.27
G,AUROBINDO PHARMA LTD,       909.00,       889.30,2.22
G,ICICI LOMBARD GIC LIMITED,      1484.05,      1458.20,1.77
G,MOTHERSON SUMI SYSTEMS LT,       154.05,       151.45,1.72
G,HINDUSTAN PETROLEUM CORP,       213.65,       210.30,1.59
G,ALKEM LABORATORIES LTD.,      2916.00,      2871.15,1.56
G,NMDC LTD.,       113.35,       111.65,1.52
G,UNITED SPIRITS LIMITED,       569.35,       561.30,1.43
G,LUPIN LIMITED,       976.20,       963.35,1.33
G,GODREJ CONSUMER PRODUCTS,       721.00,       712.80,1.15
G,DABUR INDIA LTD,       514.55,       510.15,0.86
G,SBI CARDS & PAY SER LTD,       835.20,       829.40,0.7
G,HINDUSTAN ZINC LIMITED,       241.65,       240.00,0.69
G,POWER FIN CORP LTD.,       114.15,       113.55,0.53
G,BANK OF BARODA,        60.85,        60.55,0.5
G,P&G HYGIENE & HEALTH CARE,     11086.95,     11033.25,0.49
G,AVENUE SUPERMARTS LIMITED,      2673.10,      2661.85,0.42
G,BOSCH LIMITED,     12686.30,     12646.50,0.31
G,HAVELLS INDIA LIMITED,       895.90,       893.35,0.29
G,BAJAJ HOLDINGS & INVS LTD,      3073.05,      3068.40,0.15
G,SIEMENS LTD,      1550.75,      1548.60,0.14
G,INDRAPRASTHA GAS LTD,       489.15,       488.65,0.1
G,COLGATE PALMOLIVE LTD.,      1568.85,      1567.35,0.1
G,CONTAINER CORP OF IND LTD,       392.20,       391.85,0.09
G,ADANI TRANSMISSION LTD,       428.10,       427.95,0.04
 , , , , 
L,HDFC AMC LIMITED,      2891.45,      2938.95,-1.62
L,L&T INFOTECH LIMITED,      3625.60,      3674.95,-1.34
L,PIRAMAL ENTERPRISES LTD,      1406.60,      1424.40,-1.25
L,DLF LIMITED,       226.10,       228.85,-1.2
L,PETRONET LNG LIMITED,       246.10,       248.90,-1.12
L,PUNJAB NATIONAL BANK,        31.45,        31.80,-1.1
L,MARICO LIMITED,       401.30,       405.35,-1
L,INFO EDGE (I) LTD,      4623.35,      4665.60,-0.91
L,ADANI GREEN ENERGY LTD,      1036.20,      1044.95,-0.84
L,TATA CONSUMER PRODUCT LTD,       601.00,       605.30,-0.71
L,TORRENT PHARMACEUTICALS L,      2785.35,      2799.65,-0.51
L,UNITED BREWERIES LTD,      1126.40,      1131.35,-0.44
L,BERGER PAINTS (I) LTD,       731.05,       733.90,-0.39
L,BIOCON LIMITED.,       481.95,       483.60,-0.34
L,INTERGLOBE AVIATION LTD,      1643.80,      1649.25,-0.33
L,ABBOTT INDIA LIMITED,     15727.40,     15777.35,-0.32
L,MUTHOOT FINANCE LIMITED,      1187.95,      1191.40,-0.29
L,BANDHAN BANK LIMITED,       398.15,       399.05,-0.23
L,GENERAL INS CORP OF INDIA,       141.05,       141.25,-0.14
L,PIDILITE INDUSTRIES LTD,      1731.85,      1732.55,-0.04
 , , , , 
 ,OTHER SECURITIES, , , 
 , , , , 
G,ASPINWALL & CO LTD,       163.10,       135.95,19.97
G,VAISHALI PHARMA LIMITED,        40.55,        33.80,19.97
G,BODHI TREE MULTIMEDIA LTD,        85.90,        72.25,18.89
G,SEC RED NCD 9.60% SR. V,       700.00,       592.00,18.24
G,USHANTI COLOUR CHEM LTD,        34.50,        29.25,17.95
G,DHANI RS.1.10 PPD UP,       175.20,       151.90,15.34
G,FIRSTSOURCE SOLU. LTD.,        91.90,        79.75,15.24
G,BHANDARI HOSIERY EXP LTD,         1.60,         1.40,14.29
G,INDIA TOUR. DEV. CO. LTD.,       344.30,       303.00,13.63
G,UNS RED NCD 9.12% SR. IX,       838.00,       740.00,13.24
G,CONFIDENCE PETRO IND LTD.,        36.90,        32.65,13.02
G,JOHNSON CONTROLS HITACHI,      2530.25,      2254.30,12.24
G,BOND 8.44% PA TF TII-SIB,      1299.99,      1160.25,12.04
G,WHIRLPOOL OF INDIA LTD,      2528.00,      2262.40,11.74
G,GENUS POWER INFRASTRU LTD,        38.75,        34.95,10.87
G,INDO TECH TRANSFORM LTD.,       121.10,       109.50,10.59
G,THE GROB TEA COMPANY LTD,       652.35,       593.05,10
G,CAPITAL TRUST LIMITED,       100.20,        91.10,9.99
G,LYKA LABS LTD,        23.30,        21.20,9.91
G,PANAMA PETROCHEM LTD,       102.25,        93.15,9.77
G,ARIHANT FOUN & HOU LTD,        22.45,        20.50,9.51
G,ASAHI INDIA GLASS LIMITED,       272.80,       250.60,8.86
G,CREATIVE EYE LIMITED,         3.70,         3.40,8.82
G,SHALBY LIMITED,       113.70,       104.60,8.7
G,HINDUSTAN FOODS LIMITED,      1298.50,      1194.80,8.68
G,ORIENT BELL LIMITED,       185.80,       171.00,8.65
G,UNS RED NCD 8.79% SR.VIII,       890.00,       820.00,8.54
G,TILAKNAGAR INDUSTRIES LTD,        27.10,        25.00,8.4
G,NAHAR CAP & FIN.,        91.75,        84.70,8.32
G,VEDANTA LIMITED,       162.85,       150.45,8.24
 , , , , 
L,SE RE NCD SR.II OPT 4,      1076.00,      1191.11,-9.66
L,TERA SOFTWARE LIMITED,        49.25,        53.20,-7.42
L,SEC RED NCD 9.70% SR. V,      1111.90,      1200.00,-7.34
L,PREMIER EXPLOSIVES LTD,       159.20,       171.80,-7.33
L,ONWARD TECHNOLOGIES LTD,        89.05,        94.60,-5.87
L,20 MICRONS LTD,        37.80,        40.15,-5.85
L,VETO SWITCHGEAR CABLE LTD,        79.55,        83.90,-5.18
L,DISH TV INDIA LTD.,        14.75,        15.55,-5.14
L,LEMON TREE HOTELS LTD,        39.50,        41.60,-5.05
L,AHLADA ENGINEERS LIMITED,        79.80,        84.00,-5
L,PROLIFE INDUSTRIES LTD,        57.95,        61.00,-5
L,SECUR CREDENTIALS LIMITED,        18.10,        19.05,-4.99
L,BANKA BIOLOO LIMITED,        49.10,        51.65,-4.94
L,EMAMI PAPER MILLS LIMITED,       104.15,       109.55,-4.93
L,BIRLA TYRES LIMITED,        30.20,        31.75,-4.88
L,SURANA TELECOM AND POW LT,         4.90,         5.15,-4.85
L,AGRO PHOS INDIA LIMITED,        14.75,        15.50,-4.84
L,AARVEE DEN. & EXP. LTD,        17.85,        18.75,-4.8
L,MAN COAT METAL & IND LTD,         7.00,         7.35,-4.76
L,SEC RED NCD 9.05% SR. II,       181.00,       190.00,-4.74
L,MARSHALL MACHINES LTD,        13.10,        13.75,-4.73
L,VIKAS MULTICORP LIMITED,         6.05,         6.35,-4.72
L,S S INFRA DEVP CONSL LTD,         8.10,         8.50,-4.71
L,ARIHANT SUPERSTRUCT LTD,        31.00,        32.50,-4.62
L,KIRI INDUSTRIES LIMITED,       544.55,       570.75,-4.59
L,SATIN RS.2.50 PPD UP,        33.35,        34.95,-4.58
L,GRAND FOUNDRY LTD,         2.10,         2.20,-4.55
L,BURGER KING INDIA LIMITED,       180.90,       189.45,-4.51
L,PENINSULA LAND LIMITED,         6.35,         6.65,-4.51
L,SURANA SOLAR LIMITED,         8.50,         8.90,-4.49
