GAIN_LOSS,SECURITY,CLOSE_PRIC,PREV_CL_PR,PERCENT_CG
 ,Nifty 50 Sec., , , 
 , , , , 
G,OIL AND NATURAL GAS CORP.,        96.80,        91.65,5.62
G,NTPC LTD,       102.40,        97.15,5.4
G,GAIL (INDIA) LTD,       125.85,       120.05,4.83
G,COAL INDIA LTD,       138.25,       134.85,2.52
G,TATA STEEL LIMITED,       621.70,       610.10,1.9
G,ITC LTD,       216.30,       212.70,1.69
G,ICICI BANK LTD.,       515.45,       506.95,1.68
G,INDIAN OIL CORP LTD,        93.85,        92.45,1.51
G,TITAN COMPANY LIMITED,      1442.40,      1424.20,1.28
G,BAJAJ AUTO LIMITED,      3327.65,      3290.85,1.12
G,STATE BANK OF INDIA,       272.45,       269.55,1.08
G,HINDUSTAN UNILEVER LTD.,      2374.75,      2350.45,1.03
G,BAJAJ FINANCE LIMITED,      4843.85,      4794.80,1.02
G,ULTRATECH CEMENT LIMITED,      5015.00,      4964.30,1.02
G,KOTAK MAHINDRA BANK LTD,      1920.40,      1903.30,.9
G,INDUSIND BANK LIMITED,       923.75,       915.85,.86
G,HDFC LIFE INS CO LTD,       664.50,       659.45,.77
G,TATA MOTORS LIMITED,       178.85,       177.60,.7
G,SUN PHARMACEUTICAL IND L,       568.10,       565.20,.51
G,HINDALCO  INDUSTRIES  LTD,       243.65,       242.70,.39
G,LARSEN & TOUBRO LTD.,      1194.30,      1190.35,.33
G,HDFC LTD,      2295.90,      2289.10,.3
G,NESTLE INDIA LIMITED,     18401.10,     18352.70,.26
G,SHREE CEMENT LIMITED,     23805.00,     23758.10,.2
G,POWER GRID CORP. LTD.,       193.10,       192.75,.18
 , , , , 
L,DIVI'S LABORATORIES LTD,      3642.10,      3732.25,-2.42
L,AXIS BANK LIMITED,       613.25,       627.05,-2.2
L,MAHINDRA & MAHINDRA LTD,       727.55,       736.15,-1.17
L,ADANI PORT & SEZ LTD,       466.30,       471.00,-1
L,CIPLA LTD,       755.85,       762.75,-0.9
L,EICHER MOTORS LTD,      2470.80,      2492.65,-0.88
L,TECH MAHINDRA LIMITED,       919.40,       927.30,-0.85
L,GRASIM INDUSTRIES LTD,       902.25,       909.50,-0.8
L,UPL LIMITED,       435.00,       438.45,-0.79
L,SBI LIFE INSURANCE CO LTD,       849.70,       856.05,-0.74
L,JSW STEEL LIMITED,       359.65,       362.30,-0.73
L,DR. REDDY'S LABORATORIES,      5016.95,      5053.10,-0.72
L,WIPRO LTD,       353.50,       355.90,-0.67
L,HCL TECHNOLOGIES LTD,       862.25,       866.75,-0.52
L,BHARAT PETROLEUM CORP  LT,       397.40,       399.30,-0.48
L,INFOSYS LIMITED,      1163.20,      1167.75,-0.39
L,BAJAJ FINSERV LTD.,      8995.05,      9028.85,-0.37
L,HERO MOTOCORP LIMITED,      3185.30,      3194.30,-0.28
L,HDFC BANK LTD,      1382.80,      1385.85,-0.22
L,ASIAN PAINTS LIMITED,      2520.95,      2526.05,-0.2
L,BRITANNIA INDUSTRIES LTD,      3732.75,      3739.75,-0.19
L,BHARTI AIRTEL LIMITED,       504.40,       505.15,-0.15
L,RELIANCE INDUSTRIES LTD,      2005.80,      2007.00,-0.06
L,MARUTI SUZUKI INDIA LTD.,      7733.55,      7736.00,-0.03
L,TATA CONSULTANCY SERV LT,      2783.60,      2784.30,-0.03
 , , , , 
 ,Nifty Next 50 Sec., , , 
 , , , , 
G,PUNJAB NATIONAL BANK,        40.50,        38.40,5.47
G,ABBOTT INDIA LIMITED,     16087.55,     15568.30,3.34
G,NMDC LTD.,       110.85,       107.80,2.83
G,MARICO LIMITED,       414.95,       404.15,2.67
G,PETRONET LNG LIMITED,       261.60,       254.90,2.63
G,POWER FIN CORP LTD.,       117.35,       114.55,2.44
G,AVENUE SUPERMARTS LIMITED,      2685.10,      2622.05,2.4
G,BANDHAN BANK LIMITED,       423.20,       414.90,2
G,UNITED BREWERIES LTD,      1157.40,      1137.80,1.72
G,P&G HYGIENE & HEALTH CARE,     11333.90,     11197.45,1.22
G,ICICI LOMBARD GIC LIMITED,      1466.55,      1449.75,1.16
G,HINDUSTAN PETROLEUM CORP,       217.35,       215.55,0.84
G,HINDUSTAN ZINC LIMITED,       241.20,       239.70,0.63
G,L&T INFOTECH LIMITED,      3268.65,      3251.40,0.53
G,ADANI GREEN ENERGY LTD,      1041.50,      1036.70,0.46
G,BAJAJ HOLDINGS & INVS LTD,      3062.25,      3048.75,0.44
G,ICICI PRU LIFE INS CO LTD,       498.65,       496.55,0.42
G,DLF LIMITED,       218.80,       217.90,0.41
G,BIOCON LIMITED.,       455.50,       453.95,0.34
G,INDRAPRASTHA GAS LTD,       482.25,       481.70,0.11
G,UNITED SPIRITS LIMITED,       593.40,       593.00,0.07
G,HAVELLS INDIA LIMITED,       827.45,       827.40,0.01
 , , , , 
L,INFO EDGE (I) LTD,      4521.35,      4591.15,-1.52
L,ACC LIMITED,      1608.75,      1632.65,-1.46
L,PIRAMAL ENTERPRISES LTD,      1433.85,      1454.00,-1.39
L,BANK OF BARODA,        65.45,        66.35,-1.36
L,ADANI TRANSMISSION LTD,       425.05,       430.25,-1.21
L,GENERAL INS CORP OF INDIA,       142.25,       143.95,-1.18
L,SBI CARDS & PAY SER LTD,       823.20,       831.75,-1.03
L,AMBUJA CEMENTS LTD,       245.80,       248.30,-1.01
L,MUTHOOT FINANCE LIMITED,      1173.00,      1184.70,-0.99
L,PIDILITE INDUSTRIES LTD,      1638.60,      1651.35,-0.77
L,ALKEM LABORATORIES LTD.,      2896.15,      2918.30,-0.76
L,COLGATE PALMOLIVE LTD.,      1574.30,      1585.35,-0.7
L,CADILA HEALTHCARE LIMITED,       466.65,       469.55,-0.62
L,TATA CONSUMER PRODUCT LTD,       576.40,       579.90,-0.6
L,LUPIN LIMITED,       939.40,       943.10,-0.39
L,INTERGLOBE AVIATION LTD,      1729.90,      1736.35,-0.37
L,CONTAINER CORP OF IND LTD,       400.85,       402.25,-0.35
L,BHARTI INFRATEL LTD.,       244.90,       245.75,-0.35
L,BOSCH LIMITED,     13163.10,     13208.20,-0.34
L,BERGER PAINTS (I) LTD,       677.30,       679.55,-0.33
L,GODREJ CONSUMER PRODUCTS,       726.60,       728.55,-0.27
L,MOTHERSON SUMI SYSTEMS LT,       154.30,       154.65,-0.23
L,TORRENT PHARMACEUTICALS L,      2646.70,      2651.70,-0.19
L,AUROBINDO PHARMA LTD,       897.35,       899.00,-0.18
L,DABUR INDIA LTD,       513.80,       514.40,-0.12
L,SIEMENS LTD,      1535.75,      1537.00,-0.08
L,ORACLE FIN SERV SOFT LTD.,      3131.90,      3133.30,-0.04
L,HDFC AMC LIMITED,      2838.60,      2839.15,-0.02
 , , , , 
 ,OTHER SECURITIES, , , 
 , , , , 
G,JAIPRAKASH POWER VEN. LTD,         3.90,         3.25,20
G,CORAL INDIA FIN & HOUS LT,        26.15,        21.80,19.95
G,LAMBODHARA TEXTILES LTD.,        49.70,        41.45,19.9
G,SIL INVESTMENTS LIMITED,       205.75,       171.70,19.83
G,ANIK INDUSTRIES LTD,        18.50,        15.45,19.74
G,PRAJAY ENG. SYN. LTD.,        10.55,         8.85,19.21
G,AJMERA REALTY & INF I LTD,       139.45,       117.10,19.09
G,KAMDHENU LIMITED,       108.25,        91.10,18.83
G,SEC RED NCD 9.05% SR. 3A,       320.00,       270.00,18.52
G,CENTURY EXTRUSIONS LTD,         6.45,         5.45,18.35
G,B.A.G FILMS AND MEDIA LTD,         3.90,         3.30,18.18
G,CYBERTECH SYSTEMS & SOFTW,        95.55,        81.10,17.82
G,TVS ELECTRONICS LTD,       147.30,       125.45,17.42
G,GKW LIMITED,       709.00,       605.60,17.07
G,TVS SRICHAKRA LIMITED,      2068.85,      1779.25,16.28
G,ALPS INDUSTRIES LTD,         1.10,          .95,15.79
G,SHALIM PAINTS LTD,        83.40,        72.60,14.88
G,RAVI KUMAR DIST. LTD.,         8.15,         7.10,14.79
G,ELGI RUBBER CO. LTD,        23.90,        20.90,14.35
G,HINDUJA GLOBAL SOLS. LTD.,      1123.50,       982.70,14.33
G,HINDUSTAN CONSTRUCTION CO,         8.20,         7.20,13.89
G,THE ANUP ENGINEERING LTD,       792.20,       698.25,13.46
G,WATERBASE LIMITED,       124.10,       109.60,13.23
G,S. P. APPARELS LIMITED,       170.50,       150.85,13.03
G,PROSEED INDIA LIMITED,          .45,          .40,12.5
G,SUTLEJ TEXT & INDUS LTD,        37.90,        33.70,12.46
G,DISH TV INDIA LTD.,        13.65,        12.15,12.35
G,BHARAT GEARS LTD.,        84.25,        75.00,12.33
G,ARVIND SMARTSPACES LTD,       105.60,        94.15,12.16
G,PANAMA PETROCHEM LTD,        98.35,        88.15,11.57
 , , , , 
L,BOND 8.40% PA TF TI-SIIA,      1320.00,      1549.99,-14.84
L,SEC RED NCD 9.50% SR. VII,       680.01,       789.70,-13.89
L,SEC RED NCD 9.15% SR III,       171.01,       190.00,-9.99
L,LLOYDS STEELS IND. LTD.,         1.00,         1.10,-9.09
L,SHRENIK LIMITED,         5.10,         5.60,-8.93
L,SOMI CONVEYOR BELT. LTD.,        24.65,        26.90,-8.36
L,HDFCAMC - HHOF1140RD,         8.19,         8.88,-7.77
L,SUMIT WOODS LIMITED,        12.10,        13.05,-7.28
L,MAGMA FINCORP LIMITED,        41.50,        44.50,-6.74
L,ESSAR SHIPPING LTD,         9.70,        10.35,-6.28
L,VIJI FINANCE LIMITED,          .75,          .80,-6.25
L,ZODIAC JRD-MKJ LTD,        27.20,        29.00,-6.21
L,HARRISON MALAYALAM LTD,       118.45,       126.05,-6.03
L,SEC RED NCD 8.10% SR.IV,      1080.00,      1149.00,-6.01
L,RAMKY INFRA LTD,        41.25,        43.85,-5.93
L,KREBS BIOCHEMICALS & IND,       106.25,       112.60,-5.64
L,SE RE NCD SR.IICIII&IV,      1085.26,      1150.00,-5.63
L,GAMMON INFRA PROJ LTD.,          .85,          .90,-5.56
L,BODHI TREE MULTIMEDIA LTD,        85.00,        89.95,-5.5
L,ADHUNIK INDUSTRIES LTD,        28.45,        30.10,-5.48
L,EMAMI PAPER MILLS LIMITED,        80.85,        85.35,-5.27
L,CHROMATIC INDIA LTD,          .90,          .95,-5.26
L,DATAMATICS GLOBAL SER LTD,        93.60,        98.80,-5.26
L,8.72% UNSECURED NCD,      1080.00,      1139.51,-5.22
L,AUTOLITE (INDIA) LIMITED,        23.05,        24.30,-5.14
L,RAJSHREE SUGAR & CHEMICAL,        15.90,        16.75,-5.07
L,SEC RED NCD 9.00% SR. IV,       997.00,      1050.00,-5.05
L,ARIHANT FOUN & HOU LTD,        18.95,        19.95,-5.01
L,AHLADA ENGINEERS LIMITED,        82.65,        87.00,-5
L,MANGALAM TIMBER PRODUCTS,         9.50,        10.00,-5
