GAIN_LOSS,SECURITY,CLOSE_PRIC,PREV_CL_PR,PERCENT_CG
 ,Nifty 50 Sec., , , 
 , , , , 
 , , , , 
L,OIL AND NATURAL GAS CORP.,        89.85,        99.00,-9.24
L,TATA MOTORS LIMITED,       164.55,       180.55,-8.86
L,GAIL (INDIA) LTD,       114.70,       125.05,-8.28
L,INDIAN OIL CORP LTD,        87.10,        93.95,-7.29
L,HINDALCO  INDUSTRIES  LTD,       232.30,       249.90,-7.04
L,INDUSIND BANK LIMITED,       842.70,       905.20,-6.9
L,BHARAT PETROLEUM CORP  LT,       367.35,       393.85,-6.73
L,MAHINDRA & MAHINDRA LTD,       685.95,       733.60,-6.5
L,COAL INDIA LTD,       132.95,       141.70,-6.18
L,STATE BANK OF INDIA,       254.70,       271.45,-6.17
L,NTPC LTD,        97.50,       103.75,-6.02
L,TATA STEEL LIMITED,       595.85,       631.25,-5.61
L,ITC LTD,       202.95,       214.50,-5.38
L,DIVI'S LABORATORIES LTD,      3634.15,      3832.90,-5.19
L,UPL LIMITED,       437.30,       460.30,-5
L,HERO MOTOCORP LIMITED,      2994.10,      3135.30,-4.5
L,AXIS BANK LIMITED,       582.50,       609.50,-4.43
L,ICICI BANK LTD.,       494.50,       517.15,-4.38
L,POWER GRID CORP. LTD.,       185.50,       193.90,-4.33
L,ADANI PORT & SEZ LTD,       444.25,       463.30,-4.11
L,BAJAJ FINANCE LIMITED,      5041.85,      5252.50,-4.01
L,BAJAJ FINSERV LTD.,      8846.75,      9215.60,-4
L,SUN PHARMACEUTICAL IND L,       552.55,       575.00,-3.9
L,BHARTI AIRTEL LIMITED,       490.90,       510.65,-3.87
L,HDFC LIFE INS CO LTD,       629.20,       654.10,-3.81
L,LARSEN & TOUBRO LTD.,      1234.85,      1281.55,-3.64
L,GRASIM INDUSTRIES LTD,       877.35,       909.65,-3.55
L,SHREE CEMENT LIMITED,     23717.50,     24574.40,-3.49
L,EICHER MOTORS LTD,      2396.40,      2480.95,-3.41
L,BAJAJ AUTO LIMITED,      3238.25,      3347.55,-3.27
 , , , , 
 ,Nifty Next 50 Sec., , , 
 , , , , 
G,AVENUE SUPERMARTS LIMITED,      2682.40,      2637.05,1.72
G,L&T INFOTECH LIMITED,      3395.45,      3356.40,1.16
G,ADANI GREEN ENERGY LTD,      1020.30,      1016.15,0.41
 , , , , 
L,INTERGLOBE AVIATION LTD,      1507.00,      1651.05,-8.72
L,BANDHAN BANK LIMITED,       374.30,       408.20,-8.3
L,DLF LIMITED,       214.80,       231.40,-7.17
L,PIRAMAL ENTERPRISES LTD,      1345.40,      1445.15,-6.9
L,ADANI TRANSMISSION LTD,       395.75,       424.85,-6.85
L,BANK OF BARODA,        58.80,        63.10,-6.81
L,HINDUSTAN PETROLEUM CORP,       209.35,       224.40,-6.71
L,PUNJAB NATIONAL BANK,        34.10,        36.55,-6.7
L,CONTAINER CORP OF IND LTD,       379.40,       405.25,-6.38
L,MOTHERSON SUMI SYSTEMS LT,       147.25,       157.25,-6.36
L,AMBUJA CEMENTS LTD,       235.40,       251.05,-6.23
L,POWER FIN CORP LTD.,       110.20,       117.50,-6.21
L,GENERAL INS CORP OF INDIA,       133.80,       142.65,-6.2
L,NMDC LTD.,       109.05,       115.70,-5.75
L,BOSCH LIMITED,     12448.65,     13203.15,-5.71
L,UNITED SPIRITS LIMITED,       556.10,       588.45,-5.5
L,PETRONET LNG LIMITED,       243.80,       257.70,-5.39
L,CADILA HEALTHCARE LIMITED,       452.80,       476.60,-4.99
L,ACC LIMITED,      1570.35,      1648.30,-4.73
L,BIOCON LIMITED.,       450.00,       471.95,-4.65
L,AUROBINDO PHARMA LTD,       845.75,       886.00,-4.54
L,UNITED BREWERIES LTD,      1089.90,      1137.55,-4.19
L,LUPIN LIMITED,       931.70,       972.10,-4.16
L,SIEMENS LTD,      1476.55,      1539.00,-4.06
L,HAVELLS INDIA LIMITED,       882.10,       919.35,-4.05
L,TORRENT PHARMACEUTICALS L,      2668.05,      2779.10,-4
L,COLGATE PALMOLIVE LTD.,      1541.55,      1600.20,-3.67
L,INFO EDGE (I) LTD,      4479.85,      4644.25,-3.54
L,MUTHOOT FINANCE LIMITED,      1169.85,      1210.85,-3.39
L,SBI CARDS & PAY SER LTD,       813.70,       840.35,-3.17
 , , , , 
 ,OTHER SECURITIES, , , 
 , , , , 
G,SEC RED NCD 9.05% SR. II,       218.00,       185.20,17.71
G,TERA SOFTWARE LIMITED,        40.35,        34.30,17.64
G,GENUS P&B LIMITED,         8.40,         7.35,14.29
G,RKEC PROJECTS LIMITED,        47.80,        41.95,13.95
G,SERENCD9.00%SRVCIII&IV,       898.75,       800.25,12.31
G,MAHANAGAR TELEPHONE NIGAM,        14.45,        12.95,11.58
G,GANGA FORGING LIMITED,        22.75,        20.70,9.9
G,SUNDARMAMC - M17RG,         6.15,         5.60,9.82
G,BRIGHTCOM GROUP LIMITED,         5.80,         5.30,9.43
G,KHANDWALA SECURITIES LTD,        16.70,        15.30,9.15
G,CYBERTECH SYSTEMS & SOFTW,       140.00,       128.80,8.7
G,SONA HI SONA JEWELL G LTD,        10.20,         9.40,8.51
G,SE RE NCD SR.II OPT 4,      1191.11,      1099.90,8.29
G,INTENSE TECHNOLOGIES LTD,        43.65,        40.55,7.64
G,TASTY BITE EATABLES LTD,     12192.85,     11346.00,7.46
G,EDELWEISS ETF-NIFTY BANK,      3417.95,      3200.00,6.81
G,TIPS INDUSTRIES LIMITED,       279.50,       262.10,6.64
G,SAKUMA EXPORTS LIMITED,         6.30,         5.95,5.88
G,COMPUTER AGE MNGT SER LTD,      1687.85,      1601.10,5.42
G,IMPEX FERRO TECH LIMITED,         1.00,          .95,5.26
G,SEC RED NCD 9.00% SR. VII,       610.00,       580.86,5.02
G,GOI LOAN 7.19% 2060,       114.87,       109.40,5
G,ALPS INDUSTRIES LTD,         2.10,         2.00,5
G,MOHINI HEALTH&HYGIENE LTD,        17.95,        17.10,4.97
G,MARSHALL MACHINES LTD,        14.80,        14.10,4.96
G,INDO RAMA SYNTHETICS LTD,        38.15,        36.35,4.95
G,WONDER FIBROMATS LIMITED,        50.05,        47.70,4.93
G,VADIVARHE SPCLTY CHEM LTD,        12.85,        12.25,4.9
G,KIRI INDUSTRIES LIMITED,       556.20,       530.30,4.88
G,RAJ OIL MILLS LIMITED,        34.45,        32.85,4.87
 , , , , 
L,LAXMI COTSPIN LIMITED,         8.20,        10.25,-20
L,UNS RED NCD 9.30% SR. II,       521.15,       650.00,-19.82
L,SEC RED NCD SR. VIII,       795.00,       985.00,-19.29
L,PREMIER POLYFILM LTD,        35.65,        41.60,-14.3
L,CHENNAI PETROLEUM CORP LT,        93.70,       109.05,-14.08
L,PRESSMAN ADVERTISING LTD,        20.95,        24.25,-13.61
L,KAMDHENU LIMITED,        92.55,       106.80,-13.34
L,ONWARD TECHNOLOGIES LTD,        75.60,        87.15,-13.25
L,UNSERENCD8.85%SRIVCIII&IV,      1125.00,      1290.00,-12.79
L,CHEMBOND CHEMICALS LTD,       161.80,       185.40,-12.73
L,SHALIM PAINTS LTD,        76.65,        87.65,-12.55
L,TARMAT LIMITED,        52.45,        59.90,-12.44
L,PATEL ENGINEERING LTD.,        13.35,        15.20,-12.17
L,SKM EGG PROD EXPORT(I) LT,        51.65,        58.70,-12.01
L,SHREYANS INDUSTRIES LTD,        85.35,        96.95,-11.96
L,SIGMA SOLVE LIMITED,        46.00,        52.20,-11.88
L,MM FORGINGS LTD,       378.45,       429.45,-11.88
L,SPECIALITY REST LTD,        42.70,        48.45,-11.87
L,RANE HOLDINGS LIMITED,       573.20,       650.35,-11.86
L,RAMKY INFRA LTD,        43.50,        49.35,-11.85
L,IFGL REFRACTORIES LIMITED,       189.20,       214.20,-11.67
L,GPT INFRAPROJECTS LTD,        33.30,        37.70,-11.67
L,NRB BEARING LIMITED,        88.55,       100.25,-11.67
L,IFB AGRO INDUSTRIES LTD,       485.75,       549.70,-11.63
L,FINEOTEX CHEMICAL LIMITED,        44.05,        49.65,-11.28
L,MURUDESHWAR CERAMICS LTD,        19.35,        21.80,-11.24
L,ITD CEMENTATION INDIA LTD,        56.95,        64.15,-11.22
L,KPR MILL LTD.,       821.80,       924.15,-11.08
L,KIRLOSKAR FERROUS IND LTD,       125.85,       141.50,-11.06
L,SADBHAV INFRA PROJ LTD.,        18.75,        21.05,-10.93
