SERIES,SYMBOL,SECURITY,RECORD_DT,BC_STRT_DT,BC_END_DT,EX_DT,ND_STRT_DT,ND_END_DT,PURPOSE
BE,UJAAS,Ujaas Energy Limited, ,24/12/2020,30/12/2020,22/12/2020, , ,ANNUAL GENERAL MEETING   
BE,NDL,Nandan Denim Limited, ,26/12/2020,31/12/2020,23/12/2020, , ,ANNUAL GENERAL MEETING   
BE,LYPSAGEMS,Lypsa Gems & Jewel Ltd, ,23/12/2020,30/12/2020,21/12/2020, , ,ANNUAL GENERAL MEETING   
BE,SKIL,SKIL Infrastr. Ltd., ,24/12/2020,30/12/2020,22/12/2020, , ,ANNUAL GENERAL MEETING   
BE,ARCOTECH,Arcotech Limited, ,24/12/2020,30/12/2020,22/12/2020, , ,ANNUAL GENERAL MEETING   
BE,CCHHL,Country Club Hosp Hol Ltd, ,25/12/2020,31/12/2020,23/12/2020, , ,ANNUAL GENERAL MEETING   
BE,MANPASAND,Manpasand Beverages Ltd., ,28/12/2020,31/12/2020,23/12/2020, , ,ANNUAL GENERAL MEETING   
BE,MFSL,Max Fin Serv Ltd, ,24/12/2020,30/12/2020,22/12/2020, , ,ANNUAL GENERAL MEETING   
BE,KRIDHANINF,Kridhan Infra Limited, ,23/12/2020,29/12/2020,21/12/2020, , ,ANNUAL GENERAL MEETING   
BE,PILANIINVS,Pilani Inv & Ind Cor Ltd,02/01/2021, , ,31/12/2020, , ,BONUS 2:5                
BE,ORTINLABSS,Ortin Laboratories Ltd, ,23/12/2020,29/12/2020,21/12/2020, , ,ANNUAL GENERAL MEETING   
BE,STAMPEDE,Stampede Capital Ltd, ,22/12/2020,29/12/2020,18/12/2020, , ,ANNUAL GENERAL MEETING   
BE,NAGAFERT,Nagarjun Fert and Che Ltd, ,23/12/2020,30/12/2020,21/12/2020, , ,ANNUAL GENERAL MEETING   
BE,MAXVIL,Max Ventures and Inds Ltd, ,24/12/2020,30/12/2020,22/12/2020, , ,ANNUAL GENERAL MEETING   
BE,ITDC,India Tour. Dev. Co. Ltd., ,28/12/2020,30/12/2020,23/12/2020, , ,ANNUAL GENERAL MEETING   
BE,SCAPDVR,Stampede Capital Limited, ,22/12/2020,29/12/2020,18/12/2020, , ,ANNUAL GENERAL MEETING   
BE,HAVISHA,Sri Havisha Hosp infr Ltd, ,24/12/2020,30/12/2020,22/12/2020, , ,ANNUAL GENERAL MEETING   
BE,HEMIPROP,Hemisphere Prop Ind Ltd, ,23/12/2020,29/12/2020,21/12/2020, , ,ANNUAL GENERAL MEETING   
BE,ORCHPHARMA,Orchid Pharma Limited, ,23/12/2020,30/12/2020,21/12/2020, , ,ANNUAL GENERAL MEETING   
BE,DPWIRES,D P Wires Limited, ,23/12/2020,31/12/2020,21/12/2020, , ,ANNUAL GENERAL MEETING   
BE,MTNL,MAHANAGAR TELEPHONE NIGAM, ,25/12/2020,31/12/2020,23/12/2020, , ,ANNUAL GENERAL MEETING   
BE,JBFIND,JBF INDUSTRIES LTD, ,23/12/2020,30/12/2020,21/12/2020, , ,ANNUAL GENERAL MEETING   
BE,GMDCLTD,Gujarat Min. Dev. Corpn , ,24/12/2020,31/12/2020,22/12/2020, , ,AGM/DIV - RS 2 PER SH    
BE,IVRCLINFRA,IVRCL Limited, ,29/12/2020,31/12/2020,24/12/2020, , ,ANNUAL GENERAL MEETING   
BE,SICAL,Sical Logistics Limited, ,23/12/2020,29/12/2020,21/12/2020, , ,ANNUAL GENERAL MEETING   
BE,DCW,DCW Ltd, ,23/12/2020,29/12/2020,21/12/2020, , ,ANNUAL GENERAL MEETING   
BE,HCLTECH,HCL Technologies Ltd.,23/01/2021, , ,21/01/2021, , ,INTERIM DIVIDEND         
BE,ENGINERSIN,Engineers India-Depo,01/01/2021, , ,31/12/2020, , ,BUYBACK                  
BE,VISESHINFO,Visesh Infotecnics Limite, ,24/12/2020,30/12/2020,22/12/2020, , ,ANNUAL GENERAL MEETING   
BE,MADRASFERT,Madras Fertilizers Ltd, ,23/12/2020,29/12/2020,21/12/2020, , ,ANNUAL GENERAL MEETING   
BE,ASHAPURMIN,Ashapura Minechem Ltd, ,24/12/2020,30/12/2020,22/12/2020, , ,ANNUAL GENERAL MEETING   
BE,DSKULKARNI,DS Kulkarni Dev. Ltd., ,24/12/2020,31/12/2020,22/12/2020, , ,ANNUAL GENERAL MEETING   
BE,AUTORIDFIN,Autoriders Finance Ltd, ,24/12/2020,31/12/2020,22/12/2020, , ,ANNUAL GENERAL MEETING   
BE,GAMMONIND,Gammon India Ltd., ,22/12/2020,29/12/2020,18/12/2020, , ,ANNUAL GENERAL MEETING   
BE,MANGTIMBER,Mangalam Timber Pro Ltd, ,24/12/2020,30/12/2020,22/12/2020, , ,ANNUAL GENERAL MEETING   
BE,TOKYOPLAST,Tokyo Plast Intl Ltd, ,23/12/2020,30/12/2020,21/12/2020, , ,ANNUAL GENERAL MEETING   
BE,RAJESHEXPO,Rajesh Exports Ltd-Depo, ,25/12/2020,31/12/2020,23/12/2020, , ,DIV - RE 1 PER SH        
BE,MELSTAR,Melstar Info Tec Ltd, ,24/12/2020,31/12/2020,22/12/2020, , ,ANNUAL GENERAL MEETING   
BE,REGENCERAM,Regency Ceramics Ltd., ,24/12/2020,30/12/2020,22/12/2020, , ,ANNUAL GENERAL MEETING   
BE,SANDESH,Sandesh Ltd, ,18/12/2020,30/12/2020,16/12/2020, , ,ANNUAL GENERAL MEETING   
BE,PEARLPOLY,Pearl Polymers Ltd, ,24/12/2020,30/12/2020,22/12/2020, , ,ANNUAL GENERAL MEETING   
BE,JISLJALEQS,Equity shares of Rs.10/-, ,21/12/2020,30/12/2020,17/12/2020, , ,ANNUAL GENERAL MEETING   
BE,BLUEBLENDS,Blue Blends (I) Ltd, ,26/12/2020,29/12/2020,23/12/2020, , ,ANNUAL GENERAL MEETING   
BE,ATCOM,ATCOMTECH- Depo, ,23/12/2020,30/12/2020,21/12/2020, , ,ANNUAL GENERAL MEETING   
BE,GUJRAFFIA,Gujarat Raffia-Roll Sett, ,29/12/2020,04/01/2021,24/12/2020, , ,EXTRA GENERAL MEETING    
BE,PSL,PSL Limited, ,25/12/2020,30/12/2020,23/12/2020, , ,ANNUAL GENERAL MEETING   
BE,OPTOCIRCUI,Opto Circuits (I) Ltd., ,29/12/2020,31/12/2020,24/12/2020, , ,ANNUAL GENERAL MEETING   
BE,VIVIMEDLAB,Vivimed Labs Limited, ,25/12/2020,30/12/2020,23/12/2020, , ,ANNUAL GENERAL MEETING   
BE,SIMPLEXINF,Simplex Infrastructures L, ,22/12/2020,30/12/2020,18/12/2020, , ,ANNUAL GENERAL MEETING   
BE,KOHINOOR,Kohinoor Foods Limited, ,23/12/2020,29/12/2020,21/12/2020, , ,ANNUAL GENERAL MEETING   
BE,BARTRONICS,Bartronics India Limited, ,28/12/2020,29/12/2020,23/12/2020, , ,ANNUAL GENERAL MEETING   
BE,GDL,Gateway Distriparks Ltd.,06/01/2021, , ,05/01/2021, , ,INTERIM DIVIDEND         
BE,CYBERMEDIA,Cyber Media (India) Ltd., ,24/12/2020,30/12/2020,22/12/2020, , ,ANNUAL GENERAL MEETING   
BE,PREMIER,Premier Limited, ,23/12/2020,30/12/2020,21/12/2020, , ,ANNUAL GENERAL MEETING   
BE,PAEL,PAE Limited, ,23/12/2020,30/12/2020,21/12/2020, , ,ANNUAL GENERAL MEETING   
BE,KAVVERITEL,Kavveri Telecom Products, ,24/12/2020,31/12/2020,22/12/2020, , ,ANNUAL GENERAL MEETING   
BE,SATHAISPAT,Sathavahana Ispat Ltd, ,23/12/2020,29/12/2020,21/12/2020, , ,ANNUAL GENERAL MEETING   
BE,VISUINTL,Visu International Limite, ,25/12/2020,31/12/2020,23/12/2020, , ,ANNUAL GENERAL MEETING   
BE,PRAENG,Prajay Engineers Syndicat, ,24/12/2020,30/12/2020,22/12/2020, , ,ANNUAL GENERAL MEETING   
BE,BFUTILITIE,BF Utilities Limited, ,30/12/2020,30/12/2020,28/12/2020, , ,ANNUAL GENERAL MEETING   
BE,WEBELSOLAR,Websol Energy System Ltd, ,25/12/2020,31/12/2020,23/12/2020, , ,ANNUAL GENERAL MEETING   
BE,ANANTRAJ,Anant Raj Industries Limi, ,24/12/2020,30/12/2020,22/12/2020, , ,AGM/DIV - RE 0.08 PER SH 
BE,BINANIIND,Binani Industries Limited, ,22/12/2020,29/12/2020,18/12/2020, , ,ANNUAL GENERAL MEETING   
BE,MIC,MIC Electronics Limited, ,25/12/2020,31/12/2020,23/12/2020, , ,ANNUAL GENERAL MEETING   
BE,BVCL,Barak Valley Cements Limi, ,24/12/2020,30/12/2020,22/12/2020, , ,ANNUAL GENERAL MEETING   
BE,GLOBALVECT,Global Vectra Helicorp Li, ,28/12/2020,29/12/2020,23/12/2020, , ,ANNUAL GENERAL MEETING   
BE,REFEX,Refex Industries Limited, ,25/12/2020,29/12/2020,23/12/2020, , ,ANNUAL GENERAL MEETING   
BE,BANG,Bang Overseas Limited, ,24/12/2020,30/12/2020,22/12/2020, , ,ANNUAL GENERAL MEETING   
BE,GOLDENTOBC,Golden Tobacco Limited, ,24/12/2020,30/12/2020,22/12/2020, , ,ANNUAL GENERAL MEETING   
BE,JINDCOT,Jindal Cotex Ltd, ,25/12/2020,30/12/2020,23/12/2020, , ,ANNUAL GENERAL MEETING   
BE,TWL,Titagarh Wagons Limited, ,24/12/2020,30/12/2020,22/12/2020, , ,ANNUAL GENERAL MEETING   
BE,BGLOBAL,Bharatiya Global Info Ltd, ,24/12/2020,30/12/2020,22/12/2020, , ,ANNUAL GENERAL MEETING   
BE,SYNCOM,Syncom Healthcare Ltd, ,24/12/2020,30/12/2020,22/12/2020, , ,ANNUAL GENERAL MEETING   
BE,ZEELEARN,Zee Learn Limited, ,24/12/2020,30/12/2020,22/12/2020, , ,ANNUAL GENERAL MEETING   
BE,IL&FSTRANS,IL&FS Trans Net Ltd, ,25/12/2020,31/12/2020,23/12/2020, , ,ANNUAL GENERAL MEETING   
BE,TI,Tilaknagar Industries Ltd, ,23/12/2020,29/12/2020,21/12/2020, , ,ANNUAL GENERAL MEETING   
BE,KSERASERA,KSS Limited, ,25/12/2020,31/12/2020,23/12/2020, , ,ANNUAL GENERAL MEETING   
BE,SEZAL,Sezal Glass Limited, ,26/12/2020,29/12/2020,23/12/2020, , ,ANNUAL GENERAL MEETING   
BE,JISLDVREQS,Jain DVR Equity Shares, ,21/12/2020,30/12/2020,17/12/2020, , ,ANNUAL GENERAL MEETING   
BE,ONELIFECAP,Onelife Cap Advisors Ltd, ,22/12/2020,29/12/2020,18/12/2020, , ,ANNUAL GENERAL MEETING   
BE,THOMASCOTT,Thomas Scott (India) Ltd, ,24/12/2020,30/12/2020,22/12/2020, , ,ANNUAL GENERAL MEETING   
BE,SHIRPUR-G,AgeeGoldRefn-Roll Sett, ,24/12/2020,31/12/2020,22/12/2020, , ,ANNUAL GENERAL MEETING   
BE,VIVIDHA,Visagar Polytex Ltd, ,23/12/2020,29/12/2020,21/12/2020, , ,ANNUAL GENERAL MEETING   
BZ,VISUINTL,Visu International Limite, ,25/12/2020,31/12/2020,23/12/2020, , ,ANNUAL GENERAL MEETING   
BZ,ORCHPHARMA,Orchid Pharma Limited, ,23/12/2020,30/12/2020,21/12/2020, , ,ANNUAL GENERAL MEETING   
BZ,GAMMONIND,Gammon India Ltd., ,22/12/2020,29/12/2020,18/12/2020, , ,ANNUAL GENERAL MEETING   
BZ,JINDCOT,Jindal Cotex Ltd, ,25/12/2020,30/12/2020,23/12/2020, , ,ANNUAL GENERAL MEETING   
BZ,DSKULKARNI,DS Kulkarni Dev. Ltd., ,24/12/2020,31/12/2020,22/12/2020, , ,ANNUAL GENERAL MEETING   
BZ,NAGAFERT,Nagarjun Fert and Che Ltd, ,23/12/2020,30/12/2020,21/12/2020, , ,ANNUAL GENERAL MEETING   
BZ,BINANIIND,Binani Industries Limited, ,22/12/2020,29/12/2020,18/12/2020, , ,ANNUAL GENERAL MEETING   
BZ,SATHAISPAT,Sathavahana Ispat Ltd, ,23/12/2020,29/12/2020,21/12/2020, , ,ANNUAL GENERAL MEETING   
BZ,KSERASERA,KSS Limited, ,25/12/2020,31/12/2020,23/12/2020, , ,ANNUAL GENERAL MEETING   
BZ,SYNCOM,Syncom Healthcare Ltd, ,24/12/2020,30/12/2020,22/12/2020, , ,ANNUAL GENERAL MEETING   
BZ,IL&FSTRANS,IL&FS Trans Net Ltd, ,25/12/2020,31/12/2020,23/12/2020, , ,ANNUAL GENERAL MEETING   
BZ,BLUEBLENDS,Blue Blends (I) Ltd, ,26/12/2020,29/12/2020,23/12/2020, , ,ANNUAL GENERAL MEETING   
BZ,KOHINOOR,Kohinoor Foods Limited, ,23/12/2020,29/12/2020,21/12/2020, , ,ANNUAL GENERAL MEETING   
BZ,MANPASAND,Manpasand Beverages Ltd., ,28/12/2020,31/12/2020,23/12/2020, , ,ANNUAL GENERAL MEETING   
BZ,BARTRONICS,Bartronics India Limited, ,28/12/2020,29/12/2020,23/12/2020, , ,ANNUAL GENERAL MEETING   
BZ,MELSTAR,Melstar Info Tec Ltd, ,24/12/2020,31/12/2020,22/12/2020, , ,ANNUAL GENERAL MEETING   
BZ,SEZAL,Sezal Glass Limited, ,26/12/2020,29/12/2020,23/12/2020, , ,ANNUAL GENERAL MEETING   
E1,ABFRLPP,Aditya Birla Rs.5 ppd up,08/01/2021, , ,07/01/2021, , ,FRSTCALL-RS 27.50 PER SH 
EQ,AUTORIDFIN,Autoriders Finance Ltd, ,24/12/2020,31/12/2020,22/12/2020, , ,ANNUAL GENERAL MEETING   
EQ,JBFIND,JBFIndustries Ltd, ,23/12/2020,30/12/2020,21/12/2020, , ,ANNUAL GENERAL MEETING   
EQ,TOKYOPLAST,Tokyo Plast Intl Ltd, ,23/12/2020,30/12/2020,21/12/2020, , ,ANNUAL GENERAL MEETING   
EQ,MANGTIMBER,Mangalam Timber Pro Ltd, ,24/12/2020,30/12/2020,22/12/2020, , ,ANNUAL GENERAL MEETING   
EQ,SANDESH,Sandesh Ltd, ,18/12/2020,30/12/2020,16/12/2020, , ,ANNUAL GENERAL MEETING   
EQ,BLUEBLENDS,Blue Blends (I) Ltd, ,26/12/2020,29/12/2020,23/12/2020, , ,ANNUAL GENERAL MEETING   
EQ,REGENCERAM,Regency Ceramics Ltd., ,24/12/2020,30/12/2020,22/12/2020, , ,ANNUAL GENERAL MEETING   
EQ,DCW,DCW Ltd, ,23/12/2020,29/12/2020,21/12/2020, , ,ANNUAL GENERAL MEETING   
EQ,ENGINERSIN,Engineers India Ltd.,01/01/2021, , ,31/12/2020, , ,BUYBACK                  
EQ,MADRASFERT,Madras Fertilizers Ltd, ,23/12/2020,29/12/2020,21/12/2020, , ,ANNUAL GENERAL MEETING   
EQ,MTNL,Maha Tel Nigam Ltd., ,25/12/2020,31/12/2020,23/12/2020, , ,ANNUAL GENERAL MEETING   
EQ,PEARLPOLY,Pearl Polymers Ltd, ,24/12/2020,30/12/2020,22/12/2020, , ,ANNUAL GENERAL MEETING   
EQ,ASHAPURMIN,Ashapura Minechem Ltd, ,24/12/2020,30/12/2020,22/12/2020, , ,ANNUAL GENERAL MEETING   
EQ,GMDCLTD,Gujarat Min. Dev. Corpn , ,24/12/2020,31/12/2020,22/12/2020, , ,AGM/DIV - RS 2 PER SH    
EQ,GUJRAFFIA,Gujarat Raffia Inds Ltd, ,29/12/2020,04/01/2021,24/12/2020, , ,EXTRA GENERAL MEETING    
EQ,GAMMONIND,Gammon India Ltd., ,22/12/2020,29/12/2020,18/12/2020, , ,ANNUAL GENERAL MEETING   
EQ,MELSTAR,Melstar Info Tec Ltd, ,24/12/2020,31/12/2020,22/12/2020, , ,ANNUAL GENERAL MEETING   
EQ,HCLTECH,HCL Technologies Ltd.,23/01/2021, , ,21/01/2021, , ,INTERIM DIVIDEND         
EQ,VISESHINFO,Visesh Infotecnics Limite, ,24/12/2020,30/12/2020,22/12/2020, , ,ANNUAL GENERAL MEETING   
EQ,SICAL,Sical Logistics Limited, ,23/12/2020,29/12/2020,21/12/2020, , ,ANNUAL GENERAL MEETING   
EQ,RAJESHEXPO,Rajesh Exports Ltd., ,25/12/2020,31/12/2020,23/12/2020, , ,DIV - RE 1 PER SH        
EQ,IVRCLINFRA,IVRCL Limited, ,29/12/2020,31/12/2020,24/12/2020, , ,ANNUAL GENERAL MEETING   
EQ,DSKULKARNI,DS Kulkarni Dev. Ltd., ,24/12/2020,31/12/2020,22/12/2020, , ,ANNUAL GENERAL MEETING   
EQ,JISLJALEQS,Jain Irrigation Systems L, ,21/12/2020,30/12/2020,17/12/2020, , ,ANNUAL GENERAL MEETING   
EQ,ATCOM,Atcom Techno. Ltd., ,23/12/2020,30/12/2020,21/12/2020, , ,ANNUAL GENERAL MEETING   
EQ,PSL,PSL Limited, ,25/12/2020,30/12/2020,23/12/2020, , ,ANNUAL GENERAL MEETING   
EQ,OPTOCIRCUI,Opto Circuits (India) Lim, ,29/12/2020,31/12/2020,24/12/2020, , ,ANNUAL GENERAL MEETING   
EQ,VIVIMEDLAB,Vivimed Labs Limited, ,25/12/2020,30/12/2020,23/12/2020, , ,ANNUAL GENERAL MEETING   
EQ,SIMPLEXINF,Simplex Infrastructures L, ,22/12/2020,30/12/2020,18/12/2020, , ,ANNUAL GENERAL MEETING   
EQ,KOHINOOR,Kohinoor Foods Limited, ,23/12/2020,29/12/2020,21/12/2020, , ,ANNUAL GENERAL MEETING   
EQ,BARTRONICS,Bartronics India Limited, ,28/12/2020,29/12/2020,23/12/2020, , ,ANNUAL GENERAL MEETING   
EQ,GDL,Gateway Distriparks Limit,06/01/2021, , ,05/01/2021, , ,INTERIM DIVIDEND         
EQ,CYBERMEDIA,Cyber Media (India) Limit, ,24/12/2020,30/12/2020,22/12/2020, , ,ANNUAL GENERAL MEETING   
EQ,PREMIER,Premier Limited, ,23/12/2020,30/12/2020,21/12/2020, , ,ANNUAL GENERAL MEETING   
EQ,PAEL,PAE Limited, ,23/12/2020,30/12/2020,21/12/2020, , ,ANNUAL GENERAL MEETING   
EQ,KAVVERITEL,Kavveri Telecom Products, ,24/12/2020,31/12/2020,22/12/2020, , ,ANNUAL GENERAL MEETING   
EQ,SATHAISPAT,Sathavahana Ispat Ltd, ,23/12/2020,29/12/2020,21/12/2020, , ,ANNUAL GENERAL MEETING   
EQ,VISUINTL,Visu International Limite, ,25/12/2020,31/12/2020,23/12/2020, , ,ANNUAL GENERAL MEETING   
EQ,PRAENG,Prajay Engineers Syndicat, ,24/12/2020,30/12/2020,22/12/2020, , ,ANNUAL GENERAL MEETING   
EQ,BFUTILITIE,BF Utilities Limited, ,30/12/2020,30/12/2020,28/12/2020, , ,ANNUAL GENERAL MEETING   
EQ,WEBELSOLAR,Websol Energy System Ltd, ,25/12/2020,31/12/2020,23/12/2020, , ,ANNUAL GENERAL MEETING   
EQ,ANANTRAJ,Anant Raj Industries Limi, ,24/12/2020,30/12/2020,22/12/2020, , ,AGM/DIV - RE 0.08 PER SH 
EQ,BINANIIND,Binani Industries Limited, ,22/12/2020,29/12/2020,18/12/2020, , ,ANNUAL GENERAL MEETING   
EQ,MIC,MIC Electronics Limited, ,25/12/2020,31/12/2020,23/12/2020, , ,ANNUAL GENERAL MEETING   
EQ,BVCL,Barak Valley Cements Limi, ,24/12/2020,30/12/2020,22/12/2020, , ,ANNUAL GENERAL MEETING   
EQ,GLOBALVECT,Global Vectra Helicorp Li, ,28/12/2020,29/12/2020,23/12/2020, , ,ANNUAL GENERAL MEETING   
EQ,REFEX,Refex Industries Limited, ,25/12/2020,29/12/2020,23/12/2020, , ,ANNUAL GENERAL MEETING   
EQ,BANG,Bang Overseas Limited, ,24/12/2020,30/12/2020,22/12/2020, , ,ANNUAL GENERAL MEETING   
EQ,GOLDENTOBC,Golden Tobacco Limited, ,24/12/2020,30/12/2020,22/12/2020, , ,ANNUAL GENERAL MEETING   
EQ,JINDCOT,Jindal Cotex Ltd, ,25/12/2020,30/12/2020,23/12/2020, , ,ANNUAL GENERAL MEETING   
EQ,TWL,Titagarh Wagons Limited, ,24/12/2020,30/12/2020,22/12/2020, , ,ANNUAL GENERAL MEETING   
EQ,SYNCOM,Syncom Healthcare Ltd, ,24/12/2020,30/12/2020,22/12/2020, , ,ANNUAL GENERAL MEETING   
EQ,BGLOBAL,Bharatiya Global Info Ltd, ,24/12/2020,30/12/2020,22/12/2020, , ,ANNUAL GENERAL MEETING   
EQ,ZEELEARN,Zee Learn Limited, ,24/12/2020,30/12/2020,22/12/2020, , ,ANNUAL GENERAL MEETING   
EQ,IL&FSTRANS,IL&FS Trans Net Ltd, ,25/12/2020,31/12/2020,23/12/2020, , ,ANNUAL GENERAL MEETING   
EQ,TI,Tilaknagar Industries Ltd, ,23/12/2020,29/12/2020,21/12/2020, , ,ANNUAL GENERAL MEETING   
EQ,KSERASERA,KSS Limited, ,25/12/2020,31/12/2020,23/12/2020, , ,ANNUAL GENERAL MEETING   
EQ,SEZAL,Sezal Glass Limited, ,26/12/2020,29/12/2020,23/12/2020, , ,ANNUAL GENERAL MEETING   
EQ,JISLDVREQS,Jain DVR Equity Shares, ,21/12/2020,30/12/2020,17/12/2020, , ,ANNUAL GENERAL MEETING   
EQ,ONELIFECAP,Onelife Cap Advisors Ltd, ,22/12/2020,29/12/2020,18/12/2020, , ,ANNUAL GENERAL MEETING   
EQ,THOMASCOTT,Thomas Scott (India) Ltd, ,24/12/2020,30/12/2020,22/12/2020, , ,ANNUAL GENERAL MEETING   
EQ,SHIRPUR-G,Agee Gold Refiners Ltd., ,24/12/2020,31/12/2020,22/12/2020, , ,ANNUAL GENERAL MEETING   
EQ,VIVIDHA,Visagar Polytex Ltd, ,23/12/2020,29/12/2020,21/12/2020, , ,ANNUAL GENERAL MEETING   
EQ,UJAAS,Ujaas Energy Limited, ,24/12/2020,30/12/2020,22/12/2020, , ,ANNUAL GENERAL MEETING   
EQ,NDL,Nandan Denim Limited, ,26/12/2020,31/12/2020,23/12/2020, , ,ANNUAL GENERAL MEETING   
EQ,LYPSAGEMS,Lypsa Gems & Jewel Ltd, ,23/12/2020,30/12/2020,21/12/2020, , ,ANNUAL GENERAL MEETING   
EQ,SKIL,SKIL Infrastr. Ltd., ,24/12/2020,30/12/2020,22/12/2020, , ,ANNUAL GENERAL MEETING   
EQ,ARCOTECH,Arcotech Limited, ,24/12/2020,30/12/2020,22/12/2020, , ,ANNUAL GENERAL MEETING   
EQ,CCHHL,Country Club Hosp Hol Ltd, ,25/12/2020,31/12/2020,23/12/2020, , ,ANNUAL GENERAL MEETING   
EQ,MANPASAND,Manpasand Beverages Ltd., ,28/12/2020,31/12/2020,23/12/2020, , ,ANNUAL GENERAL MEETING   
EQ,MFSL,Max Fin Serv Ltd, ,24/12/2020,30/12/2020,22/12/2020, , ,ANNUAL GENERAL MEETING   
EQ,KRIDHANINF,Kridhan Infra Limited, ,23/12/2020,29/12/2020,21/12/2020, , ,ANNUAL GENERAL MEETING   
EQ,PILANIINVS,Pilani Inv & Ind Cor Ltd,02/01/2021, , ,31/12/2020, , ,BONUS 2:5                
EQ,ORTINLABSS,Ortin Laboratories Ltd, ,23/12/2020,29/12/2020,21/12/2020, , ,ANNUAL GENERAL MEETING   
EQ,STAMPEDE,Stampede Capital Ltd, ,22/12/2020,29/12/2020,18/12/2020, , ,ANNUAL GENERAL MEETING   
EQ,NAGAFERT,Nagarjun Fert and Che Ltd, ,23/12/2020,30/12/2020,21/12/2020, , ,ANNUAL GENERAL MEETING   
EQ,MAXVIL,Max Ventures and Inds Ltd, ,24/12/2020,30/12/2020,22/12/2020, , ,ANNUAL GENERAL MEETING   
EQ,ITDC,India Tour. Dev. Co. Ltd., ,28/12/2020,30/12/2020,23/12/2020, , ,ANNUAL GENERAL MEETING   
EQ,SCAPDVR,Stampede Capital Limited, ,22/12/2020,29/12/2020,18/12/2020, , ,ANNUAL GENERAL MEETING   
EQ,HAVISHA,Sri Havisha Hosp infr Ltd, ,24/12/2020,30/12/2020,22/12/2020, , ,ANNUAL GENERAL MEETING   
EQ,HEMIPROP,Hemisphere Prop Ind Ltd, ,23/12/2020,29/12/2020,21/12/2020, , ,ANNUAL GENERAL MEETING   
EQ,ORCHPHARMA,Orchid Pharma Limited, ,23/12/2020,30/12/2020,21/12/2020, , ,ANNUAL GENERAL MEETING   
EQ,DPWIRES,D P Wires Limited, ,23/12/2020,31/12/2020,21/12/2020, , ,ANNUAL GENERAL MEETING   
GS,833GS2026,GOI LOAN 8.33% 2026,08/01/2021, , ,07/01/2021, , ,INTEREST PAYMENT         
GS,83GS2040,GOI LOAN 8.30% 2040,01/01/2021, , ,31/12/2020, , ,INTEREST PAYMENT         
GS,83GS2042,GOI LOAN 8.30% 2042,29/12/2020, , ,28/12/2020, , ,INTEREST PAYMENT         
GS,84GS2024,GOI LOAN 8.40% 2024,27/01/2021, , ,25/01/2021, , ,INTEREST PAYMENT         
GS,726GS2029,GOI LOAN 7.26% 2029,13/01/2021, , ,12/01/2021, , ,INTEREST PAYMENT         
GS,732GS2024,GOVERNMENT OF INDIA,27/01/2021, , ,25/01/2021, , ,INTEREST PAYMENT         
GS,717GS2028,GOI LOAN 7.17% 2028,07/01/2021, , ,06/01/2021, , ,INTEREST PAYMENT         
GS,759GS2026,GOI LOAN 7.59% 2026,08/01/2021, , ,07/01/2021, , ,INTEREST PAYMENT         
GS,700GS2021,GOI LOAN 7.00% 2021,20/01/2021, , ,19/01/2021, , ,INTEREST PAYMENT/REDEMPTI
GS,617GS2021,GOI LOAN 6.17% 2021,14/01/2021, , ,13/01/2021, , ,INTEREST PAYMENT         
GS,683GS2039,GOI 6.83% 2039,18/01/2021, , ,15/01/2021, , ,INTEREST PAYMENT         
M2,L&TFINANCE,L,11/01/2021, , ,04/01/2021,04/01/2021,08/01/2021,INTEREST PAYMENT         
M3,L&TFINANCE,L,11/01/2021, , ,04/01/2021,04/01/2021,08/01/2021,INTEREST PAYMENT         
M6,L&TFINANCE,L,11/01/2021, , ,04/01/2021,04/01/2021,08/01/2021,INTEREST PAYMENT         
M7,L&TFINANCE,L,11/01/2021, , ,04/01/2021,04/01/2021,08/01/2021,INTEREST PAYMENT         
MF,IDFCEOS4RD,IDFCAMC - IDFCEOS4RD,31/12/2020, , , , , ,REDEMPTION               
MF,IDFCEOS4DD,IDFCAMC - IDFCEOS4DD,31/12/2020, , , , , ,REDEMPTION               
MF,IDFCEOS4RG,IDFCAMC - IDFCEOS4RG,31/12/2020, , , , , ,REDEMPTION               
MF,BSLRIFS4RG,BIRLASLAMC - BSLRIFS4RG,05/01/2021, , , , , ,DIV/REDEMPTION           
MF,BSLRIFS4RD,BIRLASLAMC - BSLRIFS4RD,05/01/2021, , , , , ,DIV/REDEMPTION           
MF,BSLRIFS4DG,BIRLASLAMC - BSLRIFS4DG,05/01/2021, , , , , ,DIV/REDEMPTION           
MF,BSLRIFS4DD,BIRLASLAMC - BSLRIFS4DD,05/01/2021, , , , , ,DIV/REDEMPTION           
MF,IDFCEOS4DG,IDFCAMC - IDFCEOS4DG,31/12/2020, , , , , ,REDEMPTION               
N1,TATACAPHSG,Sec Red NCD 8% Sr.I,30/12/2020, , ,29/12/2020, , ,INTEREST PAYMENT         
N1,NHBTF2014,BOND 8.26%PA TF Tr-I S1A,29/12/2020, , ,28/12/2020, , ,INTEREST PAYMENT         
N2,NHBTF2014,BOND 8.63%PA TF Tr-I S 2A,29/12/2020, , ,28/12/2020, , ,INTEREST PAYMENT         
N2,TATACAPHSG,Sec Red NCD 8.10% Sr.I,30/12/2020, , ,29/12/2020, , ,INTEREST PAYMENT         
N3,NHBTF2014,BOND 8.76%PA TF Tr-I S 3A,29/12/2020, , ,28/12/2020, , ,INTEREST PAYMENT         
N3,TATACAPHSG,Sec Red NCD 7.92% Sr.II,30/12/2020, , ,29/12/2020, , ,INTEREST PAYMENT         
N4,NHBTF2014,BOND 8.51%PA TF Tr-I S1B,29/12/2020, , ,28/12/2020, , ,INTEREST PAYMENT         
N4,TATACAPHSG,Sec Red NCD 8.01% Sr.II,30/12/2020, , ,29/12/2020, , ,INTEREST PAYMENT         
N5,TATACAPHSG,Sec Red NCD 8.20% Sr.III,30/12/2020, , ,29/12/2020, , ,INTEREST PAYMENT         
N5,NHBTF2014,BOND 8.88%PA TF Tr-I S 2B,29/12/2020, , ,28/12/2020, , ,INTEREST PAYMENT         
N6,NHBTF2014,BOND 9.01%PA TF Tr-I S 3B,29/12/2020, , ,28/12/2020, , ,INTEREST PAYMENT         
N6,TATACAPHSG,Sec Red NCD 8.30% Sr.III,30/12/2020, , ,29/12/2020, , ,INTEREST PAYMENT         
N7,TATACAPHSG,Sec Red NCD 8.01% Sr.IV,30/12/2020, , ,29/12/2020, , ,INTEREST PAYMENT         
N7,IBUCCREDIT,SeReNCD8.66%SrIVCIII&IV,11/01/2021, , ,08/01/2021, , ,INTEREST PAYMENT         
N8,IBULHSGFIN,Sec Red NCD 8.65% Sr. V,16/01/2021, , ,14/01/2021, , ,INTEREST PAYMENT         
N8,TATACAPHSG,Sec Red NCD 8.10% Sr.IV,30/12/2020, , ,29/12/2020, , ,INTEREST PAYMENT         
N9,TATACAPHSG,Sec Red NCD 8.30% Sr.V,30/12/2020, , ,29/12/2020, , ,INTEREST PAYMENT         
NA,TATACAPHSG,Sec Red NCD 8.40% Sr.V,30/12/2020, , ,29/12/2020, , ,INTEREST PAYMENT         
NA,IBUCCREDIT,SeReNCD8.75%SrVICI&II,11/01/2021, , ,08/01/2021, , ,INTEREST PAYMENT         
NB,TATACAPHSG,Un Se Re NCD 8.55% Sr.VI,30/12/2020, , ,29/12/2020, , ,INTEREST PAYMENT         
NB,IBUCCREDIT,SeReNCD8.84%SrVICIII&IV,11/01/2021, , ,08/01/2021, , ,INTEREST PAYMENT         
NC,IBULHSGFIN,Uns Red NCD 8.79% Sr.VIII,16/01/2021, , ,14/01/2021, , ,INTEREST PAYMENT         
NC,HUDCO,8.58% Tax FreeTrII Sr2A,29/12/2020, , ,28/12/2020, , ,INTEREST PAYMENT         
ND,L&TFINANCE,L&T Finance Limited,29/12/2020, , ,28/12/2020, , ,INTEREST PAYMENT         
NE,HUDCO,9.01% Tax FreeTrII Sr3B,29/12/2020, , ,28/12/2020, , ,INTEREST PAYMENT         
NE,L&TFINANCE,L&T Finance Limited,29/12/2020, , ,28/12/2020, , ,INTEREST PAYMENT         
NH,L&TFINANCE,L&T Finance Limited,29/12/2020, , ,28/12/2020, , ,INTEREST PAYMENT         
NI,L&TFINANCE,L&T Finance Limited,29/12/2020, , ,28/12/2020, , ,INTEREST PAYMENT         
NO,SREIBNPNCD,Uns Red NCD 9.25% Sr. I,15/01/2021, , ,14/01/2021, , ,INTEREST PAYMENT         
NP,L&TFINANCE,Se Re NCD 8.48% Sr.IV OpI,31/12/2020, , ,30/12/2020, , ,INTEREST PAYMENT         
NQ,L&TFINANCE,SeReNCD 8.66% Sr.IV OpII,31/12/2020, , ,30/12/2020, , ,INTEREST PAYMENT         
NR,SREIBNPNCD,Uns Red NCD 9.35% Sr. IV,15/01/2021, , ,14/01/2021, , ,INTEREST PAYMENT         
NU,SREIBNPNCD,Uns Red NCD 9.50% Sr. VII,15/01/2021, , ,14/01/2021, , ,INTEREST PAYMENT         
NV,L&TFINANCE,SeReNCD 8.52% Sr.VII OpI,31/12/2020, , ,30/12/2020, , ,INTEREST PAYMENT         
NW,L&TFINANCE,SeReNCD 8.70% Sr.VII OpII,31/12/2020, , ,30/12/2020, , ,INTEREST PAYMENT         
SM,DEVIT,Dev Info Technology Ltd, ,24/12/2020,30/12/2020,22/12/2020, , ,AGM/DIV - RS 0.50 PER SH 
SM,FOURTHDIM,Fourth Dimen. Solut. Ltd, ,24/12/2020,30/12/2020,22/12/2020, , ,ANNUAL GENERAL MEETING   
SM,PULZ,Pulz Electronics Limited, ,23/12/2020,29/12/2020,21/12/2020, , ,ANNUAL GENERAL MEETING   
SM,POWERFUL,Powerful Technologies Ltd, ,25/12/2020,31/12/2020,23/12/2020, , ,ANNUAL GENERAL MEETING   
SM,PIGL,Power Instrument (G) Ltd, ,22/12/2020,31/12/2020,18/12/2020, , ,ANNUAL GENERAL MEETING   
SM,SECL,Salasar Exterior Cont Ltd, ,24/12/2020,30/12/2020,22/12/2020, , ,ANNUAL GENERAL MEETING   
SM,ACEINTEG,Ace Integrated Solu. Ltd., ,23/12/2020,29/12/2020,21/12/2020, , ,ANNUAL GENERAL MEETING   
SM,VCL,Vaxtex Cotfab Limited, ,25/12/2020,31/12/2020,23/12/2020, , ,ANNUAL GENERAL MEETING   
SM,SILGO,Silgo Retail Limited,08/01/2021, , ,07/01/2021, , ,BONUS 1:4                
SM,JALAN,Jalan Transolu. India Ltd, ,23/12/2020,29/12/2020,21/12/2020, , ,ANNUAL GENERAL MEETING   
SM,JAKHARIA,JAKHARIA FABRIC LIMITED, ,24/12/2020,31/12/2020,22/12/2020, , ,ANNUAL GENERAL MEETING   
SQ,PULZ,Pulz Electronics Limited, ,23/12/2020,29/12/2020,21/12/2020, , ,ANNUAL GENERAL MEETING   
SQ,JALAN,Jalan Transolu. India Ltd, ,23/12/2020,29/12/2020,21/12/2020, , ,ANNUAL GENERAL MEETING   
SQ,ACEINTEG,Ace Integrated Solu. Ltd., ,23/12/2020,29/12/2020,21/12/2020, , ,ANNUAL GENERAL MEETING   
SQ,FOURTHDIM,Fourth Dimen. Solut. Ltd, ,24/12/2020,30/12/2020,22/12/2020, , ,ANNUAL GENERAL MEETING   
SQ,PIGL,Power Instrument (G) Ltd, ,22/12/2020,31/12/2020,18/12/2020, , ,ANNUAL GENERAL MEETING   
SQ,VCL,Vaxtex Cotfab Limited, ,25/12/2020,31/12/2020,23/12/2020, , ,ANNUAL GENERAL MEETING   
SQ,JAKHARIA,JAKHARIA FABRIC LIMITED, ,24/12/2020,31/12/2020,22/12/2020, , ,ANNUAL GENERAL MEETING   
SQ,SILGO,Silgo Retail Limited,08/01/2021, , ,07/01/2021, , ,BONUS 1:4                
SQ,POWERFUL,Powerful Technologies Ltd, ,25/12/2020,31/12/2020,23/12/2020, , ,ANNUAL GENERAL MEETING   
SQ,SECL,Salasar Exterior Cont Ltd, ,24/12/2020,30/12/2020,22/12/2020, , ,ANNUAL GENERAL MEETING   
SQ,DEVIT,Dev Info Technology Ltd, ,24/12/2020,30/12/2020,22/12/2020, , ,AGM/DIV - RS 0.50 PER SH 
ST,POWERFUL,Powerful Technologies Ltd, ,25/12/2020,31/12/2020,23/12/2020, , ,ANNUAL GENERAL MEETING   
ST,ACEINTEG,Ace Integrated Solu. Ltd., ,23/12/2020,29/12/2020,21/12/2020, , ,ANNUAL GENERAL MEETING   
ST,PIGL,Power Instrument (G) Ltd, ,22/12/2020,31/12/2020,18/12/2020, , ,ANNUAL GENERAL MEETING   
ST,SILGO,Silgo Retail Limited,08/01/2021, , ,07/01/2021, , ,BONUS 1:4                
ST,JAKHARIA,JAKHARIA FABRIC LIMITED, ,24/12/2020,31/12/2020,22/12/2020, , ,ANNUAL GENERAL MEETING   
ST,PULZ,Pulz Electronics Limited, ,23/12/2020,29/12/2020,21/12/2020, , ,ANNUAL GENERAL MEETING   
ST,SECL,Salasar Exterior Cont Ltd, ,24/12/2020,30/12/2020,22/12/2020, , ,ANNUAL GENERAL MEETING   
ST,VCL,Vaxtex Cotfab Limited, ,25/12/2020,31/12/2020,23/12/2020, , ,ANNUAL GENERAL MEETING   
ST,DEVIT,Dev Info Technology Ltd, ,24/12/2020,30/12/2020,22/12/2020, , ,AGM/DIV - RS 0.50 PER SH 
ST,FOURTHDIM,Fourth Dimen. Solut. Ltd, ,24/12/2020,30/12/2020,22/12/2020, , ,ANNUAL GENERAL MEETING   
ST,JALAN,Jalan Transolu. India Ltd, ,23/12/2020,29/12/2020,21/12/2020, , ,ANNUAL GENERAL MEETING   
U1,TATACAPHSG,Sec Red NCD 8% Sr.I,30/12/2020, , ,29/12/2020, , ,INTEREST PAYMENT         
U2,TATACAPHSG,Sec Red NCD 8.10% Sr.I,30/12/2020, , ,29/12/2020, , ,INTEREST PAYMENT         
U3,TATACAPHSG,Sec Red NCD 7.92% Sr.II,30/12/2020, , ,29/12/2020, , ,INTEREST PAYMENT         
U4,TATACAPHSG,Sec Red NCD 8.01% Sr.II,30/12/2020, , ,29/12/2020, , ,INTEREST PAYMENT         
U5,TATACAPHSG,Sec Red NCD 8.20% Sr.III,30/12/2020, , ,29/12/2020, , ,INTEREST PAYMENT         
U6,TATACAPHSG,Sec Red NCD 8.30% Sr.III,30/12/2020, , ,29/12/2020, , ,INTEREST PAYMENT         
U7,IBUCCREDIT,SeReNCD8.66%SrIVCIII&IV,11/01/2021, , ,08/01/2021, , ,INTEREST PAYMENT         
U7,TATACAPHSG,Sec Red NCD 8.01% Sr.IV,30/12/2020, , ,29/12/2020, , ,INTEREST PAYMENT         
U8,IBULHSGFIN,Sec Red NCD 8.65% Sr. V,16/01/2021, , ,14/01/2021, , ,INTEREST PAYMENT         
U8,TATACAPHSG,Sec Red NCD 8.10% Sr.IV,30/12/2020, , ,29/12/2020, , ,INTEREST PAYMENT         
U9,TATACAPHSG,Sec Red NCD 8.30% Sr.V,30/12/2020, , ,29/12/2020, , ,INTEREST PAYMENT         
UA,IBUCCREDIT,SeReNCD8.75%SrVICI&II,11/01/2021, , ,08/01/2021, , ,INTEREST PAYMENT         
UA,TATACAPHSG,Sec Red NCD 8.40% Sr.V,30/12/2020, , ,29/12/2020, , ,INTEREST PAYMENT         
UB,IBUCCREDIT,SeReNCD8.84%SrVICIII&IV,11/01/2021, , ,08/01/2021, , ,INTEREST PAYMENT         
UB,TATACAPHSG,Un Se Re NCD 8.55% Sr.VI,30/12/2020, , ,29/12/2020, , ,INTEREST PAYMENT         
UC,HUDCO,8.58% Tax FreeTrII Sr2A,29/12/2020, , ,28/12/2020, , ,INTEREST PAYMENT         
UC,IBULHSGFIN,Uns Red NCD 8.79% Sr.VIII,16/01/2021, , ,14/01/2021, , ,INTEREST PAYMENT         
UD,L&TFINANCE,L&T Finance Limited,29/12/2020, , ,28/12/2020, , ,INTEREST PAYMENT         
UE,L&TFINANCE,L&T Finance Limited,29/12/2020, , ,28/12/2020, , ,INTEREST PAYMENT         
UE,HUDCO,9.01% Tax FreeTrII Sr3B,29/12/2020, , ,28/12/2020, , ,INTEREST PAYMENT         
UH,L&TFINANCE,L&T Finance Limited,29/12/2020, , ,28/12/2020, , ,INTEREST PAYMENT         
UI,L&TFINANCE,L&T Finance Limited,29/12/2020, , ,28/12/2020, , ,INTEREST PAYMENT         
UO,SREIBNPNCD,Uns Red NCD 9.25% Sr. I,15/01/2021, , ,14/01/2021, , ,INTEREST PAYMENT         
UP,L&TFINANCE,Se Re NCD 8.48% Sr.IV OpI,31/12/2020, , ,30/12/2020, , ,INTEREST PAYMENT         
UQ,L&TFINANCE,SeReNCD 8.66% Sr.IV OpII,31/12/2020, , ,30/12/2020, , ,INTEREST PAYMENT         
UR,SREIBNPNCD,Uns Red NCD 9.35% Sr. IV,15/01/2021, , ,14/01/2021, , ,INTEREST PAYMENT         
UU,SREIBNPNCD,Uns Red NCD 9.50% Sr. VII,15/01/2021, , ,14/01/2021, , ,INTEREST PAYMENT         
UV,L&TFINANCE,SeReNCD 8.52% Sr.VII OpI,31/12/2020, , ,30/12/2020, , ,INTEREST PAYMENT         
UW,L&TFINANCE,SeReNCD 8.70% Sr.VII OpII,31/12/2020, , ,30/12/2020, , ,INTEREST PAYMENT         
X1,ABFRLPP,Aditya Birla Rs.5 ppd up,08/01/2021, , ,01/01/2021,01/01/2021,07/01/2021,FRSTCALL-RS 27.50 PER SH 
Y2,L&TFINANCE,L,11/01/2021, , ,08/01/2021, , ,INTEREST PAYMENT         
Y3,L&TFINANCE,L,11/01/2021, , ,08/01/2021, , ,INTEREST PAYMENT         
Y6,L&TFINANCE,L,11/01/2021, , ,08/01/2021, , ,INTEREST PAYMENT         
Y7,L&TFINANCE,L,11/01/2021, , ,08/01/2021, , ,INTEREST PAYMENT         
ZD,SRTRANSFIN,Sec Red NCD 8.52% Sr.I,15/01/2021, , ,14/01/2021, , ,INTEREST PAYMENT         
ZE,SRTRANSFIN,Sec Red NCD 8.66% Sr.II,15/01/2021, , ,14/01/2021, , ,INTEREST PAYMENT         
ZF,SRTRANSFIN,Sec Red NCD 8.75% Sr.III,15/01/2021, , ,14/01/2021, , ,INTEREST PAYMENT         
ZG,SRTRANSFIN,Sec Red NCD 8.85% Sr.IV,13/01/2021, , ,12/01/2021, , ,INTEREST PAYMENT         
ZH,SRTRANSFIN,Sec Red NCD 9% Sr.V,13/01/2021, , ,12/01/2021, , ,INTEREST PAYMENT         
ZI,SRTRANSFIN,Sec Red NCD 9.10% Sr.VI,13/01/2021, , ,12/01/2021, , ,INTEREST PAYMENT         

