SYMBOL,SERIES,SECURITY,HIGH/LOW,INDEX FLAG
21STCENMGM,EQ,21ST CENTURY MGMT SERVICE,H
3IINFOTECH,EQ,3I INFOTECH LTD.,H
3PLAND,EQ,3P LAND HOLDINGS LIMITED,H
AARON,EQ,AARON INDUSTRIES LIMITED,H
ABMINTLTD,BE,ABM INTERNATIONAL LTD,H
ADANIPOWER,EQ,ADANI POWER LTD,H
ADHUNIKIND,BE,ADHUNIK INDUSTRIES LTD,H
ADROITINFO,BE,ADROIT INFOTECH LIMITED,H
ADSL,EQ,ALLIED DIGITAL SERV. LTD,H
AGROPHOS,EQ,AGRO PHOS INDIA LIMITED,H
ANANTRAJ,EQ,ANANT RAJ LIMITED,H
ANKITMETAL,EQ,ANKIT MET & POW LTD,H
ANSALAPI,BE,ANSAL PROP & INFRA LTD,H
ANSALHSG,EQ,ANSAL HOUSING LIMITED,H
ARCHIES,EQ,ARCHIES LTD,H
ARCOTECH,BZ,ARCOTECH LIMITED,H
ARENTERP,EQ,RAJDARSHAN INDUSTRIES LTD,H
ARROWGREEN,EQ,ARROW GREENTECH LIMITED,H
ARSHIYA,EQ,ARSHIYA LIMITED,H
ARSSINFRA,EQ,ARSS INFRA PROJ. LTD,H
ASHAPURMIN,EQ,ASHAPURA MINECHEM LTD,H
ASHIMASYN,BE,ASHIMA LTD,H
AUTOIND,EQ,AUTOLINE INDUSTRIES LTD,H
AXISCADES,EQ,AXISCADES TECH LTD,H
AYMSYNTEX,BE,AYM SYNTEX LIMITED,H
BAFNAPH,BE,BAFNA PHARMACEUTICALS LTD,H
BALLARPUR,BZ,BALLARPUR INDUSTRIES LTD,H
BALMLAWRIE,EQ,BALMER LAWRIE & CO LTD,H
BANKA,EQ,BANKA BIOLOO LIMITED,H
BANSWRAS,EQ,BANSWARA SYNTEX LIMITED,H
BARTRONICS,BZ,BARTRONICS INDIA LIMITED,H
BCG,EQ,BRIGHTCOM GROUP LIMITED,H
BCONCEPTS,SM,BRAND CONCEPTS LIMITED,H
BCP,BE,B.C. POWER CONTROLS LTD,H
BHANDARI,EQ,BHANDARI HOSIERY EXP LTD,H
BILENERGY,BZ,BIL ENERGY SYSTEMS LTD,H
BLBLIMITED,EQ,BLB LIMITED,H
BLKASHYAP,EQ,B.L.KASHYAP & SON LTD,H
BOHRA,SM,BOHRA INDUSTRIES LIMITED,H
BORORENEW,EQ,BOROSIL RENEWABLES LTD,H
BSELINFRA,EQ,BSEL INFRASTRUCTURE REALT,H
BURNPUR,BE,BURNPUR CEMENT LTD.,H
CALSOFT,EQ,CALIFORNIA SOFTWARE CO LT,H
CANDC,BZ,C&C CONST. LTD,H
CASTEXTECH,BE,CASTEX TECHNOLOGIES LTD.,H
CCCL,BE,CONS. CONST. CONSORT LTD,H
CENTEXT,BE,CENTURY EXTRUSIONS LTD,H
CESCVENT,EQ,CESC VENTURES LIMITED,H
CGPOWER,EQ,CG POWER AND IND SOL LTD,H
CHROMATIC,BZ,CHROMATIC INDIA LTD,H
CMICABLES,BE,CMI LIMITED,H
COMPUSOFT,BE,COMPUCOM SOFTWARE LTD,H
COUNCODOS,BE,COUNTRY CONDO'S LIMITED,H
CREATIVEYE,EQ,CREATIVE EYE LIMITED,H
CTE,EQ,CAMBRIDGE TECH ENTER LTD,H
DBREALTY,BE,D B REALTY LIMITED,H
DCMFINSERV,EQ,DCM FINANCIAL SERVICES LT,H
DCMNVL,BE,DCM NOUVELLE LIMITED,H
DHARSUGAR,BE,DHARANISUGARS &CHEMICALS,H
DIAPOWER,BZ,DIAMOND POWER INFRA LTD,H
DIGISPICE,BE,DIGISPICE TECHNOLOGIES LT,H
DQE,EQ,DQ ENTERTAINMENT INT LTD,H
EASUNREYRL,BZ,EASUN REYROLLE LTD,H
EBANK,EQ,EDELWEISS ETF-NIFTY BANK,H
EDUCOMP,BZ,EDUCOMP SOLUTIONS LTD,H
EKC,EQ,EVEREST KANTO CYLINDERLTD,H
EMCO,BZ,EMCO LIMITED,H
ENERGYDEV,EQ,ENERGY DEVE. CO.LTD,H
EUROMULTI,BZ,EURO MULTIVISION LTD,H
EXCEL,BE,EXCEL REALTY N INFRA LTD,H
FCSSOFT,BE,FCS SOFTWARE SOLN. LTD.,H
FELDVR,EQ,FUTURE ENTERPRISES LTD,H
FELIX,SM,FELIX INDUSTRIES LTD.,H
FILDF2GPD,MF,FRANTEMAMC - FILDF2GPD,H
FLEXITUFF,BE,FLEXITUFF VENTURES INT L,H
FSL,EQ,FIRSTSOURCE SOLU. LTD.,H
GAMMNINFRA,EQ,GAMMON INFRA PROJ LTD.,H
GANESHHOUC,EQ,GANESH HOUSING CORP LTD,H
GARDENSILK,EQ,GARDEN SILK MILLS LTD,H
GAYAHWS,BE,GAYATRI HIGHWAYS LIMITED,H
GENESYS,EQ,GENESYS INTL CORPN LTD,H
GILLANDERS,EQ,GILLANDERS ARBUTHNOT LTD,H
GISOLUTION,EQ,GI ENGINEERING SOLNS LTD,H
GLFL,EQ,GUJARAT LEASE FINANCING L,H
GLOBAL,EQ,GLOBAL EDUCATION LIMITED,H
GODHA,EQ,GODHA CABCON INSULAT LTD,H
GPTINFRA,EQ,GPT INFRAPROJECTS LTD,H
GREENPANEL,EQ,GREENPANEL INDUSTRIES LTD,H
GROBTEA,EQ,THE GROB TEA COMPANY LTD,H
GTL,EQ,GTL LTD,H
GTLINFRA,EQ,GTL INFRA.LTD,H
GTNIND,BE,GTN INDUSTRIES LIMITED,H
GUJRAFFIA,BE,GUJARAT RAFFIA INDUST LTD,H
GVKPIL,BZ,GVK POW. & INFRA LTD.,H
HAVISHA,BE,SRI HAVISHA HOSP & INFR L,H
HBLPOWER,EQ,HBL POWER SYSTEMS LTD.,H
HILTON,EQ,HILTON METAL FORGING LTD,H
HITECHCORP,EQ,HITECH CORPORATION LTD,H
HMT,BZ,HMT LTD -,H
HNDFDS,EQ,HINDUSTAN FOODS LIMITED,H
HUBTOWN,EQ,HUBTOWN LIMITED,H
IFGLEXPOR,EQ,IFGL REFRACTORIES LIMITED,H
IL&FSTRANS,BZ,IL&FS TRANS NET LTD,H
IMAGICAA,BE,IMAGICAAWORLD ENT LTD,H
INDOSOLAR,BZ,INDOSOLAR LIMITED,H
INDOTHAI,EQ,INDO THAI SEC LTD,H
INDOWIND,BE,INDOWIND ENERGY LTD,H
INFOBEAN,EQ,INFOBEANS TECHNO. LTD.,H
JAINSTUDIO,BZ,JAIN STUDIOS LIMITED,H
JBFIND,BE,JBF INDUS LTD -DEP-LS ML,H
JETAIRWAYS,BZ,JET AIRWAYS (INDIA) LTD.,H
JETKNIT,SM,JET KNITWEARS LTD.,H
JHS,EQ,JHS SVEND. LAB. LTD,H
JISLDVREQS,EQ,JAIN DVR EQUITY SHARES,H
JISLJALEQS,EQ,JAIN IRRIGATION SYSTEMS,H
JITFINFRA,BE,JITF INFRALOGISTICS LTD,H
JPASSOCIAT,EQ,JAIPRAKASH ASSOCIATES LTD,H
JPINFRATEC,BE,JAYPEE INFRATECH LTD,H
JPOLYINVST,BE,JIND POL INV & FIN CO LTD,H
JPPOWER,EQ,JAIPRAKASH POWER VEN. LTD,H
JSWISPL,EQ,JSW ISPAT SPE PRO LTD,H
JYOTISTRUC,BZ,JYOTI STRUCTURES LTD,H
KANANIIND,EQ,KANANI INDUSTRIES LTD,H
KECL,EQ,KIRLOSKAR ELECTRIC CO LTD,H
KHANDSE,EQ,KHANDWALA SECURITIES LTD,H
KOHINOOR,BZ,KOHINOOR FOODS LIMITED,H
KOPRAN,EQ,KOPRAN LTD,H
KREBSBIO,EQ,KREBS BIOCHEMICALS & IND,H
KRIDHANINF,BE,KRIDHAN INFRA LIMITED,H
KSERASERA,BZ,KSS LIMITED,H
KSK,BZ,KSK ENERGY VENTURES LTD,H
LAGNAM,SM,LAGNAM SPINTEX LIMITED,H
LAKPRE,BZ,LAKSHMI PRE SCRE LTD,H
LEXUS,SM,LEXUS GRANITO (INDIA) LTD,H
LGBFORGE,BE,LGB FORGE LIMITED,H
LSIL,BE,LLOYDS STEELS IND. LTD.,H
LYKALABS,EQ,LYKA LABS LTD,H
MACPOWER,EQ,MACPOWER CNC MACHINES LTD,H
MADHUCON,BE,MADHUCON PROJECTS LTD.,H
MAJESCO,EQ,MAJESCO LIMITED,H
MANAKSTEEL,EQ,MANAKSIA STEELS LTD,H
MANGTIMBER,EQ,MANGALAM TIMBER PRODUCTS,H
MARALOVER,BE,MARAL OVERSEAS LTD,H
MARATHON,EQ,MARATHON NXTGEN REALT LTD,H
MBECL,BE,MCNALLY BH. ENG. CO.LTD,H
MBLINFRA,EQ,MBL INFRASTRUCTURES LTD,H
MELSTAR,BZ,MELSTAR INFORMATION TECH,H
MERCATOR,BE,MERCATOR LIMITED,H
MHHL,SM,MOHINI HEALTH&HYGIENE LTD,H
MIC,BZ,MIC ELECTRONICS LIMITED,H
MINDTECK,EQ,MINDTECK (INDIA) LIMITED,H
MODIRUBBER,BE,MODI RUBBER LTD,H
MOHOTAIND,EQ,MOHOTA INDUSTRIES LIMITED,H
MORARJEE,BE,MORARJEE TEXTILES LIMITED,H
MRO-TEK,EQ,MRO-TEK REALTY LIMITED,H
MTEDUCARE,EQ,MT EDUCARE LTD,H
NAHARINDUS,BE,NAHAR INDS ENT LTD,H
NDRAUTO,EQ,NDR AUTO COMPONENTS LTD,H
NETF,EQ,TATAAML - NETF,H
NILASPACES,BE,NILA SPACES LIMITED,H
NITINFIRE,BZ,NITIN FIRE PROT IND. LTD.,H
NITINSPIN,BE,NITIN SPINNERS LIMITED,H
NTL,EQ,NEUEON TOWERS LIMITED,H
NUCLEUS,EQ,NUCLEUS SOFTWARE EXPORTS,H
OILCOUNTUB,BE,OIL COUNTRY TUBULAR LTD.,H
OISL,BZ,OCL IRON AND STEEL LTD,H
ONELIFECAP,BE,ONELIFE CAP ADVISORS LTD,H
ONMOBILE,EQ,ONMOBILE GLOBAL LTD.,H
OPTIEMUS,BE,OPTIEMUS INFRACOM LTD,H
ORCHPHARMA,BZ,ORCHID PHARMA LIMITED,H
ORTEL,BZ,ORTEL COMMUNICATIONS LTD,H
PAISALO,EQ,PAISALO DIGITAL LIMITED,H
PALREDTEC,BE,PALRED TECHNOLOGIES LTD,H
PAR,SM,PAR DRUGS AND CHEM LTD,H
PARABDRUGS,BZ,PARABOLIC DRUGS LTD,H
PARSVNATH,BE,PARSVNATH DEVELOPER LTD,H
PATSPINLTD,BE,PATSPIN INDIALTD.,H
PEARLPOLY,EQ,PEARL POLYMERS LTD,H
PNC,EQ,PRITISH NANDY COMMUNICATI,H
PRAENG,BE,PRAJAY ENG. SYN. LTD.,H
PRAKASHSTL,BE,PRAKASH STEELAGE LTD,H
PRECOT,BE,PRECOT LIMITED,H
PREMIER,EQ,PREMIER LIMITED,H
PUNJLLOYD,BZ,PUNJ LLOYD LIMITED,H
RADAAN,EQ,RADAAN MEDIAWORKS (I) LTD,H
RAMSARUP,BZ,RAMSARUP INDUSTRIES LTD,H
RELINFRA,EQ,RELIANCE INFRASTRUCTU LTD,H
RHFL,BE,RELIANCE HOME FINANCE LTD,H
RMCL,BE,RADHA MADHAV CO. LTD.,H
ROHITFERRO,BE,ROHIT FERRO-TECH LIMITED,H
ROLLT,BE,ROLLATAINERS LIMITED,H
ROML,EQ,RAJ OIL MILLS LIMITED,H
RSWM,BE,RSWM LIMITED,H
RTNINFRA,EQ,RATTANINDIA INFRA LIMITED,H
SALSTEEL,EQ,S.A.L. STEEL LTD.,H
SANWARIA,BZ,SANWARIA CONSUMER LIMITED,H
SARVESHWAR,SM,SARVESHWAR FOODS LIMITED,H
SATHAISPAT,BE,SATHAVAHANA ISPAT LTD,H
SECURCRED,SM,SECUR CREDENTIALS LIMITED,H
SELMCL,BZ,SEL MANU. CO. LTD.,H
SETCO,EQ,SETCO AUTOMOTIVE LTD,H
SETUINFRA,BE,SETUBANDHAN INFRA LTD,H
SEZAL,BZ,SEZAL GLASS LIMITED,H
SHUBHLAXMI,SM,SHUBHLAXMI JEWEL ART LTD,H
SHYAMCENT,EQ,SHYAM CENTURY FERROUS LTD,H
SICAGEN,EQ,SICAGEN INDIA LIMITED,H
SIL,BE,STANDARD INDUSTRIES LTD.,H
SILLYMONKS,BE,SILLY MONKS ENTERTAIN LTD,H
SINTEX,BE,SINTEX INDUSTRIES LTD,H
SITINET,BE,SITI NETWORKS LIMITED,H
SKIL,EQ,SKIL INFRASTRUCTURE LTD.,H
SKSTEXTILE,SM,S K S TEXTILES LIMITED,H
SPCENET,BE,SPACENET ENTERS IND LTD,H
SPENTEX,BZ,SPENTEX IND. LTD,H
SPMLINFRA,BE,SPML INFRA LIMITED,H
SPYL,BE,SHEKHAWATI POLY-YARN LTD.,H
SSINFRA,SM,S S INFRA DEVP CONSL LTD,H
STAMPEDE,BE,STAMPEDE CAPITAL LTD,H
SUBCAPCITY,BE,INTERNATIONAL CONST LTD,H
SUJANAUNI,BE,SUJANA UNI. INDS. LTD.,H
SUMEETINDS,BE,SUMEET IND LIMITED,H
SURYALAXMI,EQ,SURYALAKSHMI COT MIL LTD,H
SUVEN,EQ,SUVEN LIFE SCIENCES LTD,H
SUZLON,BE,SUZLON ENERGY LIMITED,H
SWELECTES,EQ,SWELECT ENERGY SYS LTD,H
SYNCOM,BZ,SYNCOM HEALTHCARE LTD,H
TALWALKARS,BZ,TALWALKAR FITNESS LTD,H
TALWGYM,BZ,TALWALKARS HEALTHCLUB LTD,H
TANLA,EQ,TANLA PLATFORMS LIMITED,H
TANTIACONS,BZ,TANTIA CONST LTD,H
TARC,BE,ANANT RAJ GLOBAL LIMITED,H
TBZ,EQ,TRIB BHIMJI ZAVERI LTD,H
TI,EQ,TILAKNAGAR INDUSTRIES LTD,H
TIJARIA,BE,TIJARIA POLYPIPES LTD,H
TIPSINDLTD,EQ,TIPS INDUSTRIES LIMITED,H
TMRVL,EQ,THE MANDHANA RET VENT LTD,H
TNTELE,BE,TAMILNADU TELECOMMUNICATI,H
TOTAL,EQ,TOTAL TRANSPORT SYS LTD,H
TREEHOUSE,EQ,TREE HOUSE EDU LTD,H
TREJHARA,EQ,TREJHARA SOLUTIONS LTD,H
TRIGYN,EQ,TRIGYN TECHNOLOGIES LTD,H
TTML,BE,TATA TELESERV(MAHARASTRA),H
UMESLTD,BE,USHA MARTIN EDU & SOL LTD,H
UNIPLY,BZ,UNIPLY INDUSTRIES LIMITED,H
UNITEDPOLY,SM,UNITED POLYFAB GUJ. LTD.,H
UNITY,BZ,UNITY INFRAPROJECTS LTD,H
V2RETAIL,BE,V2 RETAIL LIMITED,H
VAISHALI,EQ,VAISHALI PHARMA LIMITED,H
VAKRANGEE,EQ,VAKRANGEE LIMITED,H
VICEROY,BE,VICEROY HOTELS LIMITED,H
VIJIFIN,BE,VIJI FINANCE LIMITED,H
VIKASECO,EQ,VIKAS ECOTECH LIMITED,H
VIKASWSP,EQ,VIKAS WSP LIMITED,H
VISASTEEL,EQ,VISA STEEL LIMITED,H
VISHNU,EQ,VISHNU CHEMICALS LIMITED,H
VIVIDHA,BE,VISAGAR POLYTEX LTD,H
VSCL,SM,VADIVARHE SPCLTY CHEM LTD,H
XELPMOC,EQ,XELPMOC DESIGN & TECH LTD,H
ZENITHSTL,BE,ZENITH STEEL PIP IND LTD,H
ZICOM,BZ,ZICOM ELECT SEC SYS LTD,H
21STCENMGM,EQ,21ST CENTURY MGMT SERVICE,L
ADVANIHOTR,BE,ADVANI HOT.& RES.(I) LTD,L
AGRITECH,BE,AGRI-TECH (INDIA) LIMITED,L
AGROPHOS,EQ,AGRO PHOS INDIA LIMITED,L
AJOONI,SM,AJOONI BIOTECH LIMITED,L
ALCHEM,BZ,ALCHEMIST LTD,L
ANIKINDS,BE,ANIK INDUSTRIES LTD,L
ARCOTECH,BZ,ARCOTECH LIMITED,L
BAFNAPH,BE,BAFNA PHARMACEUTICALS LTD,L
BALKRISHNA,BE,BALKRISHNA PAPER MILLS L,L
BALLARPUR,BZ,BALLARPUR INDUSTRIES LTD,L
BETA,SM,BETA DRUGS LIMITED,L
BIGBLOC,BE,BIGBLOC CONSTRUCTION LTD,L
BILENERGY,BZ,BIL ENERGY SYSTEMS LTD,L
BIOFILCHEM,BE,BIOFIL CHEM & PHARMA LTD.,L
BIRLATYRE,EQ,BIRLA TYRES LIMITED,L
BLUECOAST,BE,BLUE COAST HOTELS LIMITED,L
BOHRA,SM,BOHRA INDUSTRIES LIMITED,L
BRIGHT,SM,BRIGHT SOLAR LIMITED,L
BURNPUR,BE,BURNPUR CEMENT LTD.,L
BVCL,BE,BARAK VALLEY CEM. LTD.,L
BYKE,BE,THE BYKE HOSPITALITY LTD,L
CADSYS,SM,CADSYS (INDIA) LIMITED,L
CASTEXTECH,BE,CASTEX TECHNOLOGIES LTD.,L
CCHHL,BE,COUNTRY CLUB HOSP HOL LTD,L
CENTEXT,BE,CENTURY EXTRUSIONS LTD,L
CHROMATIC,BZ,CHROMATIC INDIA LTD,L
CKFSL,BZ,COX & KINGS FIN SERV LTD,L
CORALFINAC,EQ,CORAL INDIA FIN & HOUS LT,L
COUNCODOS,BE,COUNTRY CONDO'S LIMITED,L
COX&KINGS,BZ,COX & KINGS LIMITED,L
DCM,BE,DCM LIMITED,L
DCMFINSERV,EQ,DCM FINANCIAL SERVICES LT,L
DGCONTENT,EQ,DIGICONTENT LIMITED,L
DHFL,EQ,DEWAN HOUSING FIN CORP LT,L
DQE,EQ,DQ ENTERTAINMENT INT LTD,L
DSML,SM,DEBOCK SALE MARKETING LTD,L
DSSL,EQ,DYNACONS SYS & SOLN LTD,L
EDUCOMP,BZ,EDUCOMP SOLUTIONS LTD,L
EUROCERA,BZ,EURO CERAMICS LTD.,L
EUROMULTI,BZ,EURO MULTIVISION LTD,L
FAIRCHEMOR,BE,FAIRCHEM ORGANICS LIMITED,L
FLEXITUFF,BE,FLEXITUFF VENTURES INT L,L
GAMMNINFRA,EQ,GAMMON INFRA PROJ LTD.,L
GBGLOBAL,BE,GB GLOBAL LIMITED,L
GLFL,EQ,GUJARAT LEASE FINANCING L,L
GLOBALVECT,BZ,GLOBAL VEC HELICORP LTD,L
GLOBOFFS,EQ,GLOBAL OFFSHORE SERV LTD,L
GMBREW,BZ,GM BREWERIES LTD,L
GOENKA,BZ,GOENKA DIAMOND&JEWELS LTD,L
GTLINFRA,EQ,GTL INFRA.LTD,L
GUJRAFFIA,BE,GUJARAT RAFFIA INDUST LTD,L
GVKPIL,BZ,GVK POW. & INFRA LTD.,L
INDOSOLAR,BZ,INDOSOLAR LIMITED,L
INDOWIND,BE,INDOWIND ENERGY LTD,L
INDSWFTLTD,BE,IND-SWIFT LIMITED,L
INNOVATIVE,SM,INNOVATIVE TYRES & TUBES,L
INTEGRA,BE,INTEGRA GARMENT & TEX LTD,L
JAIHINDPRO,BZ,JAIHIND PROJECTS LTD,L
JAYNECOIND,BE,JAYASWAL NECO INDUSTR LTD,L
JETAIRWAYS,BZ,JET AIRWAYS (INDIA) LTD.,L
JISLDVREQS,EQ,JAIN DVR EQUITY SHARES,L
JITFINFRA,BE,JITF INFRALOGISTICS LTD,L
JPINFRATEC,BE,JAYPEE INFRATECH LTD,L
JUMPNET,EQ,JUMP NETWORKS LIMITED,L
JYOTISTRUC,BZ,JYOTI STRUCTURES LTD,L
KAUSHALYA,BE,KAUSHALYA INFRA DEV LTD.,L
KEERTI,EQ,KEERTI KNOW & SKILL LTD.,L
KGL,BZ,KARUTURI GLOBAL LIMITED,L
KOHINOOR,BZ,KOHINOOR FOODS LIMITED,L
KRIDHANINF,BE,KRIDHAN INFRA LIMITED,L
KSERASERA,BZ,KSS LIMITED,L
KSK,BZ,KSK ENERGY VENTURES LTD,L
LGBFORGE,BE,LGB FORGE LIMITED,L
LPDC,EQ,LANDMARK PR.DEV.CO.LTD,L
LSIL,BE,LLOYDS STEELS IND. LTD.,L
LYPSAGEMS,BE,LYPSA GEMS & JEWEL LTD,L
MADHUCON,BE,MADHUCON PROJECTS LTD.,L
MARSHALL,SM,MARSHALL MACHINES LTD,L
MBAPL,BE,MADHYA BHARAT AGRO P. LTD,L
MERCATOR,BE,MERCATOR LIMITED,L
METALFORGE,BE,METALYST FORGINGS LIMITED,L
METKORE,BZ,METKORE ALLOYS & IND LTD,L
MIC,BZ,MIC ELECTRONICS LIMITED,L
MITTAL,EQ,MITTAL LIFE STYLE LIMITED,L
NATNLSTEEL,BE,NATIONAL STEEL & AGRO IND,L
NECCLTD,EQ,NORTH EAST CARRY CORP LTD,L
NITINFIRE,BZ,NITIN FIRE PROT IND. LTD.,L
OILCOUNTUB,BE,OIL COUNTRY TUBULAR LTD.,L
OISL,BZ,OCL IRON AND STEEL LTD,L
OMKARCHEM,BE,OMKAR SPL CHEM LTD,L
ONELIFECAP,BE,ONELIFE CAP ADVISORS LTD,L
OPTIEMUS,BE,OPTIEMUS INFRACOM LTD,L
ORTEL,BZ,ORTEL COMMUNICATIONS LTD,L
PARSVNATH,BE,PARSVNATH DEVELOPER LTD,L
PROSEED,BE,PROSEED INDIA LIMITED,L
RADAAN,EQ,RADAAN MEDIAWORKS (I) LTD,L
RAJRAYON,BZ,RAJ RAYON INDUSTRIES LTD,L
RAMSARUP,BZ,RAMSARUP INDUSTRIES LTD,L
RCOM,EQ,RELIANCE COMMUNICATIONS L,L
REFEX,BZ,REFEX INDUSTRIES LIMITED,L
RELCAPITAL,BE,REL CAPITAL - DEPO. SETT.,L
RHFL,BE,RELIANCE HOME FINANCE LTD,L
RMCL,BE,RADHA MADHAV CO. LTD.,L
RNAVAL,EQ,RELIANCE NAVAL & ENGG LTD,L
ROHITFERRO,BE,ROHIT FERRO-TECH LIMITED,L
ROLTA,EQ,ROLTA INDIA LTD,L
RPOWER,BE,RELIANCE POWER LTD.,L
RPPL,SM,RAJSHREE POLYPACK LTD,L
RVHL,BE,RAVINDER HEIGHTS LIMITED,L
SANWARIA,BZ,SANWARIA CONSUMER LIMITED,L
SCAPDVR,EQ,STAMPEDE CAPITAL LIMITED,L
SHRENIK,EQ,SHRENIK LIMITED,L
SILLYMONKS,BE,SILLY MONKS ENTERTAIN LTD,L
SINTEX,BE,SINTEX INDUSTRIES LTD,L
SPENTEX,BZ,SPENTEX IND. LTD,L
SPTL,BE,SINTEX PLASTICS TECH LTD,L
SPYL,BE,SHEKHAWATI POLY-YARN LTD.,L
SUBCAPCITY,BE,INTERNATIONAL CONST LTD,L
SUNDARAM,EQ,SUNDARAM MULTI PAP LTD,L
SUPERSPIN,EQ,SUPER SPINNING MILLS LTD,L
SYNCOM,BZ,SYNCOM HEALTHCARE LTD,L
TALWALKARS,BZ,TALWALKAR FITNESS LTD,L
TALWGYM,BZ,TALWALKARS HEALTHCLUB LTD,L
TARC,BE,ANANT RAJ GLOBAL LIMITED,L
TECHNOFAB,BZ,TECHNOFAB ENG LTD,L
TGBHOTELS,BE,TGB BANQUETS&HOTELS LTD,L
TVVISION,BE,TV VISION LIMITED,L
UNIINFO,SM,UNIINFOTELECOMSERVILTD,L
UNITECH,BZ,UNITECH LIMITED,L
UNITY,BZ,UNITY INFRAPROJECTS LTD,L
URJA,BE,URJA GLOBAL LIMITED,L
UTTAMSTL,EQ,UTTAM GALVA STEELS LTD,L
VICEROY,BE,VICEROY HOTELS LIMITED,L
VIDEOIND,BZ,VIDEOCON INDUSTRIES LIMIT,L
VIJIFIN,BE,VIJI FINANCE LIMITED,L
VIKASECO,EQ,VIKAS ECOTECH LIMITED,L
VIKASMCORP,EQ,VIKAS MULTICORP LIMITED,L
VISHAL,EQ,VISHAL FABRICS LIMITED,L
WSI,BE,W.S.INDUSTRIES (I) LTD.,L
ZEEMEDIA,EQ,ZEE MEDIA CORPORATION LTD,L
ZENITHEXPO,BE,ZENITH EXPORTS LTD,L
ZENITHSTL,BE,ZENITH STEEL PIP IND LTD,L
ZICOM,BZ,ZICOM ELECT SEC SYS LTD,L
