GAIN_LOSS,SECURITY,CLOSE_PRIC,PREV_CL_PR,PERCENT_CG
 ,Nifty 50 Sec., , , 
 , , , , 
G,TATA MOTORS LIMITED,       186.35,       175.95,5.91
G,JSW STEEL LIMITED,       386.60,       366.25,5.56
G,HDFC LIFE INS CO LTD,       678.70,       657.25,3.26
G,TITAN COMPANY LIMITED,      1543.55,      1495.90,3.19
G,SBI LIFE INSURANCE CO LTD,       901.65,       873.90,3.18
G,STATE BANK OF INDIA,       275.20,       266.85,3.13
G,LARSEN & TOUBRO LTD.,      1289.40,      1262.20,2.15
G,GAIL (INDIA) LTD,       122.65,       120.15,2.08
G,ULTRATECH CEMENT LIMITED,      5142.15,      5044.75,1.93
G,TATA STEEL LIMITED,       632.65,       622.30,1.66
G,INDUSIND BANK LIMITED,       866.95,       852.80,1.66
G,INDIAN OIL CORP LTD,        91.70,        90.25,1.61
G,KOTAK MAHINDRA BANK LTD,      1988.90,      1960.60,1.44
G,BHARAT PETROLEUM CORP  LT,       382.75,       377.55,1.38
G,ASIAN PAINTS LIMITED,      2683.90,      2648.25,1.35
G,ICICI BANK LTD.,       520.10,       513.55,1.28
G,HINDALCO  INDUSTRIES  LTD,       239.90,       236.95,1.24
G,AXIS BANK LIMITED,       617.65,       610.20,1.22
G,BAJAJ AUTO LIMITED,      3414.70,      3374.75,1.18
G,HDFC BANK LTD,      1412.85,      1397.10,1.13
G,GRASIM INDUSTRIES LTD,       906.65,       897.15,1.06
G,ADANI PORT & SEZ LTD,       483.55,       478.55,1.04
G,COAL INDIA LTD,       137.65,       136.25,1.03
G,UPL LIMITED,       453.40,       449.40,.89
G,HDFC LTD,      2476.45,      2455.15,.87
G,BHARTI AIRTEL LIMITED,       521.60,       517.30,.83
G,POWER GRID CORP. LTD.,       191.55,       190.00,.82
G,OIL AND NATURAL GAS CORP.,        93.80,        93.15,.7
G,TATA CONSULTANCY SERV LT,      2929.40,      2909.35,.69
G,EICHER MOTORS LTD,      2451.35,      2436.75,.6
 , , , , 
L,SUN PHARMACEUTICAL IND L,       586.95,       590.45,-0.59
L,HINDUSTAN UNILEVER LTD.,      2388.90,      2402.25,-0.56
L,SHREE CEMENT LIMITED,     23715.55,     23826.75,-0.47
L,BRITANNIA INDUSTRIES LTD,      3603.55,      3618.25,-0.41
L,CIPLA LTD,       830.15,       833.20,-0.37
L,TECH MAHINDRA LIMITED,       947.10,       947.25,-0.02
 , , , , 
 ,Nifty Next 50 Sec., , , 
 , , , , 
G,MOTHERSON SUMI SYSTEMS LT,       160.65,       154.05,4.28
G,UNITED BREWERIES LTD,      1163.80,      1126.40,3.32
G,DLF LIMITED,       233.20,       226.10,3.14
G,PUNJAB NATIONAL BANK,        32.40,        31.45,3.02
G,PIRAMAL ENTERPRISES LTD,      1445.60,      1406.60,2.77
G,INTERGLOBE AVIATION LTD,      1687.90,      1643.80,2.68
G,BANK OF BARODA,        62.40,        60.85,2.55
G,MUTHOOT FINANCE LIMITED,      1218.10,      1187.95,2.54
G,POWER FIN CORP LTD.,       116.85,       114.15,2.37
G,NMDC LTD.,       115.95,       113.35,2.29
G,PETRONET LNG LIMITED,       251.15,       246.10,2.05
G,DABUR INDIA LTD,       525.05,       514.55,2.04
G,BANDHAN BANK LIMITED,       406.15,       398.15,2.01
G,UNITED SPIRITS LIMITED,       579.85,       569.35,1.84
G,PIDILITE INDUSTRIES LTD,      1757.35,      1731.85,1.47
G,SIEMENS LTD,      1572.95,      1550.75,1.43
G,MARICO LIMITED,       406.80,       401.30,1.37
G,BERGER PAINTS (I) LTD,       740.90,       731.05,1.35
G,ADANI TRANSMISSION LTD,       433.65,       428.10,1.3
G,BOSCH LIMITED,     12840.70,     12686.30,1.22
G,ICICI PRU LIFE INS CO LTD,       500.95,       496.15,0.97
G,COLGATE PALMOLIVE LTD.,      1583.40,      1568.85,0.93
G,ICICI LOMBARD GIC LIMITED,      1497.65,      1484.05,0.92
G,GODREJ CONSUMER PRODUCTS,       727.25,       721.00,0.87
G,HAVELLS INDIA LIMITED,       903.60,       895.90,0.86
G,LUPIN LIMITED,       983.75,       976.20,0.77
G,HINDUSTAN PETROLEUM CORP,       215.20,       213.65,0.73
G,BAJAJ HOLDINGS & INVS LTD,      3092.15,      3073.05,0.62
G,SBI CARDS & PAY SER LTD,       840.00,       835.20,0.57
G,ACC LIMITED,      1622.45,      1614.65,0.48
 , , , , 
L,BIOCON LIMITED.,       465.80,       481.95,-3.35
L,ORACLE FIN SERV SOFT LTD.,      3181.90,      3220.00,-1.18
L,P&G HYGIENE & HEALTH CARE,     10969.90,     11086.95,-1.06
L,CADILA HEALTHCARE LIMITED,       487.70,       489.50,-0.37
L,ABBOTT INDIA LIMITED,     15697.70,     15727.40,-0.19
L,AUROBINDO PHARMA LTD,       908.35,       909.00,-0.07
 , , , , 
 ,OTHER SECURITIES, , , 
 , , , , 
G,IFGL REFRACTORIES LIMITED,       243.60,       203.00,20
G,PRITISH NANDY COMMUNICATI,        20.40,        17.00,20
G,CESC VENTURES LIMITED,       346.55,       288.80,20
G,KREBS BIOCHEMICALS & IND,       137.75,       114.80,19.99
G,VAISHALI PHARMA LIMITED,        48.65,        40.55,19.98
G,GPT INFRAPROJECTS LTD,        44.20,        36.85,19.95
G,MOHOTA INDUSTRIES LIMITED,        10.25,         8.55,19.88
G,PAISALO DIGITAL LIMITED,       621.65,       520.60,19.41
G,HBL POWER SYSTEMS LTD.,        36.80,        30.90,19.09
G,HINDUSTAN FOODS LIMITED,      1542.45,      1298.50,18.79
G,BHANDARI HOSIERY EXP LTD,         1.90,         1.60,18.75
G,FIRSTSOURCE SOLU. LTD.,       108.95,        91.90,18.55
G,TRIB BHIMJI ZAVERI LTD,        55.90,        47.25,18.31
G,BALMER LAWRIE & CO LTD,       134.05,       116.15,15.41
G,MEP INFRA. DEVELOPERS LTD,        19.15,        16.60,15.36
G,FINEOTEX CHEMICAL LIMITED,        55.15,        48.40,13.95
G,MAAN ALUMINIUM LIMITED,        94.60,        83.55,13.23
G,SEC RED NCD SR. 8B,       440.00,       390.00,12.82
G,TIPS INDUSTRIES LIMITED,       325.25,       288.90,12.58
G,PILANI INV & IND COR LTD,      2824.65,      2512.20,12.44
G,SNOWMAN LOGISTICS LTD.,        58.60,        52.15,12.37
G,LOKESH MACHINES LTD,        36.15,        32.25,12.09
G,WORTH PERIPHERALS LIMITED,        52.70,        47.05,12.01
G,UNS RED NCD 9.40% SR. IV,       179.99,       161.00,11.8
G,SASKEN TECHNOLOGIES LTD,       811.70,       726.85,11.67
G,STEL HOLDINGS LIMITED,        69.20,        62.10,11.43
G,GOLDIAM INTERNATIONAL LTD,       241.85,       217.30,11.3
G,TD POWER SYSTEMS LTD.,       148.45,       133.40,11.28
G,ORIENT BELL LIMITED,       206.25,       185.80,11.01
G,COMMERCIAL ENG & CO. LTD,        18.05,        16.30,10.74
 , , , , 
L,USHANTI COLOUR CHEM LTD,        29.00,        34.50,-15.94
L,IREDA 8.55NCDTR I SR II A,      1325.00,      1479.99,-10.47
L,R M DRIP & SPRINK SYS LTD,        41.55,        46.05,-9.77
L,SEC RED NCD 9.30% SR. II,      1018.00,      1125.00,-9.51
L,SEC RED NCD 9.00% SR. III,       308.80,       340.80,-9.39
L,SHRENIK LIMITED,         4.50,         4.85,-7.22
L,SRNCD SR VII B,      1124.00,      1199.00,-6.26
L,MRS BECTORS FOOD SPE LTD,       559.15,       594.20,-5.9
L,DISH TV INDIA LTD.,        13.90,        14.75,-5.76
L,INDO TECH TRANSFORM LTD.,       114.15,       121.10,-5.74
L,SE RE NCD SR.II OPII,      1103.27,      1168.00,-5.54
L,BOND 9.01%PA TF TR-I S 3B,      7198.00,      7594.66,-5.22
L,SHRIRAM EPC LTD.,         4.55,         4.80,-5.21
L,9.01% TAX FREETRII SR3B,      1434.76,      1511.54,-5.08
L,SEC RED NCD 8.90% SR. I,       350.40,       369.02,-5.05
L,NAGREEKA CAP & INFR.LTD,         5.70,         6.00,-5
L,INNOVATIVE TYRES & TUBES,         9.50,        10.00,-5
L,UNIINFOTELECOMSERVILTD,        24.80,        26.10,-4.98
L,GOI LOAN  3.96% 2022,        77.51,        81.54,-4.94
L,GLOBAL OFFSHORE SERV LTD,         9.70,        10.20,-4.9
L,DEWAN HOUSING FIN CORP LT,        28.30,        29.75,-4.87
L,SEC RED NCD 9.60% SR. V,       666.05,       700.00,-4.85
L,CADSYS (INDIA) LIMITED,        23.65,        24.85,-4.83
L,DEBOCK SALE MARKETING LTD,        13.85,        14.55,-4.81
L,SHYAM TELECOM LIMITED,         7.05,         7.40,-4.73
L,BIRLA TYRES LIMITED,        28.80,        30.20,-4.64
L,ULTRA WIRING CONN SYS LTD,        22.65,        23.75,-4.63
L,VIKAS ECOTECH LIMITED,         4.20,         4.40,-4.55
L,RELIANCE NAVAL & ENGG LTD,         3.15,         3.30,-4.55
L,BETA DRUGS LIMITED,       108.85,       113.95,-4.48
