SYMBOL,SERIES,SECURITY,HIGH/LOW,INDEX FLAG
21STCENMGM,EQ,21ST CENTURY MGMT SERVICE,H
3IINFOTECH,EQ,3I INFOTECH LTD.,H
3PLAND,EQ,3P LAND HOLDINGS LIMITED,H
ACCURACY,SM,ACCURACY SHIPPING LIMITED,H
ADHUNIKIND,EQ,ADHUNIK INDUSTRIES LTD,H
ADL,BE,ARCHIDPLY DECOR LIMITED,H
ADROITINFO,BE,ADROIT INFOTECH LIMITED,H
AGROPHOS,EQ,AGRO PHOS INDIA LIMITED,H
ALCHEM,EQ,ALCHEMIST LTD,H
ANIKINDS,EQ,ANIK INDUSTRIES LTD,H
ANKITMETAL,EQ,ANKIT MET & POW LTD,H
ANSALAPI,EQ,ANSAL PROP & INFRA LTD,H
ANSALHSG,EQ,ANSAL HOUSING LIMITED,H
ARCOTECH,EQ,ARCOTECH LIMITED,H
BAFNAPH,BE,BAFNA PHARMACEUTICALS LTD,H
BALLARPUR,BZ,BALLARPUR INDUSTRIES LTD,H
BANSWRAS,EQ,BANSWARA SYNTEX LIMITED,H
BARTRONICS,BZ,BARTRONICS INDIA LIMITED,H
BCONCEPTS,SM,BRAND CONCEPTS LIMITED,H
BCP,EQ,B.C. POWER CONTROLS LTD,H
BIGBLOC,BE,BIGBLOC CONSTRUCTION LTD,H
BILENERGY,BZ,BIL ENERGY SYSTEMS LTD,H
BIOFILCHEM,BE,BIOFIL CHEM & PHARMA LTD.,H
BIRLATYRE,EQ,BIRLA TYRES LIMITED,H
BOHRA,SM,BOHRA INDUSTRIES LIMITED,H
BSELINFRA,EQ,BSEL INFRASTRUCTURE REALT,H
BURNPUR,EQ,BURNPUR CEMENT LTD.,H
CANDC,BZ,C&C CONST. LTD,H
CASTEXTECH,BE,CASTEX TECHNOLOGIES LTD.,H
CCHHL,EQ,COUNTRY CLUB HOSP HOL LTD,H
CENTUM,EQ,CENTUM ELECTRONICS LTD,H
CHROMATIC,EQ,CHROMATIC INDIA LTD,H
CINEVISTA,EQ,CINEVISTA LIMITED,H
CMICABLES,EQ,CMI LIMITED,H
COUNCODOS,BE,COUNTRY CONDO'S LIMITED,H
COX&KINGS,BZ,COX & KINGS LIMITED,H
CREATIVEYE,EQ,CREATIVE EYE LIMITED,H
DCM,EQ,DCM LTD,H
DCMFINSERV,EQ,DCM FINANCIAL SERVICES LT,H
DELTAMAGNT,BE,DELTA MANUFACTURING LTD,H
DHARSUGAR,EQ,DHARANI SUGARS & CHEMICAL,H
DHFL,EQ,DEWAN HOUSING FIN CORP LT,H
DHFL,NH,SEC RED NCD SR. 9B,H
DIAPOWER,BZ,DIAMOND POWER INFRA LTD,H
DIGISPICE,BE,DIGISPICE TECHNOLOGIES LT,H
DIGJAMLTD,BZ,DIGJAM LIMITED,H
DQE,EQ,DQ ENTERTAINMENT INT LTD,H
DUCON,EQ,DUCON INFRATECHNOLOGIES L,H
EASUNREYRL,BZ,EASUN REYROLLE LTD,H
EDUCOMP,BZ,EDUCOMP SOLUTIONS LTD,H
EMCO,BZ,EMCO LIMITED,H
EMOFSR1DGG,MF,EDELAMC - EMOFSR1DGG,H
ENERGYDEV,EQ,ENERGY DEVE. CO.LTD,H
EQ30,EQ,EDEL ETF NIFTY 100 QUAL30,H
EUROMULTI,EQ,EURO MULTIVISION LTD,H
EXCEL,BE,EXCEL REALTY N INFRA LTD,H
FCL,EQ,FINEOTEX CHEMICAL LIMITED,H
FCSSOFT,EQ,FCS SOFTWARE SOLN. LTD.,H
FLEXITUFF,BE,FLEXITUFF VENTURES INT L,H
FMNL,EQ,FUTURE MKT NETWORKS LTD,H
FOCUS,SM,FOCUS LIGHTG & FIXTRS LTD,H
GAMMNINFRA,EQ,GAMMON INFRA PROJ LTD.,H
GAYAHWS,EQ,GAYATRI HIGHWAYS LIMITED,H
GAYAPROJ,EQ,GAYATRI PROJECTS LTD,H
GBGLOBAL,EQ,GB GLOBAL LIMITED,H
GINNIFILA,EQ,GINNI FILAMENTS LTD,H
GISOLUTION,EQ,GI ENGINEERING SOLNS LTD,H
GKWLIMITED,EQ,GKW LIMITED,H
GLOBAL,EQ,GLOBAL EDUCATION LIMITED,H
GOENKA,BZ,GOENKA DIAMOND&JEWELS LTD,H
GREENPANEL,EQ,GREENPANEL INDUSTRIES LTD,H
GRETEX,SM,GRETEX INDUSTRIES LTD.,H
GTL,EQ,GTL LTD,H
GTLINFRA,EQ,GTL INFRA.LTD,H
GUJRAFFIA,BE,GUJARAT RAFFIA INDUST LTD,H
HAVISHA,BE,SRI HAVISHA HOSP & INFR L,H
HDIL,BZ,HOUSING DEV & INFRA LTD,H
HMT,BZ,HMT LTD -,H
ICEMAKE,EQ,ICE MAKE REFRIGERAT LTD,H
IFCI,EQ,IFCI LTD,H
IITL,EQ,INDUSTRIAL INV TRUST LTD,H
IL&FSENGG,BZ,IL&FS ENG AND CONS CO LTD,H
IL&FSTRANS,BZ,IL&FS TRANS NET LTD,H
IMPEXFERRO,EQ,IMPEX FERRO TECH LIMITED,H
INDBANK,EQ,INDBANK MERCH BANK,H
INDLMETER,EQ,IMP POWERS LTD,H
INDORAMA,EQ,INDO RAMA SYNTHETICS LTD,H
INDOSOLAR,BZ,INDOSOLAR LIMITED,H
INDOWIND,EQ,INDOWIND ENERGY LTD,H
INNOVATIVE,SM,INNOVATIVE TYRES & TUBES,H
INTEGRA,EQ,INTEGRA GARMENT & TEX LTD,H
IZMO,EQ,IZMO LIMITED,H
JAYNECOIND,EQ,JAYASWAL NECO INDUSTR LTD,H
JBFIND,EQ,JBF INDUSTRIES LTD,H
JETAIRWAYS,BZ,JET AIRWAYS (INDIA) LTD.,H
JINDALPHOT,EQ,JINDAL PHOTO LIMITED,H
JITFINFRA,BE,JITF INFRALOGISTICS LTD,H
JPASSOCIAT,EQ,JAIPRAKASH ASSOCIATES LTD,H
JPINFRATEC,EQ,JAYPEE INFRATECH LTD,H
JPOLYINVST,EQ,JIND POL INV & FIN CO LTD,H
JSWISPL,EQ,JSW ISPAT SPE PRO LTD,H
JUBLINDS,EQ,JUBILANT INDUSTRIES LTD,H
KAUSHALYA,EQ,KAUSHALYA INFRA DEV LTD.,H
KERNEX,BE,KERNEX MICROSYS(I) LTD,H
KEYFINSERV,EQ,KEYNOTE FIN SERV LTD.,H
KRIDHANINF,EQ,KRIDHAN INFRA LIMITED,H
KSK,BZ,KSK ENERGY VENTURES LTD,H
KWALITY,EQ,KWALITY LIMITED,H
LAKPRE,BZ,LAKSHMI PRE SCRE LTD,H
LAMBODHARA,EQ,LAMBODHARA TEXTILES LTD.,H
LOVABLE,EQ,LOVABLE LINGERIE LTD,H
LPDC,EQ,LANDMARK PR.DEV.CO.LTD,H
LSIL,EQ,LLOYDS STEELS IND. LTD.,H
MACPOWER,EQ,MACPOWER CNC MACHINES LTD,H
MADHUCON,EQ,MADHUCON PROJECTS LTD.,H
MAHESHWARI,BE,MAHESHWARI LOGISTICS LTD.,H
MANAKCOAT,EQ,MAN COAT METAL & IND LTD,H
MANAKSTEEL,EQ,MANAKSIA STEELS LTD,H
MANGTIMBER,EQ,MANGALAM TIMBER PRODUCTS,H
MARSHALL,SM,MARSHALL MACHINES LTD,H
MELSTAR,BZ,MELSTAR INFORMATION TECH,H
MENONBE,BE,MENON BEARINGS LIMITED,H
MERCATOR,EQ,MERCATOR LIMITED,H
METALFORGE,EQ,METALYST FORGINGS LIMITED,H
METKORE,BZ,METKORE ALLOYS & IND LTD,H
MIC,BE,MIC ELECTRONICS LIMITED,H
MRO-TEK,EQ,MRO-TEK REALTY LIMITED,H
MUKANDENGG,EQ,MUKAND ENGINEERS LIMITED,H
NDRAUTO,EQ,NDR AUTO COMPONENTS LTD,H
NETF,EQ,TATAAML - NETF,H
NEXTMEDIA,EQ,NEXT MEDIAWORKS LIMITED,H
NIBL,BE,NRB INDUS. BEARINGS LTD.,H
NILASPACES,EQ,NILA SPACES LIMITED,H
NITINFIRE,BZ,NITIN FIRE PROT IND. LTD.,H
NITINSPIN,BE,NITIN SPINNERS LIMITED,H
OILCOUNTUB,BE,OIL COUNTRY TUBULAR LTD.,H
OMKARCHEM,BE,OMKAR SPL CHEM LTD,H
ONELIFECAP,EQ,ONELIFE CAP ADVISORS LTD,H
OPTOCIRCUI,BE,OPTO CIRCUITS (I) LTD,H
ORCHPHARMA,BZ,ORCHID PHARMA LIMITED,H
ORTEL,BZ,ORTEL COMMUNICATIONS LTD,H
PALASHSECU,EQ,PALASH SECURITIES LTD,H
PALREDTEC,BE,PALRED TECHNOLOGIES LTD,H
PARABDRUGS,BZ,PARABOLIC DRUGS LTD,H
PARSVNATH,BE,PARSVNATH DEVELOPER LTD,H
PATINTLOG,EQ,PATEL INT. LOG. LTD,H
PEARLPOLY,EQ,PEARL POLYMERS LTD,H
PENINLAND,EQ,PENINSULA LAND LIMITED,H
PENTAGOLD,SM,PENTA GOLD LIMITED,H
PRAKASHSTL,EQ,PRAKASH STEELAGE LTD,H
PREMIER,EQ,PREMIER LIMITED,H
PROLIFE,SM,PROLIFE INDUSTRIES LTD,H
PUNJLLOYD,BZ,PUNJ LLOYD LIMITED,H
RADAAN,EQ,RADAAN MEDIAWORKS (I) LTD,H
RAJRAYON,BZ,RAJ RAYON INDUSTRIES LTD,H
RAMSARUP,BZ,RAMSARUP INDUSTRIES LTD,H
RANASUG,EQ,RANA SUGARS LTD.,H
RCOM,EQ,RELIANCE COMMUNICATIONS L,H
RELCAPITAL,EQ,RELIANCE CAPITAL LTD,H
RMCL,EQ,RADHA MADHAV CO. LTD.,H
ROHITFERRO,BE,ROHIT FERRO-TECH LIMITED,H
ROLLT,EQ,ROLLATAINERS LIMITED,H
ROML,EQ,RAJ OIL MILLS LIMITED,H
RPOWER,BE,RELIANCE POWER LTD.,H
RSSOFTWARE,EQ,R. S. SOFTWARE (INDIA) LI,H
SABTN,EQ,SRI ADHIKARI BROS.,H
SALONA,EQ,SALONA COTSPIN LTD.,H
SAMBHAAV,EQ,SAMBHAAV MEDIA LTD,H
SANGINITA,EQ,SANGINITA CHEMICALS LTD,H
SANWARIA,BZ,SANWARIA CONSUMER LIMITED,H
SCI,EQ,SHIPPING CORP OF INDIA LT,H
SECURCRED,SM,SECUR CREDENTIALS LIMITED,H
SELMCL,BZ,SEL MANU. CO. LTD.,H
SETUINFRA,EQ,SETUBANDHAN INFRA LTD,H
SEZAL,BZ,SEZAL GLASS LIMITED,H
SHAHALLOYS,EQ,SHAH ALLOYS LIMITED,H
SHRADHA,EQ,SHRADHA INFRAPROJECTS LTD,H
SHRENIK,EQ,SHRENIK LIMITED,H
SHYAMCENT,EQ,SHYAM CENTURY FERROUS LTD,H
SICAL,EQ,SICAL LOGISTICS LIMITED,H
SIL,BE,STANDARD INDUSTRIES LTD.,H
SILLYMONKS,BE,SILLY MONKS ENTERTAIN LTD,H
SIMBHALS,EQ,SIMBHAOLI SUGARS LTD.,H
SINTEX,BE,SINTEX INDUSTRIES LTD,H
SITINET,BE,SITI NETWORKS LIMITED,H
SKIL,EQ,SKIL INFRASTRUCTURE LTD.,H
SMPL,BZ,SPLENDID METAL PRODUCTS L,H
SPMLINFRA,EQ,SPML INFRA LIMITED,H
SPTL,EQ,SINTEX PLASTICS TECH LTD,H
SUJANAUNI,BE,SUJANA UNI. INDS. LTD.,H
SUMEETINDS,EQ,SUMEET IND LIMITED,H
SUNDARAM,EQ,SUNDARAM MULTI PAP LTD,H
SUZLON,BE,SUZLON ENERGY LIMITED,H
SYNCOM,BZ,SYNCOM HEALTHCARE LTD,H
TANLA,EQ,TANLA PLATFORMS LIMITED,H
TEJASNET,EQ,TEJAS NETWORKS LIMITED,H
TGBHOTELS,EQ,TGB BANQUETS&HOTELS LTD,H
THIRUSUGAR,BZ,THIRU AROORAN SUGARS LTD,H
TNTELE,BE,TAMILNADU TELECOMMUNICATI,H
TREJHARA,EQ,TREJHARA SOLUTIONS LTD,H
TRIL,EQ,TRANS & RECTI. LTD,H
TVVISION,EQ,TV VISION LIMITED,H
UJAAS,EQ,UJAAS ENERGY LIMITED,H
UMESLTD,EQ,USHA MARTIN EDU & SOL LTD,H
UNIINFO,SM,UNIINFOTELECOMSERVILTD,H
UNITECH,BZ,UNITECH LIMITED,H
UNITY,BZ,UNITY INFRAPROJECTS LTD,H
URJA,EQ,URJA GLOBAL LIMITED,H
V2RETAIL,BE,V2 RETAIL LIMITED,H
VARDMNPOLY,EQ,VARDHMAN POLYTEX LTD.,H
VASA,SM,VASA RETAIL & OVERSEA LTD,H
VASCONEQ,BE,VASCON ENGINEERS LTD,H
VASWANI,EQ,VASWANI IND LTD,H
VENUSREM,EQ,VENUS REMEDIES LIMITED,H
VICEROY,BE,VICEROY HOTELS LIMITED,H
VIDEOIND,BZ,VIDEOCON INDUSTRIES LIMIT,H
VIJIFIN,EQ,VIJI FINANCE LIMITED,H
VIKASPROP,EQ,VIKAS PROP & GRANITE LTD,H
VIVIDHA,EQ,VISAGAR POLYTEX LTD,H
VSCL,SM,VADIVARHE SPCLTY CHEM LTD,H
WEIZMANIND,EQ,WEIZMANN LTD,H
WELINV,EQ,WELSPUN INV & COMM LTD,H
WSI,EQ,W.S.INDUSTRIES (I) LTD.,H
YAARII,EQ,YAARII DIG INTEGR SER LTD,H
ZENITHEXPO,EQ,ZENITH EXPORTS LTD,H
ZODJRDMKJ,EQ,ZODIAC JRD-MKJ LTD,H
21STCENMGM,EQ,21ST CENTURY MGMT SERVICE,L
A2ZINFRA,EQ,A2Z INFRA ENGINEERING LTD,L
ADHUNIKIND,EQ,ADHUNIK INDUSTRIES LTD,L
ANDHRACEMT,EQ,ANDHRA CEMENTS LIMITED,L
ANKITMETAL,EQ,ANKIT MET & POW LTD,L
ANSALAPI,EQ,ANSAL PROP & INFRA LTD,L
ARSHIYA,EQ,ARSHIYA LIMITED,L
ASHIMASYN,BE,ASHIMA LTD,L
ATLASCYCLE,BZ,ATLAS CYCLE (HARYANA) LTD,L
AUTOIND,EQ,AUTOLINE INDUSTRIES LTD,L
BAFNAPH,BE,BAFNA PHARMACEUTICALS LTD,L
BALKRISHNA,BE,BALKRISHNA PAPER MILLS L,L
BCP,EQ,B.C. POWER CONTROLS LTD,L
BEDMUTHA,EQ,BEDMUTHA INDUST LTD,L
BILENERGY,BZ,BIL ENERGY SYSTEMS LTD,L
BOHRA,SM,BOHRA INDUSTRIES LIMITED,L
CASTEXTECH,BE,CASTEX TECHNOLOGIES LTD.,L
CCCL,BE,CONS. CONST. CONSORT LTD,L
CENTEXT,EQ,CENTURY EXTRUSIONS LTD,L
CGPOWER,EQ,CG POWER AND IND SOL LTD,L
CHROMATIC,EQ,CHROMATIC INDIA LTD,L
CINEVISTA,EQ,CINEVISTA LIMITED,L
CKPLEISURE,SM,CKP LEISURE LIMITED,L
CTE,EQ,CAMBRIDGE TECH ENTER LTD,L
DBREALTY,BE,D B REALTY LIMITED,L
DIAPOWER,BZ,DIAMOND POWER INFRA LTD,L
DIGJAMLTD,BZ,DIGJAM LIMITED,L
DQE,EQ,DQ ENTERTAINMENT INT LTD,L
DSML,SM,DEBOCK SALE MARKETING LTD,L
EASUNREYRL,BZ,EASUN REYROLLE LTD,L
EDELWEISS,EQ,EDELWEISS FIN SERV LTD,L
EDUCOMP,BZ,EDUCOMP SOLUTIONS LTD,L
EKC,EQ,EVEREST KANTO CYLINDERLTD,L
EMAMIREAL,EQ,EMAMI REALTY LIMITED,L
EMCO,BZ,EMCO LIMITED,L
EUROMULTI,EQ,EURO MULTIVISION LTD,L
FEL,EQ,FUTURE ENTERPRISES LTD,L
FMGOETZE,EQ,FEDERAL-MOGUL GOETZE (IND,L
GAL,EQ,GYSCOAL ALLOYS LTD,L
GAMMNINFRA,EQ,GAMMON INFRA PROJ LTD.,L
GARDENSILK,EQ,GARDEN SILK MILLS LTD,L
GAYAHWS,EQ,GAYATRI HIGHWAYS LIMITED,L
GLFL,EQ,GUJARAT LEASE FINANCING L,L
GLOBOFFS,EQ,GLOBAL OFFSHORE SERV LTD,L
GOLDENTOBC,EQ,GOLDEN TOBACCO LIMITED,L
GREENPOWER,EQ,ORIENT GREEN POWER CO LTD,L
GTLINFRA,EQ,GTL INFRA.LTD,L
GTNIND,EQ,GTN INDUSTRIES LIMITED,L
GVKPIL,BZ,GVK POW. & INFRA LTD.,L
HCL-INSYS,EQ,HCL INFOSYSTEMS LTD,L
HILTON,EQ,HILTON METAL FORGING LTD,L
HITECHCORP,EQ,HITECH CORPORATION LTD,L
HOVS,EQ,HOV SERVICES LTD,L
ICEMAKE,EQ,ICE MAKE REFRIGERAT LTD,L
ICIL,EQ,INDO COUNT INDUSTRIES LTD,L
INDLMETER,EQ,IMP POWERS LTD,L
INDOSOLAR,BZ,INDOSOLAR LIMITED,L
INFIBEAM,BE,INFIBEAM AVENUES LIMITED,L
ISFT,EQ,INTRASOFT TECH. LTD,L
ISMTLTD,EQ,ISMT LIMITED,L
IVC,BE,IL&FS INVESTMENT MANAGERS,L
JAIHINDPRO,BZ,JAIHIND PROJECTS LTD,L
JAINSTUDIO,BZ,JAIN STUDIOS LIMITED,L
JIKIND,BE,JIK INDUSTRIES LTD,L
JPINFRATEC,EQ,JAYPEE INFRATECH LTD,L
JSWISPL,EQ,JSW ISPAT SPE PRO LTD,L
JUMPNET,EQ,JUMP NETWORKS LIMITED,L
JYOTISTRUC,BZ,JYOTI STRUCTURES LTD,L
KANANIIND,EQ,KANANI INDUSTRIES LTD,L
KGL,BZ,KARUTURI GLOBAL LIMITED,L
KWALITY,EQ,KWALITY LIMITED,L
LSIL,EQ,LLOYDS STEELS IND. LTD.,L
MANAKCOAT,EQ,MAN COAT METAL & IND LTD,L
MANUGRAPH,EQ,MANUGRAPH INDIA LIMITED,L
MBAPL,BE,MADHYA BHARAT AGRO P. LTD,L
MBECL,BE,MCNALLY BH. ENG. CO.LTD,L
METALFORGE,EQ,METALYST FORGINGS LIMITED,L
MIC,BE,MIC ELECTRONICS LIMITED,L
MODIRUBBER,BE,MODI RUBBER LTD,L
MOLDTECH,BE,MOLD-TEK TECHNOLOGIES LTD,L
MUKANDENGG,EQ,MUKAND ENGINEERS LIMITED,L
NATNLSTEEL,BE,NATIONAL STEEL & AGRO IND,L
NIBL,BE,NRB INDUS. BEARINGS LTD.,L
NILASPACES,EQ,NILA SPACES LIMITED,L
NITCO,EQ,NITCO LIMITED,L
NITINFIRE,BZ,NITIN FIRE PROT IND. LTD.,L
NORBTEAEXP,EQ,NORBEN TEA & EXPORTS LTD,L
NTL,EQ,NEUEON TOWERS LIMITED,L
OILCOUNTUB,BE,OIL COUNTRY TUBULAR LTD.,L
OISL,BZ,OCL IRON AND STEEL LTD,L
OMKARCHEM,BE,OMKAR SPL CHEM LTD,L
ONELIFECAP,EQ,ONELIFE CAP ADVISORS LTD,L
ONMOBILE,EQ,ONMOBILE GLOBAL LTD.,L
OPTIEMUS,BE,OPTIEMUS INFRACOM LTD,L
OPTOCIRCUI,BE,OPTO CIRCUITS (I) LTD,L
PARSVNATH,BE,PARSVNATH DEVELOPER LTD,L
PATSPINLTD,EQ,PATSPIN INDIA LTD,L
PENINLAND,EQ,PENINSULA LAND LIMITED,L
PKTEA,BE,THE P K TEA PROD CO LTD,L
PRAKASHSTL,EQ,PRAKASH STEELAGE LTD,L
PRECOT,BE,PRECOT MERIDIAN LIMITED,L
PREMIER,EQ,PREMIER LIMITED,L
PROSEED,EQ,PROSEED INDIA LIMITED,L
RADAAN,EQ,RADAAN MEDIAWORKS (I) LTD,L
RAJRAYON,BZ,RAJ RAYON INDUSTRIES LTD,L
RAMSARUP,BZ,RAMSARUP INDUSTRIES LTD,L
RHFL,EQ,RELIANCE HOME FINANCE LTD,L
RNAVAL,EQ,RELIANCE NAVAL & ENGG LTD,L
ROHITFERRO,BE,ROHIT FERRO-TECH LIMITED,L
ROLTA,EQ,ROLTA INDIA LTD,L
RPOWER,BE,RELIANCE POWER LTD.,L
RTNINFRA,EQ,RATTANINDIA INFRA LIMITED,L
RUCHINFRA,BE,RUCHI INFRASTRUCTURE LTD,L
SALSTEEL,EQ,S.A.L. STEEL LTD.,L
SANGINITA,EQ,SANGINITA CHEMICALS LTD,L
SARVESHWAR,SM,SARVESHWAR FOODS LIMITED,L
SATINPP,E1,SATIN RS.2.50 PPD UP,L
SEZAL,BZ,SEZAL GLASS LIMITED,L
SHAHALLOYS,EQ,SHAH ALLOYS LIMITED,L
SINTEX,BE,SINTEX INDUSTRIES LTD,L
SITINET,BE,SITI NETWORKS LIMITED,L
SPENTEX,BZ,SPENTEX IND. LTD,L
SPTL,EQ,SINTEX PLASTICS TECH LTD,L
SSINFRA,SM,S S INFRA DEVP CONSL LTD,L
SUMEETINDS,EQ,SUMEET IND LIMITED,L
SUMIT,EQ,SUMIT WOODS LIMITED,L
SUNDARAM,EQ,SUNDARAM MULTI PAP LTD,L
SUPERSPIN,EQ,SUPER SPINNING MILLS LTD,L
SUPREMEINF,BZ,SUPREME INFRA. LTD,L
TANTIACONS,BZ,TANTIA CONST LTD,L
TECHNOFAB,BZ,TECHNOFAB ENG LTD,L
TIJARIA,BE,TIJARIA POLYPIPES LTD,L
TIMESGTY,EQ,TIMES GUARANTY LIMITED,L
TTML,BE,TATA TELESERV(MAHARASTRA),L
V2RETAIL,BE,V2 RETAIL LIMITED,L
VCL,SM,VAXTEX COTFAB LIMITED,L
VICEROY,BE,VICEROY HOTELS LIMITED,L
VIDEOIND,BZ,VIDEOCON INDUSTRIES LIMIT,L
VIJIFIN,EQ,VIJI FINANCE LIMITED,L
VIKASPROP,EQ,VIKAS PROP & GRANITE LTD,L
VIKASWSP,EQ,VIKAS WSP LIMITED,L
VIPCLOTHNG,EQ,VIP CLOTHING LIMITED,L
VISHAL,EQ,VISHAL FABRICS LIMITED,L
VIVIDHA,EQ,VISAGAR POLYTEX LTD,L
ZICOM,BZ,ZICOM ELECT SEC SYS LTD,L
