GAIN_LOSS,SECURITY,CLOSE_PRIC,PREV_CL_PR,PERCENT_CG
 ,Nifty 50 Sec., , , 
 , , , , 
G,NESTLE INDIA LIMITED,     18352.70,     17569.15,4.46
G,ITC LTD,       212.70,       205.40,3.55
G,BRITANNIA INDUSTRIES LTD,      3739.75,      3627.10,3.11
G,HINDUSTAN UNILEVER LTD.,      2350.45,      2292.20,2.54
G,ADANI PORT & SEZ LTD,       471.00,       463.90,1.53
G,BHARAT PETROLEUM CORP  LT,       399.30,       395.15,1.05
G,HDFC LIFE INS CO LTD,       659.45,       652.60,1.05
G,KOTAK MAHINDRA BANK LTD,      1903.30,      1883.55,1.05
G,LARSEN & TOUBRO LTD.,      1190.35,      1181.00,.79
G,HINDALCO  INDUSTRIES  LTD,       242.70,       241.00,.71
G,OIL AND NATURAL GAS CORP.,        91.65,        91.20,.49
G,BHARTI AIRTEL LIMITED,       505.15,       503.05,.42
G,MARUTI SUZUKI INDIA LTD.,      7736.00,      7709.25,.35
G,BAJAJ FINSERV LTD.,      9028.85,      9010.65,.2
G,DIVI'S LABORATORIES LTD,      3732.25,      3725.40,.18
G,ASIAN PAINTS LIMITED,      2526.05,      2522.30,.15
G,JSW STEEL LIMITED,       362.30,       361.85,.12
G,TATA STEEL LIMITED,       610.10,       609.35,.12
G,HERO MOTOCORP LIMITED,      3194.30,      3190.70,.11
G,COAL INDIA LTD,       134.85,       134.70,.11
G,CIPLA LTD,       762.75,       762.40,.05
G,POWER GRID CORP. LTD.,       192.75,       192.70,.03
 , , , , 
L,UPL LIMITED,       438.45,       492.60,-10.99
L,ULTRATECH CEMENT LIMITED,      4964.30,      5144.80,-3.51
L,TATA MOTORS LIMITED,       177.60,       182.70,-2.79
L,SHREE CEMENT LIMITED,     23758.10,     24420.70,-2.71
L,MAHINDRA & MAHINDRA LTD,       736.15,       755.00,-2.5
L,EICHER MOTORS LTD,      2492.65,      2547.25,-2.14
L,GAIL (INDIA) LTD,       120.05,       122.50,-2
L,INDIAN OIL CORP LTD,        92.45,        93.95,-1.6
L,HDFC BANK LTD,      1385.85,      1407.20,-1.52
L,INDUSIND BANK LIMITED,       915.85,       928.50,-1.36
L,NTPC LTD,        97.15,        98.30,-1.17
L,GRASIM INDUSTRIES LTD,       909.50,       920.25,-1.17
L,AXIS BANK LIMITED,       627.05,       634.20,-1.13
L,BAJAJ FINANCE LIMITED,      4794.80,      4844.15,-1.02
L,WIPRO LTD,       355.90,       359.50,-1
L,RELIANCE INDUSTRIES LTD,      2007.00,      2026.95,-0.98
L,TATA CONSULTANCY SERV LT,      2784.30,      2810.80,-0.94
L,ICICI BANK LTD.,       506.95,       511.50,-0.89
L,SUN PHARMACEUTICAL IND L,       565.20,       569.55,-0.76
L,HDFC LTD,      2289.10,      2306.70,-0.76
L,INFOSYS LIMITED,      1167.75,      1175.20,-0.63
L,BAJAJ AUTO LIMITED,      3290.85,      3306.55,-0.47
L,HCL TECHNOLOGIES LTD,       866.75,       870.55,-0.44
L,STATE BANK OF INDIA,       269.55,       270.35,-0.3
L,TECH MAHINDRA LIMITED,       927.30,       929.50,-0.24
L,SBI LIFE INSURANCE CO LTD,       856.05,       858.00,-0.23
L,TITAN COMPANY LIMITED,      1424.20,      1426.15,-0.14
L,DR. REDDY'S LABORATORIES,      5053.10,      5056.90,-0.08
 , , , , 
 ,Nifty Next 50 Sec., , , 
 , , , , 
G,INFO EDGE (I) LTD,      4591.15,      4383.35,4.74
G,BANDHAN BANK LIMITED,       414.90,       399.95,3.74
G,GODREJ CONSUMER PRODUCTS,       728.55,       704.95,3.35
G,P&G HYGIENE & HEALTH CARE,     11197.45,     10901.20,2.72
G,DLF LIMITED,       217.90,       212.20,2.69
G,TATA CONSUMER PRODUCT LTD,       579.90,       565.50,2.55
G,DABUR INDIA LTD,       514.40,       502.15,2.44
G,ICICI PRU LIFE INS CO LTD,       496.55,       486.85,1.99
G,PIDILITE INDUSTRIES LTD,      1651.35,      1620.55,1.9
G,UNITED SPIRITS LIMITED,       593.00,       583.80,1.58
G,MARICO LIMITED,       404.15,       398.40,1.44
G,AUROBINDO PHARMA LTD,       899.00,       888.20,1.22
G,BANK OF BARODA,        66.35,        65.60,1.14
G,COLGATE PALMOLIVE LTD.,      1585.35,      1567.90,1.11
G,ABBOTT INDIA LIMITED,     15568.30,     15399.35,1.1
G,HDFC AMC LIMITED,      2839.15,      2811.95,0.97
G,ADANI TRANSMISSION LTD,       430.25,       426.55,0.87
G,NMDC LTD.,       107.80,       107.05,0.7
G,BIOCON LIMITED.,       453.95,       450.95,0.67
G,HAVELLS INDIA LIMITED,       827.40,       823.85,0.43
G,ALKEM LABORATORIES LTD.,      2918.30,      2906.55,0.4
G,CADILA HEALTHCARE LIMITED,       469.55,       467.95,0.34
G,INTERGLOBE AVIATION LTD,      1736.35,      1731.65,0.27
G,BERGER PAINTS (I) LTD,       679.55,       677.95,0.24
 , , , , 
L,POWER FIN CORP LTD.,       114.55,       118.40,-3.25
L,ADANI GREEN ENERGY LTD,      1036.70,      1070.10,-3.12
L,PUNJAB NATIONAL BANK,        38.40,        39.40,-2.54
L,BOSCH LIMITED,     13208.20,     13509.35,-2.23
L,MOTHERSON SUMI SYSTEMS LT,       154.65,       157.70,-1.93
L,AMBUJA CEMENTS LTD,       248.30,       252.85,-1.8
L,SIEMENS LTD,      1537.00,      1564.95,-1.79
L,SBI CARDS & PAY SER LTD,       831.75,       845.60,-1.64
L,ACC LIMITED,      1632.65,      1656.60,-1.45
L,HINDUSTAN ZINC LIMITED,       239.70,       243.15,-1.42
L,HINDUSTAN PETROLEUM CORP,       215.55,       218.30,-1.26
L,PETRONET LNG LIMITED,       254.90,       257.70,-1.09
L,PIRAMAL ENTERPRISES LTD,      1454.00,      1466.20,-0.83
L,ORACLE FIN SERV SOFT LTD.,      3133.30,      3159.10,-0.82
L,LUPIN LIMITED,       943.10,       950.60,-0.79
L,GENERAL INS CORP OF INDIA,       143.95,       145.05,-0.76
L,BAJAJ HOLDINGS & INVS LTD,      3048.75,      3069.95,-0.69
L,MUTHOOT FINANCE LIMITED,      1184.70,      1190.45,-0.48
L,L&T INFOTECH LIMITED,      3251.40,      3265.85,-0.44
L,INDRAPRASTHA GAS LTD,       481.70,       483.15,-0.3
L,CONTAINER CORP OF IND LTD,       402.25,       403.45,-0.3
L,BHARTI INFRATEL LTD.,       245.75,       246.40,-0.26
L,ICICI LOMBARD GIC LIMITED,      1449.75,      1453.40,-0.25
L,UNITED BREWERIES LTD,      1137.80,      1139.95,-0.19
L,TORRENT PHARMACEUTICALS L,      2651.70,      2655.40,-0.14
L,AVENUE SUPERMARTS LIMITED,      2622.05,      2625.30,-0.12
 , , , , 
 ,OTHER SECURITIES, , , 
 , , , , 
G,SEC RED NCD SR. 9B,       426.00,       355.00,20
G,GKW LIMITED,       605.60,       504.70,19.99
G,LAMBODHARA TEXTILES LTD.,        41.45,        34.55,19.97
G,SHIPPING CORP OF INDIA LT,        88.40,        73.70,19.95
G,SICAL LOGISTICS LIMITED,        16.65,        13.90,19.78
G,SPML INFRA LIMITED,        12.00,        10.05,19.4
G,CENTUM ELECTRONICS LTD,       401.20,       339.65,18.12
G,UNSERENCD8.85%SRIVCIII&IV,      1290.00,      1100.00,17.27
G,UNS RED NCD 8.79% SR.VIII,       820.00,       701.00,16.98
G,MACPOWER CNC MACHINES LTD,        87.85,        75.15,16.9
G,VARDHMAN POLYTEX LTD.,        11.20,         9.65,16.06
G,IFCI LTD,        10.85,         9.35,16.04
G,ANIK INDUSTRIES LTD,        15.45,        13.35,15.73
G,PC JEWELLER LTD,        25.85,        22.75,13.63
G,SEC RED NCD 9.70% SR. V,      1200.00,      1060.00,13.21
G,FINEOTEX CHEMICAL LIMITED,        51.50,        45.75,12.57
G,DILIGENT MEDIA CORP LTD.,          .45,          .40,12.5
G,PRESSMAN ADVERTISING LTD,        24.60,        22.05,11.56
G,NAVKAR CORPORATION LTD.,        37.90,        34.00,11.47
G,SEC RED NCD 9.15% SR. 2B,       396.80,       360.00,10.22
G,CMI LIMITED,        41.30,        37.50,10.13
G,BHARAT GEARS LTD.,        75.00,        68.15,10.05
G,JAYPEE INFRATECH LTD,         2.20,         2.00,10
G,EDELAMC - EMOFSR1DGG,         9.90,         9.00,10
G,W.S.INDUSTRIES (I) LTD.,         3.85,         3.50,10
G,WELSPUN INV & COMM LTD,       466.05,       423.70,10
G,ZENITH EXPORTS LTD,        76.65,        69.70,9.97
G,JINDAL PHOTO LIMITED,        29.25,        26.60,9.96
G,NDR AUTO COMPONENTS LTD,       203.70,       185.25,9.96
G,WEIZMANN LTD,        54.25,        49.35,9.93
 , , , , 
L,VAXTEX COTFAB LIMITED,        17.25,        21.55,-19.95
L,CENTURY EXTRUSIONS LTD,         5.45,         6.25,-12.8
L,PROSEED INDIA LIMITED,          .40,          .45,-11.11
L,INDIAN RAIL TOUR CORP LTD,      1452.75,      1617.75,-10.2
L,SUMIT WOODS LIMITED,        13.05,        14.50,-10
L,A2Z INFRA ENGINEERING LTD,         4.35,         4.80,-9.38
L,ADHUNIK INDUSTRIES LTD,        30.10,        33.10,-9.06
L,OSIA HYPER RETAIL LTD,       205.00,       225.00,-8.89
L,SERENCD9.00%SRVCIII&IV,       800.25,       875.00,-8.54
L,SORIL INFRA RESOURCES LTD,       105.80,       115.65,-8.52
L,DISH TV INDIA LTD.,        12.15,        13.20,-7.95
L,NILA SPACES LIMITED,         1.75,         1.90,-7.89
L,JMC PROJECTS (I) LTD.,        66.05,        71.65,-7.82
L,DRS DILIP ROADLINES LTD.,        69.10,        74.90,-7.74
L,OLECTRA GREENTECH LIMITED,        93.70,       101.50,-7.68
L,SEC RED NCD 8.65% SR. V,       879.00,       950.00,-7.47
L,BIRLASLAMC - ABSLRIF6RG,         6.50,         7.00,-7.14
L,PENNAR INDUSTRIES LTD,        20.90,        22.50,-7.11
L,PRIME FOCUS LIMITED,        43.15,        46.40,-7
L,LYPSA GEMS & JEWEL LTD,         4.80,         5.15,-6.8
L,SEC RED NCD 9.25% SR. 5B,       335.82,       360.00,-6.72
L,KALPATARU POWER TRANS. LT,       303.55,       325.15,-6.64
L,ATAL REALTECH LIMITED,        38.70,        41.45,-6.63
L,HERITAGE FOODS LTD,       307.70,       329.50,-6.62
L,RAVI KUMAR DIST. LTD.,         7.10,         7.60,-6.58
L,SUNDARMAMC - M15RG,         6.01,         6.41,-6.24
L,TARMAT LIMITED,        43.75,        46.65,-6.22
L,BEARDSELL LIMITED,         9.95,        10.60,-6.13
L,THE INVEST TRUST OF IND L,       149.50,       159.10,-6.03
L,PATEL ENGINEERING LTD.,        14.05,        14.95,-6.02
