SERIES,SYMBOL,SECURITY,RECORD_DT,BC_STRT_DT,BC_END_DT,EX_DT,ND_STRT_DT,ND_END_DT,PURPOSE
BE,NTL,Neueon Towers Limited, ,28/12/2020,28/12/2020,23/12/2020, , ,ANNUAL GENERAL MEETING   
BE,BCG,Lycos Internet Limited, ,22/12/2020,28/12/2020,18/12/2020, , ,AGM/DIV - RS 0.05 PER SH 
BE,MOHOTAIND,Mohota Industries Ltd., ,17/12/2020,24/12/2020,15/12/2020, , ,ANNUAL GENERAL MEETING   
BE,HAVISHA,Sri Havisha Hosp infr Ltd, ,24/12/2020,30/12/2020,22/12/2020, , ,ANNUAL GENERAL MEETING   
BE,HEMIPROP,Hemisphere Prop Ind Ltd, ,23/12/2020,29/12/2020,21/12/2020, , ,ANNUAL GENERAL MEETING   
BE,VALIANTORG,Valiant Organics Limited,28/12/2020, , ,24/12/2020, , ,BONUS 1:1                
BE,ORCHPHARMA,Orchid Pharma Limited, ,23/12/2020,30/12/2020,21/12/2020, , ,ANNUAL GENERAL MEETING   
BE,SPICEJET,Spicejet Limited, ,18/12/2020,24/12/2020,16/12/2020, , ,ANNUAL GENERAL MEETING   
BE,SEYAIND,Seya Industries Limited, ,20/12/2020,26/12/2020,17/12/2020, , ,ANNUAL GENERAL MEETING   
BE,GFSTEELS,Grand Foundry Ltd, ,17/12/2020,23/12/2020,15/12/2020, , ,ANNUAL GENERAL MEETING   
BE,DPWIRES,D P Wires Limited, ,23/12/2020,31/12/2020,21/12/2020, , ,ANNUAL GENERAL MEETING   
BE,GBGLOBAL,GB Global Limited, ,18/12/2020,24/12/2020,16/12/2020, , ,ANNUAL GENERAL MEETING   
BE,GATI,GATI LIMITED, ,22/12/2020,28/12/2020,18/12/2020, , ,ANNUAL GENERAL MEETING   
BE,POCHIRAJU,Pochiraju Industries Limi, ,20/12/2020,26/12/2020,17/12/2020, , ,ANNUAL GENERAL MEETING   
BE,BVCL,Barak Valley Cements Limi, ,24/12/2020,30/12/2020,22/12/2020, , ,ANNUAL GENERAL MEETING   
BE,GLOBALVECT,Global Vectra Helicorp Li, ,28/12/2020,29/12/2020,23/12/2020, , ,ANNUAL GENERAL MEETING   
BE,MADHAV,Madhav Marbles and Granit, ,19/12/2020,26/12/2020,17/12/2020, , ,ANNUAL GENERAL MEETING   
BE,REFEX,Refex Industries Limited, ,25/12/2020,29/12/2020,23/12/2020, , ,ANNUAL GENERAL MEETING   
BE,SUJANAUNI,Sujana Universal Industri, ,28/12/2020,28/12/2020,23/12/2020, , ,ANNUAL GENERAL MEETING   
BE,BANG,Bang Overseas Limited, ,24/12/2020,30/12/2020,22/12/2020, , ,ANNUAL GENERAL MEETING   
BE,JAYNECOIND,Jayaswal Neco Industr Ltd, ,18/12/2020,24/12/2020,16/12/2020, , ,ANNUAL GENERAL MEETING   
BE,GOLDENTOBC,Golden Tobacco Limited, ,24/12/2020,30/12/2020,22/12/2020, , ,ANNUAL GENERAL MEETING   
BE,KWALITY,Kwality Limited, ,18/12/2020,24/12/2020,16/12/2020, , ,ANNUAL GENERAL MEETING   
BE,JINDCOT,Jindal Cotex Ltd, ,25/12/2020,30/12/2020,23/12/2020, , ,ANNUAL GENERAL MEETING   
BE,MMTC,MMTC Limited, ,17/12/2020,24/12/2020,15/12/2020, , ,ANNUAL GENERAL MEETING   
BE,TWL,Titagarh Wagons Limited, ,24/12/2020,30/12/2020,22/12/2020, , ,ANNUAL GENERAL MEETING   
BE,BGLOBAL,Bharatiya Global Info Ltd, ,24/12/2020,30/12/2020,22/12/2020, , ,ANNUAL GENERAL MEETING   
BE,SYNCOM,Syncom Healthcare Ltd, ,24/12/2020,30/12/2020,22/12/2020, , ,ANNUAL GENERAL MEETING   
BE,DATAMATICS,Datamatics Global Ser.Ltd, ,20/12/2020,26/12/2020,17/12/2020, , ,ANNUAL GENERAL MEETING   
BE,SMPL,Splendid Metal Prod. Ltd, ,28/12/2020,28/12/2020,23/12/2020, , ,ANNUAL GENERAL MEETING   
BE,JPINFRATEC,Jaypee Infratech Ltd, ,18/12/2020,24/12/2020,16/12/2020, , ,ANNUAL GENERAL MEETING   
BE,ZEELEARN,Zee Learn Limited, ,24/12/2020,30/12/2020,22/12/2020, , ,ANNUAL GENERAL MEETING   
BE,ASIANHOTNR,Asian Hotels (North) Ltd, ,19/12/2020,24/12/2020,17/12/2020, , ,ANNUAL GENERAL MEETING   
BE,PRAKASHSTL,Prakash Steelage Ltd, ,17/12/2020,23/12/2020,15/12/2020, , ,ANNUAL GENERAL MEETING   
BE,IL&FSTRANS,IL&FS Trans Net Ltd, ,25/12/2020,31/12/2020,23/12/2020, , ,ANNUAL GENERAL MEETING   
BE,TI,Tilaknagar Industries Ltd, ,23/12/2020,29/12/2020,21/12/2020, , ,ANNUAL GENERAL MEETING   
BE,RKDL,Ravi Kumar Distilleries, ,16/12/2020,23/12/2020,14/12/2020, , ,ANNUAL GENERAL MEETING   
BE,RESPONIND,Responsive Industries Ltd, ,18/12/2020,24/12/2020,16/12/2020, , ,AGM/DIV - RS 0.07 PER SH 
BE,KSERASERA,KSS Limited, ,25/12/2020,31/12/2020,23/12/2020, , ,ANNUAL GENERAL MEETING   
BE,INVENTURE,Inventure Gro & Sec Ltd, ,18/12/2020,26/12/2020,16/12/2020, , ,ANNUAL GENERAL MEETING   
BE,SEZAL,Sezal Glass Limited, ,26/12/2020,29/12/2020,23/12/2020, , ,ANNUAL GENERAL MEETING   
BE,JISLDVREQS,Jain DVR Equity Shares, ,21/12/2020,30/12/2020,17/12/2020, , ,ANNUAL GENERAL MEETING   
BE,SANGHVIFOR,Sanghvi For & Eng Ltd, ,15/12/2020,24/12/2020,11/12/2020, , ,ANNUAL GENERAL MEETING   
BE,ONELIFECAP,Onelife Cap Advisors Ltd, ,22/12/2020,29/12/2020,18/12/2020, , ,ANNUAL GENERAL MEETING   
BE,MTEDUCARE,MT Educare Ltd, ,18/12/2020,24/12/2020,16/12/2020, , ,ANNUAL GENERAL MEETING   
BE,THOMASCOTT,Thomas Scott (India) Ltd, ,24/12/2020,30/12/2020,22/12/2020, , ,ANNUAL GENERAL MEETING   
BE,HUBTOWN,Ackruti City Limited, ,18/12/2020,24/12/2020,16/12/2020, , ,ANNUAL GENERAL MEETING   
BE,TGBHOTELS,Bhagwati Banquets And Hot, ,18/12/2020,24/12/2020,16/12/2020, , ,ANNUAL GENERAL MEETING   
BE,SHIRPUR-G,AgeeGoldRefn-Roll Sett, ,24/12/2020,31/12/2020,22/12/2020, , ,ANNUAL GENERAL MEETING   
BE,VIVIDHA,Visagar Polytex Ltd, ,23/12/2020,29/12/2020,21/12/2020, , ,ANNUAL GENERAL MEETING   
BE,UJAAS,Ujaas Energy Limited, ,24/12/2020,30/12/2020,22/12/2020, , ,ANNUAL GENERAL MEETING   
BE,NDL,Nandan Denim Limited, ,26/12/2020,31/12/2020,23/12/2020, , ,ANNUAL GENERAL MEETING   
BE,LYPSAGEMS,Lypsa Gems & Jewel Ltd, ,23/12/2020,30/12/2020,21/12/2020, , ,ANNUAL GENERAL MEETING   
BE,MODTHREAD,Modern Thread Ltd., ,21/12/2020,28/12/2020,17/12/2020, , ,ANNUAL GENERAL MEETING   
BE,SKIL,SKIL Infrastr. Ltd., ,24/12/2020,30/12/2020,22/12/2020, , ,ANNUAL GENERAL MEETING   
BE,ARCOTECH,Arcotech Limited, ,24/12/2020,30/12/2020,22/12/2020, , ,ANNUAL GENERAL MEETING   
BE,CCHHL,Country Club Hosp Hol Ltd, ,25/12/2020,31/12/2020,23/12/2020, , ,ANNUAL GENERAL MEETING   
BE,JMA,Jullundur Mot Agency Ltd,24/12/2020, , ,23/12/2020, , ,BUY BACK                 
BE,MANPASAND,Manpasand Beverages Ltd., ,28/12/2020,31/12/2020,23/12/2020, , ,ANNUAL GENERAL MEETING   
BE,PRABHAT,Prabhat Dairy Limited, ,21/12/2020,26/12/2020,17/12/2020, , ,ANNUAL GENERAL MEETING   
BE,MFSL,Max Fin Serv Ltd, ,24/12/2020,30/12/2020,22/12/2020, , ,ANNUAL GENERAL MEETING   
BE,KRIDHANINF,Kridhan Infra Limited, ,23/12/2020,29/12/2020,21/12/2020, , ,ANNUAL GENERAL MEETING   
BE,MAJESCO,Majesco Limited,25/12/2020, , ,23/12/2020, , ,INTDIV-RS 974 PER SH     
BE,ORTINLABSS,Ortin Laboratories Ltd, ,23/12/2020,29/12/2020,21/12/2020, , ,ANNUAL GENERAL MEETING   
BE,STAMPEDE,Stampede Capital Ltd, ,22/12/2020,29/12/2020,18/12/2020, , ,ANNUAL GENERAL MEETING   
BE,NAGAFERT,Nagarjun Fert and Che Ltd, ,23/12/2020,30/12/2020,21/12/2020, , ,ANNUAL GENERAL MEETING   
BE,SETCO,Setco Automotive Ltd, ,22/12/2020,28/12/2020,18/12/2020, , ,ANNUAL GENERAL MEETING   
BE,MAXVIL,Max Ventures and Inds Ltd, ,24/12/2020,30/12/2020,22/12/2020, , ,ANNUAL GENERAL MEETING   
BE,MAHASTEEL,Mahamaya Steel Inds Ltd, ,17/12/2020,23/12/2020,15/12/2020, , ,ANNUAL GENERAL MEETING   
BE,ITDC,India Tour. Dev. Co. Ltd., ,28/12/2020,30/12/2020,23/12/2020, , ,ANNUAL GENERAL MEETING   
BE,SCAPDVR,Stampede Capital Limited, ,22/12/2020,29/12/2020,18/12/2020, , ,ANNUAL GENERAL MEETING   
BE,MTNL,MAHANAGAR TELEPHONE NIGAM, ,25/12/2020,31/12/2020,23/12/2020, , ,ANNUAL GENERAL MEETING   
BE,JBFIND,JBF INDUSTRIES LTD, ,23/12/2020,30/12/2020,21/12/2020, , ,ANNUAL GENERAL MEETING   
BE,RCF,RASHTRIYA CHEMICALS & FER,23/12/2020, , ,22/12/2020, , ,AGM/DIV - RS 2.84 PER SH 
BE,GMDCLTD,Gujarat Min. Dev. Corpn , ,24/12/2020,31/12/2020,22/12/2020, , ,AGM/DIV - RS 2 PER SH    
BE,IVRCLINFRA,IVRCL Limited, ,29/12/2020,31/12/2020,24/12/2020, , ,ANNUAL GENERAL MEETING   
BE,SICAL,Sical Logistics Limited, ,23/12/2020,29/12/2020,21/12/2020, , ,ANNUAL GENERAL MEETING   
BE,DCW,DCW Ltd, ,23/12/2020,29/12/2020,21/12/2020, , ,ANNUAL GENERAL MEETING   
BE,HCLTECH,HCL Technologies Ltd.,23/01/2021, , ,21/01/2021, , ,INTERIM DIVIDEND         
BE,ENGINERSIN,Engineers India-Depo,01/01/2021, , ,31/12/2020, , ,BUYBACK                  
BE,VISESHINFO,Visesh Infotecnics Limite, ,24/12/2020,30/12/2020,22/12/2020, , ,ANNUAL GENERAL MEETING   
BE,MADRASFERT,Madras Fertilizers Ltd, ,23/12/2020,29/12/2020,21/12/2020, , ,ANNUAL GENERAL MEETING   
BE,PANACEABIO,Panacea Biotec Ltd., ,17/12/2020,24/12/2020,15/12/2020, , ,ANNUAL GENERAL MEETING   
BE,ASHAPURMIN,Ashapura Minechem Ltd, ,24/12/2020,30/12/2020,22/12/2020, , ,ANNUAL GENERAL MEETING   
BE,DSKULKARNI,DS Kulkarni Dev. Ltd., ,24/12/2020,31/12/2020,22/12/2020, , ,ANNUAL GENERAL MEETING   
BE,ARENTERP,RajdarshanIndus-RollSett, ,19/12/2020,26/12/2020,17/12/2020, , ,ANNUAL GENERAL MEETING   
BE,AUTORIDFIN,Autoriders Finance Ltd, ,24/12/2020,31/12/2020,22/12/2020, , ,ANNUAL GENERAL MEETING   
BE,GAMMONIND,Gammon India Ltd., ,22/12/2020,29/12/2020,18/12/2020, , ,ANNUAL GENERAL MEETING   
BE,MANGTIMBER,Mangalam Timber Pro Ltd, ,24/12/2020,30/12/2020,22/12/2020, , ,ANNUAL GENERAL MEETING   
BE,ZODIACLOTH,Zodiac Clothing Co. Ltd, ,19/12/2020,28/12/2020,17/12/2020, , ,ANNUAL GENERAL MEETING   
BE,TOKYOPLAST,Tokyo Plast Intl Ltd, ,23/12/2020,30/12/2020,21/12/2020, , ,ANNUAL GENERAL MEETING   
BE,RAJESHEXPO,Rajesh Exports Ltd-Depo, ,25/12/2020,31/12/2020,23/12/2020, , ,DIV - RE 1 PER SH        
BE,MELSTAR,Melstar Info Tec Ltd, ,24/12/2020,31/12/2020,22/12/2020, , ,ANNUAL GENERAL MEETING   
BE,REGENCERAM,Regency Ceramics Ltd., ,24/12/2020,30/12/2020,22/12/2020, , ,ANNUAL GENERAL MEETING   
BE,SANDESH,Sandesh Ltd, ,18/12/2020,30/12/2020,16/12/2020, , ,ANNUAL GENERAL MEETING   
BE,JAICORPLTD,Jai Corp Limited, ,22/12/2020,28/12/2020,18/12/2020, , ,DIV - RS 0.50 PER SH     
BE,PEARLPOLY,Pearl Polymers Ltd, ,24/12/2020,30/12/2020,22/12/2020, , ,ANNUAL GENERAL MEETING   
BE,HITECHGEAR,HitechGearsLtd-Roll Sett, ,20/12/2020,26/12/2020,17/12/2020, , ,ANNUAL GENERAL MEETING   
BE,RAJSREESUG,Rajshree Sugars & Chem, ,22/12/2020,28/12/2020,18/12/2020, , ,ANNUAL GENERAL MEETING   
BE,CUBEXTUB,CubexTubingsLtd-RollSett, ,17/12/2020,23/12/2020,15/12/2020, , ,ANNUAL GENERAL MEETING   
BE,SALSTEEL,S.A.L. Steel Ltd., ,11/12/2020,23/12/2020,09/12/2020, , ,ANNUAL GENERAL MEETING   
BE,JISLJALEQS,Equity shares of Rs.10/-, ,21/12/2020,30/12/2020,17/12/2020, , ,ANNUAL GENERAL MEETING   
BE,BLUEBLENDS,Blue Blends (I) Ltd, ,26/12/2020,29/12/2020,23/12/2020, , ,ANNUAL GENERAL MEETING   
BE,ATCOM,ATCOMTECH- Depo, ,23/12/2020,30/12/2020,21/12/2020, , ,ANNUAL GENERAL MEETING   
BE,GUJRAFFIA,Gujarat Raffia-Roll Sett, ,29/12/2020,04/01/2021,24/12/2020, , ,EXTRA GENERAL MEETING    
BE,PSL,PSL Limited, ,25/12/2020,30/12/2020,23/12/2020, , ,ANNUAL GENERAL MEETING   
BE,OPTOCIRCUI,Opto Circuits (I) Ltd., ,29/12/2020,31/12/2020,24/12/2020, , ,ANNUAL GENERAL MEETING   
BE,RADAAN,RADAAN MEDIAWORKS (I) LTD, ,17/12/2020,24/12/2020,15/12/2020, , ,ANNUAL GENERAL MEETING   
BE,VIVIMEDLAB,Vivimed Labs Limited, ,25/12/2020,30/12/2020,23/12/2020, , ,ANNUAL GENERAL MEETING   
BE,NSIL,Nalwa Sons Investments Li, ,21/12/2020,24/12/2020,17/12/2020, , ,ANNUAL GENERAL MEETING   
BE,SIMPLEXINF,Simplex Infrastructures L, ,22/12/2020,30/12/2020,18/12/2020, , ,ANNUAL GENERAL MEETING   
BE,HCC,Hindustan Construc Co., ,18/12/2020,24/12/2020,16/12/2020, , ,ANNUAL GENERAL MEETING   
BE,KOHINOOR,Kohinoor Foods Limited, ,23/12/2020,29/12/2020,21/12/2020, , ,ANNUAL GENERAL MEETING   
BE,BARTRONICS,Bartronics India Limited, ,28/12/2020,29/12/2020,23/12/2020, , ,ANNUAL GENERAL MEETING   
BE,GDL,Gateway Distriparks Ltd.,06/01/2021, , ,05/01/2021, , ,INTERIM DIVIDEND         
BE,3IINFOTECH,3i Infotech Ltd., ,16/12/2020,23/12/2020,14/12/2020, , ,ANNUAL GENERAL MEETING   
BE,SANWARIA,Sanwaria Consumer Ltd., ,17/12/2020,24/12/2020,15/12/2020, , ,ANNUAL GENERAL MEETING   
BE,CYBERMEDIA,Cyber Media (India) Ltd., ,24/12/2020,30/12/2020,22/12/2020, , ,ANNUAL GENERAL MEETING   
BE,PREMIER,Premier Limited, ,23/12/2020,30/12/2020,21/12/2020, , ,ANNUAL GENERAL MEETING   
BE,SHAHALLOYS,Shah Alloys Limited, ,11/12/2020,23/12/2020,09/12/2020, , ,ANNUAL GENERAL MEETING   
BE,PAEL,PAE Limited, ,23/12/2020,30/12/2020,21/12/2020, , ,ANNUAL GENERAL MEETING   
BE,HDIL,Housing Development and I, ,23/12/2020,23/12/2020,21/12/2020, , ,ANNUAL GENERAL MEETING   
BE,KAVVERITEL,Kavveri Telecom Products, ,24/12/2020,31/12/2020,22/12/2020, , ,ANNUAL GENERAL MEETING   
BE,ARIHANT,Arihant Foundations & Hou, ,17/12/2020,23/12/2020,15/12/2020, , ,ANNUAL GENERAL MEETING   
BE,OMAXE,Omaxe Limited, ,19/12/2020,24/12/2020,17/12/2020, , ,ANNUAL GENERAL MEETING   
BE,SATHAISPAT,Sathavahana Ispat Ltd, ,23/12/2020,29/12/2020,21/12/2020, , ,ANNUAL GENERAL MEETING   
BE,VISUINTL,Visu International Limite, ,25/12/2020,31/12/2020,23/12/2020, , ,ANNUAL GENERAL MEETING   
BE,PRAENG,Prajay Engineers Syndicat, ,24/12/2020,30/12/2020,22/12/2020, , ,ANNUAL GENERAL MEETING   
BE,BFUTILITIE,BF Utilities Limited, ,30/12/2020,30/12/2020,28/12/2020, , ,ANNUAL GENERAL MEETING   
BE,ATLANTA,Atlanta  Limited, ,16/12/2020,23/12/2020,14/12/2020, , ,ANNUAL GENERAL MEETING   
BE,WEBELSOLAR,Websol Energy System Ltd, ,25/12/2020,31/12/2020,23/12/2020, , ,ANNUAL GENERAL MEETING   
BE,ANANTRAJ,Anant Raj Industries Limi, ,24/12/2020,30/12/2020,22/12/2020, , ,AGM/DIV - RE 0.08 PER SH 
BE,BINANIIND,Binani Industries Limited, ,22/12/2020,29/12/2020,18/12/2020, , ,ANNUAL GENERAL MEETING   
BE,MIC,MIC Electronics Limited, ,25/12/2020,31/12/2020,23/12/2020, , ,ANNUAL GENERAL MEETING   
BE,ENERGYDEV,Energy Development Compan, ,22/12/2020,28/12/2020,18/12/2020, , ,AGM/DIV - RS 0.50 PER SH 
BZ,JINDCOT,Jindal Cotex Ltd, ,25/12/2020,30/12/2020,23/12/2020, , ,ANNUAL GENERAL MEETING   
BZ,GAMMONIND,Gammon India Ltd., ,22/12/2020,29/12/2020,18/12/2020, , ,ANNUAL GENERAL MEETING   
BZ,POCHIRAJU,Pochiraju Industries Limi, ,20/12/2020,26/12/2020,17/12/2020, , ,ANNUAL GENERAL MEETING   
BZ,NAGAFERT,Nagarjun Fert and Che Ltd, ,23/12/2020,30/12/2020,21/12/2020, , ,ANNUAL GENERAL MEETING   
BZ,BINANIIND,Binani Industries Limited, ,22/12/2020,29/12/2020,18/12/2020, , ,ANNUAL GENERAL MEETING   
BZ,SATHAISPAT,Sathavahana Ispat Ltd, ,23/12/2020,29/12/2020,21/12/2020, , ,ANNUAL GENERAL MEETING   
BZ,SANWARIA,Sanwaria Consumer Ltd., ,17/12/2020,24/12/2020,15/12/2020, , ,ANNUAL GENERAL MEETING   
BZ,SUJANAUNI,Sujana Universal Industri, ,28/12/2020,28/12/2020,23/12/2020, , ,ANNUAL GENERAL MEETING   
BZ,KSERASERA,KSS Limited, ,25/12/2020,31/12/2020,23/12/2020, , ,ANNUAL GENERAL MEETING   
BZ,SYNCOM,Syncom Healthcare Ltd, ,24/12/2020,30/12/2020,22/12/2020, , ,ANNUAL GENERAL MEETING   
BZ,IL&FSTRANS,IL&FS Trans Net Ltd, ,25/12/2020,31/12/2020,23/12/2020, , ,ANNUAL GENERAL MEETING   
BZ,BLUEBLENDS,Blue Blends (I) Ltd, ,26/12/2020,29/12/2020,23/12/2020, , ,ANNUAL GENERAL MEETING   
BZ,KOHINOOR,Kohinoor Foods Limited, ,23/12/2020,29/12/2020,21/12/2020, , ,ANNUAL GENERAL MEETING   
BZ,MANPASAND,Manpasand Beverages Ltd., ,28/12/2020,31/12/2020,23/12/2020, , ,ANNUAL GENERAL MEETING   
BZ,BARTRONICS,Bartronics India Limited, ,28/12/2020,29/12/2020,23/12/2020, , ,ANNUAL GENERAL MEETING   
BZ,HDIL,Housing Development and I, ,23/12/2020,23/12/2020,21/12/2020, , ,ANNUAL GENERAL MEETING   
BZ,MELSTAR,Melstar Info Tec Ltd, ,24/12/2020,31/12/2020,22/12/2020, , ,ANNUAL GENERAL MEETING   
BZ,ORCHPHARMA,Orchid Pharma Limited, ,23/12/2020,30/12/2020,21/12/2020, , ,ANNUAL GENERAL MEETING   
BZ,SMPL,Splendid Metal Prod. Ltd, ,28/12/2020,28/12/2020,23/12/2020, , ,ANNUAL GENERAL MEETING   
BZ,VISUINTL,Visu International Limite, ,25/12/2020,31/12/2020,23/12/2020, , ,ANNUAL GENERAL MEETING   
BZ,SEZAL,Sezal Glass Limited, ,26/12/2020,29/12/2020,23/12/2020, , ,ANNUAL GENERAL MEETING   
BZ,DSKULKARNI,DS Kulkarni Dev. Ltd., ,24/12/2020,31/12/2020,22/12/2020, , ,ANNUAL GENERAL MEETING   
E1,ABFRLPP,Aditya Birla Rs.5 ppd up,08/01/2021, , ,07/01/2021, , ,FRSTCALL-RS 27.50 PER SH 
EQ,HEMIPROP,Hemisphere Prop Ind Ltd, ,23/12/2020,29/12/2020,21/12/2020, , ,ANNUAL GENERAL MEETING   
EQ,VALIANTORG,Valiant Organics Limited,28/12/2020, , ,24/12/2020, , ,BONUS 1:1                
EQ,ORCHPHARMA,Orchid Pharma Limited, ,23/12/2020,30/12/2020,21/12/2020, , ,ANNUAL GENERAL MEETING   
EQ,SPICEJET,Spicejet Limited, ,18/12/2020,24/12/2020,16/12/2020, , ,ANNUAL GENERAL MEETING   
EQ,SEYAIND,Seya Industries Limited, ,20/12/2020,26/12/2020,17/12/2020, , ,ANNUAL GENERAL MEETING   
EQ,GFSTEELS,Grand Foundry Ltd, ,17/12/2020,23/12/2020,15/12/2020, , ,ANNUAL GENERAL MEETING   
EQ,DPWIRES,D P Wires Limited, ,23/12/2020,31/12/2020,21/12/2020, , ,ANNUAL GENERAL MEETING   
EQ,GBGLOBAL,GB Global Limited, ,18/12/2020,24/12/2020,16/12/2020, , ,ANNUAL GENERAL MEETING   
EQ,MIC,MIC Electronics Limited, ,25/12/2020,31/12/2020,23/12/2020, , ,ANNUAL GENERAL MEETING   
EQ,ENERGYDEV,Energy Development Compan, ,22/12/2020,28/12/2020,18/12/2020, , ,AGM/DIV - RS 0.50 PER SH 
EQ,GATI,GATI Limited, ,22/12/2020,28/12/2020,18/12/2020, , ,ANNUAL GENERAL MEETING   
EQ,POCHIRAJU,Pochiraju Industries Limi, ,20/12/2020,26/12/2020,17/12/2020, , ,ANNUAL GENERAL MEETING   
EQ,BVCL,Barak Valley Cements Limi, ,24/12/2020,30/12/2020,22/12/2020, , ,ANNUAL GENERAL MEETING   
EQ,GLOBALVECT,Global Vectra Helicorp Li, ,28/12/2020,29/12/2020,23/12/2020, , ,ANNUAL GENERAL MEETING   
EQ,MADHAV,Madhav Marbles and Granit, ,19/12/2020,26/12/2020,17/12/2020, , ,ANNUAL GENERAL MEETING   
EQ,REFEX,Refex Industries Limited, ,25/12/2020,29/12/2020,23/12/2020, , ,ANNUAL GENERAL MEETING   
EQ,SUJANAUNI,Sujana Universal Industri, ,28/12/2020,28/12/2020,23/12/2020, , ,ANNUAL GENERAL MEETING   
EQ,BANG,Bang Overseas Limited, ,24/12/2020,30/12/2020,22/12/2020, , ,ANNUAL GENERAL MEETING   
EQ,JAYNECOIND,Jayaswal Neco Industr Ltd, ,18/12/2020,24/12/2020,16/12/2020, , ,ANNUAL GENERAL MEETING   
EQ,GOLDENTOBC,Golden Tobacco Limited, ,24/12/2020,30/12/2020,22/12/2020, , ,ANNUAL GENERAL MEETING   
EQ,KWALITY,Kwality Limited, ,18/12/2020,24/12/2020,16/12/2020, , ,ANNUAL GENERAL MEETING   
EQ,MMTC,MMTC Limited, ,17/12/2020,24/12/2020,15/12/2020, , ,ANNUAL GENERAL MEETING   
EQ,JINDCOT,Jindal Cotex Ltd, ,25/12/2020,30/12/2020,23/12/2020, , ,ANNUAL GENERAL MEETING   
EQ,TWL,Titagarh Wagons Limited, ,24/12/2020,30/12/2020,22/12/2020, , ,ANNUAL GENERAL MEETING   
EQ,SYNCOM,Syncom Healthcare Ltd, ,24/12/2020,30/12/2020,22/12/2020, , ,ANNUAL GENERAL MEETING   
EQ,BGLOBAL,Bharatiya Global Info Ltd, ,24/12/2020,30/12/2020,22/12/2020, , ,ANNUAL GENERAL MEETING   
EQ,DATAMATICS,Datamatics Global Ser.Ltd, ,20/12/2020,26/12/2020,17/12/2020, , ,ANNUAL GENERAL MEETING   
EQ,SMPL,Splendid Metal Prod. Ltd, ,28/12/2020,28/12/2020,23/12/2020, , ,ANNUAL GENERAL MEETING   
EQ,JPINFRATEC,Jaypee Infratech Ltd, ,18/12/2020,24/12/2020,16/12/2020, , ,ANNUAL GENERAL MEETING   
EQ,ZEELEARN,Zee Learn Limited, ,24/12/2020,30/12/2020,22/12/2020, , ,ANNUAL GENERAL MEETING   
EQ,ASIANHOTNR,Asian Hotels (North) Ltd, ,19/12/2020,24/12/2020,17/12/2020, , ,ANNUAL GENERAL MEETING   
EQ,PRAKASHSTL,Prakash Steelage Ltd, ,17/12/2020,23/12/2020,15/12/2020, , ,ANNUAL GENERAL MEETING   
EQ,IL&FSTRANS,IL&FS Trans Net Ltd, ,25/12/2020,31/12/2020,23/12/2020, , ,ANNUAL GENERAL MEETING   
EQ,TI,Tilaknagar Industries Ltd, ,23/12/2020,29/12/2020,21/12/2020, , ,ANNUAL GENERAL MEETING   
EQ,RKDL,Ravi Kumar Distilleries, ,16/12/2020,23/12/2020,14/12/2020, , ,ANNUAL GENERAL MEETING   
EQ,RESPONIND,Responsive Industries Ltd, ,18/12/2020,24/12/2020,16/12/2020, , ,AGM/DIV - RS 0.07 PER SH 
EQ,KSERASERA,KSS Limited, ,25/12/2020,31/12/2020,23/12/2020, , ,ANNUAL GENERAL MEETING   
EQ,INVENTURE,Inventure Gro & Sec Ltd, ,18/12/2020,26/12/2020,16/12/2020, , ,ANNUAL GENERAL MEETING   
EQ,SEZAL,Sezal Glass Limited, ,26/12/2020,29/12/2020,23/12/2020, , ,ANNUAL GENERAL MEETING   
EQ,JISLDVREQS,Jain DVR Equity Shares, ,21/12/2020,30/12/2020,17/12/2020, , ,ANNUAL GENERAL MEETING   
EQ,SANGHVIFOR,Sanghvi For & Eng Ltd, ,15/12/2020,24/12/2020,11/12/2020, , ,ANNUAL GENERAL MEETING   
EQ,ONELIFECAP,Onelife Cap Advisors Ltd, ,22/12/2020,29/12/2020,18/12/2020, , ,ANNUAL GENERAL MEETING   
EQ,MTEDUCARE,MT Educare Ltd, ,18/12/2020,24/12/2020,16/12/2020, , ,ANNUAL GENERAL MEETING   
EQ,THOMASCOTT,Thomas Scott (India) Ltd, ,24/12/2020,30/12/2020,22/12/2020, , ,ANNUAL GENERAL MEETING   
EQ,HUBTOWN,Ackruti City Limited, ,18/12/2020,24/12/2020,16/12/2020, , ,ANNUAL GENERAL MEETING   
EQ,TGBHOTELS,Bhagwati Banquets And Hot, ,18/12/2020,24/12/2020,16/12/2020, , ,ANNUAL GENERAL MEETING   
EQ,SHIRPUR-G,Agee Gold Refiners Ltd., ,24/12/2020,31/12/2020,22/12/2020, , ,ANNUAL GENERAL MEETING   
EQ,VIVIDHA,Visagar Polytex Ltd, ,23/12/2020,29/12/2020,21/12/2020, , ,ANNUAL GENERAL MEETING   
EQ,UJAAS,Ujaas Energy Limited, ,24/12/2020,30/12/2020,22/12/2020, , ,ANNUAL GENERAL MEETING   
EQ,NDL,Nandan Denim Limited, ,26/12/2020,31/12/2020,23/12/2020, , ,ANNUAL GENERAL MEETING   
EQ,LYPSAGEMS,Lypsa Gems & Jewel Ltd, ,23/12/2020,30/12/2020,21/12/2020, , ,ANNUAL GENERAL MEETING   
EQ,SKIL,SKIL Infrastr. Ltd., ,24/12/2020,30/12/2020,22/12/2020, , ,ANNUAL GENERAL MEETING   
EQ,ARCOTECH,Arcotech Limited, ,24/12/2020,30/12/2020,22/12/2020, , ,ANNUAL GENERAL MEETING   
EQ,CCHHL,Country Club Hosp Hol Ltd, ,25/12/2020,31/12/2020,23/12/2020, , ,ANNUAL GENERAL MEETING   
EQ,JMA,Jullundur Mot Agency Ltd,24/12/2020, , ,23/12/2020, , ,BUY BACK                 
EQ,MANPASAND,Manpasand Beverages Ltd., ,28/12/2020,31/12/2020,23/12/2020, , ,ANNUAL GENERAL MEETING   
EQ,PRABHAT,Prabhat Dairy Limited, ,21/12/2020,26/12/2020,17/12/2020, , ,ANNUAL GENERAL MEETING   
EQ,MFSL,Max Fin Serv Ltd, ,24/12/2020,30/12/2020,22/12/2020, , ,ANNUAL GENERAL MEETING   
EQ,KRIDHANINF,Kridhan Infra Limited, ,23/12/2020,29/12/2020,21/12/2020, , ,ANNUAL GENERAL MEETING   
EQ,MAJESCO,Majesco Limited,25/12/2020, , ,23/12/2020, , ,INTDIV-RS 974 PER SH     
EQ,ORTINLABSS,Ortin Laboratories Ltd, ,23/12/2020,29/12/2020,21/12/2020, , ,ANNUAL GENERAL MEETING   
EQ,STAMPEDE,Stampede Capital Ltd, ,22/12/2020,29/12/2020,18/12/2020, , ,ANNUAL GENERAL MEETING   
EQ,NAGAFERT,Nagarjun Fert and Che Ltd, ,23/12/2020,30/12/2020,21/12/2020, , ,ANNUAL GENERAL MEETING   
EQ,SETCO,Setco Automotive Ltd, ,22/12/2020,28/12/2020,18/12/2020, , ,ANNUAL GENERAL MEETING   
EQ,MAXVIL,Max Ventures and Inds Ltd, ,24/12/2020,30/12/2020,22/12/2020, , ,ANNUAL GENERAL MEETING   
EQ,MAHASTEEL,Mahamaya Steel Inds Ltd, ,17/12/2020,23/12/2020,15/12/2020, , ,ANNUAL GENERAL MEETING   
EQ,ITDC,India Tour. Dev. Co. Ltd., ,28/12/2020,30/12/2020,23/12/2020, , ,ANNUAL GENERAL MEETING   
EQ,SCAPDVR,Stampede Capital Limited, ,22/12/2020,29/12/2020,18/12/2020, , ,ANNUAL GENERAL MEETING   
EQ,NTL,Neueon Towers Limited, ,28/12/2020,28/12/2020,23/12/2020, , ,ANNUAL GENERAL MEETING   
EQ,BCG,Lycos Internet Limited, ,22/12/2020,28/12/2020,18/12/2020, , ,AGM/DIV - RS 0.05 PER SH 
EQ,MOHOTAIND,Mohota Industries Ltd., ,17/12/2020,24/12/2020,15/12/2020, , ,ANNUAL GENERAL MEETING   
EQ,HAVISHA,Sri Havisha Hosp infr Ltd, ,24/12/2020,30/12/2020,22/12/2020, , ,ANNUAL GENERAL MEETING   
EQ,AUTORIDFIN,Autoriders Finance Ltd, ,24/12/2020,31/12/2020,22/12/2020, , ,ANNUAL GENERAL MEETING   
EQ,JBFIND,JBFIndustries Ltd, ,23/12/2020,30/12/2020,21/12/2020, , ,ANNUAL GENERAL MEETING   
EQ,TOKYOPLAST,Tokyo Plast Intl Ltd, ,23/12/2020,30/12/2020,21/12/2020, , ,ANNUAL GENERAL MEETING   
EQ,TECILCHEM,TECIL Chem And Hydro Powe, ,21/12/2020,28/12/2020,17/12/2020, , ,ANNUAL GENERAL MEETING   
EQ,ARENTERP,Rajdharshan Inds Ltd, ,19/12/2020,26/12/2020,17/12/2020, , ,ANNUAL GENERAL MEETING   
EQ,MANGTIMBER,Mangalam Timber Pro Ltd, ,24/12/2020,30/12/2020,22/12/2020, , ,ANNUAL GENERAL MEETING   
EQ,SANDESH,Sandesh Ltd, ,18/12/2020,30/12/2020,16/12/2020, , ,ANNUAL GENERAL MEETING   
EQ,BLUEBLENDS,Blue Blends (I) Ltd, ,26/12/2020,29/12/2020,23/12/2020, , ,ANNUAL GENERAL MEETING   
EQ,RCF,Rashtriya Chem Fert Ltd.,23/12/2020, , ,22/12/2020, , ,AGM/DIV - RS 2.84 PER SH 
EQ,RAJSREESUG,Rajshree Sugars & Chem, ,22/12/2020,28/12/2020,18/12/2020, , ,ANNUAL GENERAL MEETING   
EQ,CUBEXTUB,Cubex Tubings Ltd, ,17/12/2020,23/12/2020,15/12/2020, , ,ANNUAL GENERAL MEETING   
EQ,REGENCERAM,Regency Ceramics Ltd., ,24/12/2020,30/12/2020,22/12/2020, , ,ANNUAL GENERAL MEETING   
EQ,DCW,DCW Ltd, ,23/12/2020,29/12/2020,21/12/2020, , ,ANNUAL GENERAL MEETING   
EQ,ENGINERSIN,Engineers India Ltd.,01/01/2021, , ,31/12/2020, , ,BUYBACK                  
EQ,MADRASFERT,Madras Fertilizers Ltd, ,23/12/2020,29/12/2020,21/12/2020, , ,ANNUAL GENERAL MEETING   
EQ,MTNL,Maha Tel Nigam Ltd., ,25/12/2020,31/12/2020,23/12/2020, , ,ANNUAL GENERAL MEETING   
EQ,PEARLPOLY,Pearl Polymers Ltd, ,24/12/2020,30/12/2020,22/12/2020, , ,ANNUAL GENERAL MEETING   
EQ,HITECHGEAR,Hi-Tech Gears Ltd, ,20/12/2020,26/12/2020,17/12/2020, , ,ANNUAL GENERAL MEETING   
EQ,ASHAPURMIN,Ashapura Minechem Ltd, ,24/12/2020,30/12/2020,22/12/2020, , ,ANNUAL GENERAL MEETING   
EQ,JAICORPLTD,Jai Corp Limited, ,22/12/2020,28/12/2020,18/12/2020, , ,DIV - RS 0.50 PER SH     
EQ,GMDCLTD,Gujarat Min. Dev. Corpn , ,24/12/2020,31/12/2020,22/12/2020, , ,AGM/DIV - RS 2 PER SH    
EQ,GUJRAFFIA,Gujarat Raffia Inds Ltd, ,29/12/2020,04/01/2021,24/12/2020, , ,EXTRA GENERAL MEETING    
EQ,GAMMONIND,Gammon India Ltd., ,22/12/2020,29/12/2020,18/12/2020, , ,ANNUAL GENERAL MEETING   
EQ,ZODIACLOTH,Zodiac Clothing Co. Ltd, ,19/12/2020,28/12/2020,17/12/2020, , ,ANNUAL GENERAL MEETING   
EQ,MELSTAR,Melstar Info Tec Ltd, ,24/12/2020,31/12/2020,22/12/2020, , ,ANNUAL GENERAL MEETING   
EQ,HCLTECH,HCL Technologies Ltd.,23/01/2021, , ,21/01/2021, , ,INTERIM DIVIDEND         
EQ,VISESHINFO,Visesh Infotecnics Limite, ,24/12/2020,30/12/2020,22/12/2020, , ,ANNUAL GENERAL MEETING   
EQ,SICAL,Sical Logistics Limited, ,23/12/2020,29/12/2020,21/12/2020, , ,ANNUAL GENERAL MEETING   
EQ,RAJESHEXPO,Rajesh Exports Ltd., ,25/12/2020,31/12/2020,23/12/2020, , ,DIV - RE 1 PER SH        
EQ,IVRCLINFRA,IVRCL Limited, ,29/12/2020,31/12/2020,24/12/2020, , ,ANNUAL GENERAL MEETING   
EQ,MODTHREAD,Modern Thread Ltd., ,21/12/2020,28/12/2020,17/12/2020, , ,ANNUAL GENERAL MEETING   
EQ,DSKULKARNI,DS Kulkarni Dev. Ltd., ,24/12/2020,31/12/2020,22/12/2020, , ,ANNUAL GENERAL MEETING   
EQ,SALSTEEL,S.A.L. Steel Limited, ,11/12/2020,23/12/2020,09/12/2020, , ,ANNUAL GENERAL MEETING   
EQ,JISLJALEQS,Jain Irrigation Systems L, ,21/12/2020,30/12/2020,17/12/2020, , ,ANNUAL GENERAL MEETING   
EQ,RADAAN,Radaan Mediaworks (I) Ltd, ,17/12/2020,24/12/2020,15/12/2020, , ,ANNUAL GENERAL MEETING   
EQ,ATCOM,Atcom Techno. Ltd., ,23/12/2020,30/12/2020,21/12/2020, , ,ANNUAL GENERAL MEETING   
EQ,PANACEABIO,Panacea Biotec Ltd., ,17/12/2020,24/12/2020,15/12/2020, , ,ANNUAL GENERAL MEETING   
EQ,PSL,PSL Limited, ,25/12/2020,30/12/2020,23/12/2020, , ,ANNUAL GENERAL MEETING   
EQ,OPTOCIRCUI,Opto Circuits (India) Lim, ,29/12/2020,31/12/2020,24/12/2020, , ,ANNUAL GENERAL MEETING   
EQ,VIVIMEDLAB,Vivimed Labs Limited, ,25/12/2020,30/12/2020,23/12/2020, , ,ANNUAL GENERAL MEETING   
EQ,HCC,Hindustan Construc Co., ,18/12/2020,24/12/2020,16/12/2020, , ,ANNUAL GENERAL MEETING   
EQ,SIMPLEXINF,Simplex Infrastructures L, ,22/12/2020,30/12/2020,18/12/2020, , ,ANNUAL GENERAL MEETING   
EQ,KOHINOOR,Kohinoor Foods Limited, ,23/12/2020,29/12/2020,21/12/2020, , ,ANNUAL GENERAL MEETING   
EQ,BARTRONICS,Bartronics India Limited, ,28/12/2020,29/12/2020,23/12/2020, , ,ANNUAL GENERAL MEETING   
EQ,GDL,Gateway Distriparks Limit,06/01/2021, , ,05/01/2021, , ,INTERIM DIVIDEND         
EQ,3IINFOTECH,3i Infotech Limited, ,16/12/2020,23/12/2020,14/12/2020, , ,ANNUAL GENERAL MEETING   
EQ,SANWARIA,Sanwaria Consumer Ltd., ,17/12/2020,24/12/2020,15/12/2020, , ,ANNUAL GENERAL MEETING   
EQ,NSIL,Nalwa Sons Investments Li, ,21/12/2020,24/12/2020,17/12/2020, , ,ANNUAL GENERAL MEETING   
EQ,CYBERMEDIA,Cyber Media (India) Limit, ,24/12/2020,30/12/2020,22/12/2020, , ,ANNUAL GENERAL MEETING   
EQ,PREMIER,Premier Limited, ,23/12/2020,30/12/2020,21/12/2020, , ,ANNUAL GENERAL MEETING   
EQ,SHAHALLOYS,Shah Alloys Limited, ,11/12/2020,23/12/2020,09/12/2020, , ,ANNUAL GENERAL MEETING   
EQ,PAEL,PAE Limited, ,23/12/2020,30/12/2020,21/12/2020, , ,ANNUAL GENERAL MEETING   
EQ,HDIL,Housing Development and I, ,23/12/2020,23/12/2020,21/12/2020, , ,ANNUAL GENERAL MEETING   
EQ,KAVVERITEL,Kavveri Telecom Products, ,24/12/2020,31/12/2020,22/12/2020, , ,ANNUAL GENERAL MEETING   
EQ,ARIHANT,Arihant Foundations & Hou, ,17/12/2020,23/12/2020,15/12/2020, , ,ANNUAL GENERAL MEETING   
EQ,OMAXE,Omaxe Limited, ,19/12/2020,24/12/2020,17/12/2020, , ,ANNUAL GENERAL MEETING   
EQ,SATHAISPAT,Sathavahana Ispat Ltd, ,23/12/2020,29/12/2020,21/12/2020, , ,ANNUAL GENERAL MEETING   
EQ,VISUINTL,Visu International Limite, ,25/12/2020,31/12/2020,23/12/2020, , ,ANNUAL GENERAL MEETING   
EQ,PRAENG,Prajay Engineers Syndicat, ,24/12/2020,30/12/2020,22/12/2020, , ,ANNUAL GENERAL MEETING   
EQ,BFUTILITIE,BF Utilities Limited, ,30/12/2020,30/12/2020,28/12/2020, , ,ANNUAL GENERAL MEETING   
EQ,ATLANTA,Atlanta  Limited, ,16/12/2020,23/12/2020,14/12/2020, , ,ANNUAL GENERAL MEETING   
EQ,WEBELSOLAR,Websol Energy System Ltd, ,25/12/2020,31/12/2020,23/12/2020, , ,ANNUAL GENERAL MEETING   
EQ,ANANTRAJ,Anant Raj Industries Limi, ,24/12/2020,30/12/2020,22/12/2020, , ,AGM/DIV - RE 0.08 PER SH 
EQ,BINANIIND,Binani Industries Limited, ,22/12/2020,29/12/2020,18/12/2020, , ,ANNUAL GENERAL MEETING   
GS,833GS2026,GOI LOAN 8.33% 2026,08/01/2021, , ,07/01/2021, , ,INTEREST PAYMENT         
GS,83GS2040,GOI LOAN 8.30% 2040,01/01/2021, , ,31/12/2020, , ,INTEREST PAYMENT         
GS,83GS2042,GOI LOAN 8.30% 2042,29/12/2020, , ,28/12/2020, , ,INTEREST PAYMENT         
GS,84GS2024,GOI LOAN 8.40% 2024,27/01/2021, , ,25/01/2021, , ,INTEREST PAYMENT         
GS,726GS2029,GOI LOAN 7.26% 2029,13/01/2021, , ,12/01/2021, , ,INTEREST PAYMENT         
GS,116GS2020,GOI LOAN 11.60% 2020,24/12/2020, , , , , ,INTEREST PAYMENT/REDEMPTI
GS,732GS2024,GOVERNMENT OF INDIA,27/01/2021, , ,25/01/2021, , ,INTEREST PAYMENT         
GS,683GS2039,GOI 6.83% 2039,18/01/2021, , ,15/01/2021, , ,INTEREST PAYMENT         
GS,717GS2028,GOI LOAN 7.17% 2028,07/01/2021, , ,06/01/2021, , ,INTEREST PAYMENT         
GS,759GS2026,GOI LOAN 7.59% 2026,08/01/2021, , ,07/01/2021, , ,INTEREST PAYMENT         
GS,700GS2021,GOI LOAN 7.00% 2021,20/01/2021, , ,19/01/2021, , ,INTEREST PAYMENT/REDEMPTI
GS,617GS2021,GOI LOAN 6.17% 2021,14/01/2021, , ,13/01/2021, , ,INTEREST PAYMENT         
GS,679GS2029,GOI LOAN 6.79% 2029,24/12/2020, , ,23/12/2020, , ,INTEREST PAYMENT         
M1,SREIBNPNCD,Sec Red NCD 9.12% Sr. VI,23/12/2020, , ,16/12/2020,16/12/2020,22/12/2020,INTEREST PAYMENT         
M4,SREIBNPNCD,Sec Red NCD 8.43% Sr. III,28/12/2020, , ,18/12/2020,18/12/2020,24/12/2020,INTEREST PAYMENT         
M7,SREIBNPNCD,Sec Red NCD 8.65% Sr. VI,28/12/2020, , ,18/12/2020,18/12/2020,24/12/2020,INTEREST PAYMENT         
MA,SREIBNPNCD,Uns Red NCD 9.12% Sr. IX,28/12/2020, , ,18/12/2020,18/12/2020,24/12/2020,INTEREST PAYMENT         
MF,UTFIMIPRPI,UTI-FIIF - MIP - I - RDP,23/12/2020, , , , , ,DIV/STP                  
MF,UTFIMIPRRI,UTI-FIIF - MIP - I - RDR,23/12/2020, , , , , ,DIV/STP                  
MF,UTFIMIPRGI,UTI-FIIF - MIP - I - RG,23/12/2020, , , , , ,STP                      
MF,UTFDMIPIGI,UTIAMC - UTFDMIPIGI,23/12/2020, , , , , ,STP                      
MF,UTFDMIPIRI,UTIAMC - UTFDMIPIRI,23/12/2020, , , , , ,DIV/STP                  
MF,UTFDMIPIPI,UTIAMC - UTFDMIPIPI,23/12/2020, , , , , ,DIV/STP                  
MF,MXIRG,SUNDARMAMC - MXIRG,28/12/2020, , , , , ,REDEMPTION               
MF,MXIRD,SUNDARMAMC - MXIRD,28/12/2020, , , , , ,REDEMPTION               
MF,MXIDG,SUNDARMAMC - MXIDG,28/12/2020, , , , , ,REDEMPTION               
MF,MXIDD,SUNDARMAMC - MXIDD,28/12/2020, , , , , ,REDEMPTION               
MF,ABSLFTQURQ,BIRLASLAMC - ABSLFTQURQ,28/12/2020, , ,24/12/2020, , ,DIVIDEND                 
MF,ABSLFTQUDQ,BIRLASLAMC - ABSLFTQUDQ,28/12/2020, , ,24/12/2020, , ,DIVIDEND                 
MF,ABSLFTQNDQ,BIRLASLAMC - ABSLFTQNDQ,28/12/2020, , ,24/12/2020, , ,DIVIDEND                 
MF,ABSLFTQODQ,BIRLASLAMC - ABSLFTQODQ,28/12/2020, , ,24/12/2020, , ,DIVIDEND                 
MF,ABSLFTQORQ,BIRLASLAMC - ABSLFTQORQ,28/12/2020, , ,24/12/2020, , ,DIVIDEND                 
MF,ABSLFTQVDQ,BIRLASLAMC - ABSLFTQVDQ,28/12/2020, , ,24/12/2020, , ,DIVIDEND                 
MF,ABSLFTQVRQ,BIRLASLAMC - ABSLFTQVRQ,28/12/2020, , ,24/12/2020, , ,DIVIDEND                 
MF,ABSLFTQYRQ,BIRLASLAMC - ABSLFTQYRQ,28/12/2020, , ,24/12/2020, , ,DIVIDEND                 
MF,ABSLFTQQDQ,BIRLASLAMC - ABSLFTQQDQ,28/12/2020, , ,24/12/2020, , ,DIVIDEND                 
MF,ABSLFTQQRQ,BIRLASLAMC - ABSLFTQQRQ,28/12/2020, , ,24/12/2020, , ,DIVIDEND                 
MF,ABSLFTQMRQ,BIRLASLAMC - ABSLFTQMRQ,28/12/2020, , ,24/12/2020, , ,DIVIDEND                 
MF,ABSLFTPERQ,BIRLASLAMC - ABSLFTPERQ,28/12/2020, , ,24/12/2020, , ,DIVIDEND                 
MF,ABSLFTPEDQ,BIRLASLAMC - ABSLFTPEDQ,28/12/2020, , ,24/12/2020, , ,DIVIDEND                 
MF,ABSLFTPYDQ,BIRLASLAMC - ABSLFTPYDQ,28/12/2020, , ,24/12/2020, , ,DIVIDEND                 
MF,ABSLFTQXRQ,BIRLASLAMC - ABSLFTQXRQ,28/12/2020, , ,24/12/2020, , ,DIVIDEND                 
MF,ABSLFTRCRQ,BIRLASLAMC - ABSLFTRCRQ,28/12/2020, , ,24/12/2020, , ,DIVIDEND                 
MF,ABSLFTRCDQ,BIRLASLAMC - ABSLFTRCDQ,28/12/2020, , ,24/12/2020, , ,DIVIDEND                 
MF,ABSLFTPHDQ,BIRLASLAMC - ABSLFTPHDQ,28/12/2020, , ,24/12/2020, , ,DIVIDEND                 
MF,ABSLFTPHRQ,BIRLASLAMC - ABSLFTPHRQ,28/12/2020, , ,24/12/2020, , ,DIVIDEND                 
MF,ABSLFTRDRQ,BIRLASLAMC - ABSLFTRDRQ,28/12/2020, , ,24/12/2020, , ,DIVIDEND                 
MF,ABSLFTQWRQ,BIRLASLAMC - ABSLFTQWRQ,28/12/2020, , ,24/12/2020, , ,DIVIDEND                 
MF,ABSLFTQWDQ,BIRLASLAMC - ABSLFTQWDQ,28/12/2020, , ,24/12/2020, , ,DIVIDEND                 
MF,ABSLFTQXDQ,BIRLASLAMC - ABSLFTQXDQ,28/12/2020, , ,24/12/2020, , ,DIVIDEND                 
MF,ABSLFTRERQ,BIRLASLAMC - ABSLFTRERQ,28/12/2020, , ,24/12/2020, , ,DIVIDEND                 
MF,ABSLFTREDQ,BIRLASLAMC - ABSLFTREDQ,28/12/2020, , ,24/12/2020, , ,DIVIDEND                 
MF,ABSLFTPFDQ,BIRLASLAMC - ABSLFTPFDQ,28/12/2020, , ,24/12/2020, , ,DIVIDEND                 
MF,ABSLFTPFRQ,BIRLASLAMC - ABSLFTPFRQ,28/12/2020, , ,24/12/2020, , ,DIVIDEND                 
MF,ABSLFTQRDQ,BIRLASLAMC - ABSLFTQRDQ,28/12/2020, , ,24/12/2020, , ,DIVIDEND                 
MF,ABSLFTQRRQ,BIRLASLAMC - ABSLFTQRRQ,28/12/2020, , ,24/12/2020, , ,DIVIDEND                 
MF,ABSLFTRHRQ,BIRLASLAMC - ABSLFTRHRQ,28/12/2020, , ,24/12/2020, , ,DIVIDEND                 
MF,ABSLFTRHDQ,BIRLASLAMC - ABSLFTRHDQ,28/12/2020, , ,24/12/2020, , ,DIVIDEND                 
MF,ABSLFTQPDQ,BIRLASLAMC - ABSLFTQPDQ,28/12/2020, , ,24/12/2020, , ,DIVIDEND                 
MF,ABSLFTOWRQ,BIRLASLAMC - ABSLFTOWRQ,28/12/2020, , ,24/12/2020, , ,DIVIDEND                 
MF,ABSLFTOWDQ,BIRLASLAMC - ABSLFTOWDQ,28/12/2020, , ,24/12/2020, , ,DIVIDEND                 
MF,ABSLFTQPRQ,BIRLASLAMC - ABSLFTQPRQ,28/12/2020, , ,24/12/2020, , ,DIVIDEND                 
MF,ABSLFTRADQ,BIRLASLAMC - ABSLFTRADQ,28/12/2020, , ,24/12/2020, , ,DIVIDEND                 
MF,ABSLFTRARQ,BIRLASLAMC - ABSLFTRARQ,28/12/2020, , ,24/12/2020, , ,DIVIDEND                 
MF,ABSLFTOZRQ,BIRLASLAMC - ABSLFTOZRQ,28/12/2020, , ,24/12/2020, , ,DIVIDEND                 
MF,ABSLFTOZDQ,BIRLASLAMC - ABSLFTOZDQ,28/12/2020, , ,24/12/2020, , ,DIVIDEND                 
MF,ABSLFTPCRQ,BIRLASLAMC - ABSLFTPCRQ,28/12/2020, , ,24/12/2020, , ,DIVIDEND                 
MF,ABSLFTPCDQ,BIRLASLAMC - ABSLFTPCDQ,28/12/2020, , ,24/12/2020, , ,DIVIDEND                 
MF,ABSLFTPORQ,BIRLASLAMC - ABSLFTPORQ,28/12/2020, , ,24/12/2020, , ,DIVIDEND                 
MF,ABSLFTPNRQ,BIRLASLAMC - ABSLFTPNRQ,28/12/2020, , ,24/12/2020, , ,DIVIDEND                 
MF,ABSLFTPNDQ,BIRLASLAMC - ABSLFTPNDQ,28/12/2020, , ,24/12/2020, , ,DIVIDEND                 
MF,ABSLFTPKDQ,BIRLASLAMC - ABSLFTPKDQ,28/12/2020, , ,24/12/2020, , ,DIVIDEND                 
MF,ABSLFTPKRQ,BIRLASLAMC - ABSLFTPKRQ,28/12/2020, , ,24/12/2020, , ,DIVIDEND                 
MF,ABSLFTPADQ,BIRLASLAMC - ABSLFTPADQ,28/12/2020, , ,24/12/2020, , ,DIVIDEND                 
MF,ABSLFTPARQ,BIRLASLAMC - ABSLFTPARQ,28/12/2020, , ,24/12/2020, , ,DIVIDEND                 
MF,ABSLFTPZRQ,BIRLASLAMC - ABSLFTPZRQ,28/12/2020, , ,24/12/2020, , ,DIVIDEND                 
MF,ABSLFTPZDQ,BIRLASLAMC - ABSLFTPZDQ,28/12/2020, , ,24/12/2020, , ,DIVIDEND                 
MF,ABSLFTOYDQ,BIRLASLAMC - ABSLFTOYDQ,28/12/2020, , ,24/12/2020, , ,DIVIDEND                 
MF,ABSLFTOYRQ,BIRLASLAMC - ABSLFTOYRQ,28/12/2020, , ,24/12/2020, , ,DIVIDEND                 
MF,ABSLFTOXRQ,BIRLASLAMC - ABSLFTOXRQ,28/12/2020, , ,24/12/2020, , ,DIVIDEND                 
MF,ABSLFTOXDQ,BIRLASLAMC - ABSLFTOXDQ,28/12/2020, , ,24/12/2020, , ,DIVIDEND                 
MF,ABSLFTQFDQ,BIRLASLAMC - ABSLFTQFDQ,28/12/2020, , ,24/12/2020, , ,DIVIDEND                 
MF,ABSLFTQFRQ,BIRLASLAMC - ABSLFTQFRQ,28/12/2020, , ,24/12/2020, , ,DIVIDEND                 
MF,ABSLFTQGRQ,BIRLASLAMC - ABSLFTQGRQ,28/12/2020, , ,24/12/2020, , ,DIVIDEND                 
MF,ABSLFTQJRQ,BIRLASLAMC - ABSLFTQJRQ,28/12/2020, , ,24/12/2020, , ,DIVIDEND                 
MF,ABSLFTPDRQ,BIRLASLAMC - ABSLFTPDRQ,28/12/2020, , ,24/12/2020, , ,DIVIDEND                 
MF,ABSLFTPDDQ,BIRLASLAMC - ABSLFTPDDQ,28/12/2020, , ,24/12/2020, , ,DIVIDEND                 
MF,ABSLFTPBRQ,BIRLASLAMC - ABSLFTPBRQ,28/12/2020, , ,24/12/2020, , ,DIVIDEND                 
MF,ABSLFTPBDQ,BIRLASLAMC - ABSLFTPBDQ,28/12/2020, , ,24/12/2020, , ,DIVIDEND                 
MF,ABSLFTPTDQ,BIRLASLAMC - ABSLFTPTDQ,28/12/2020, , ,24/12/2020, , ,DIVIDEND                 
MF,ABSLFTPTRQ,BIRLASLAMC - ABSLFTPTRQ,28/12/2020, , ,24/12/2020, , ,DIVIDEND                 
MF,ABSLFTQLDQ,BIRLASLAMC - ABSLFTQLDQ,28/12/2020, , ,24/12/2020, , ,DIVIDEND                 
MF,ABSLFTQBDQ,BIRLASLAMC - ABSLFTQBDQ,28/12/2020, , ,24/12/2020, , ,DIVIDEND                 
MF,ABSLFTQBRQ,BIRLASLAMC - ABSLFTQBRQ,28/12/2020, , ,24/12/2020, , ,DIVIDEND                 
MF,ABSLFTPMDQ,BIRLASLAMC - ABSLFTPMDQ,28/12/2020, , ,24/12/2020, , ,DIVIDEND                 
MF,ABSLFTPMRQ,BIRLASLAMC - ABSLFTPMRQ,28/12/2020, , ,24/12/2020, , ,DIVIDEND                 
MF,ABSLFTPWDQ,BIRLASLAMC - ABSLFTPWDQ,28/12/2020, , ,24/12/2020, , ,DIVIDEND                 
MF,ABSLFTPWRQ,BIRLASLAMC - ABSLFTPWRQ,28/12/2020, , ,24/12/2020, , ,DIVIDEND                 
MF,ABSLFTQLRQ,BIRLASLAMC - ABSLFTQLRQ,28/12/2020, , ,24/12/2020, , ,DIVIDEND                 
MF,ABSLFTPJRQ,BIRLASLAMC - ABSLFTPJRQ,28/12/2020, , ,24/12/2020, , ,DIVIDEND                 
MF,ABSLFTPJDQ,BIRLASLAMC - ABSLFTPJDQ,28/12/2020, , ,24/12/2020, , ,DIVIDEND                 
MF,ABSLFTQKDQ,BIRLASLAMC - ABSLFTQKDQ,28/12/2020, , ,24/12/2020, , ,DIVIDEND                 
MF,ABSLFTQCRQ,BIRLASLAMC - ABSLFTQCRQ,28/12/2020, , ,24/12/2020, , ,DIVIDEND                 
MF,ABSLFTQCDQ,BIRLASLAMC - ABSLFTQCDQ,28/12/2020, , ,24/12/2020, , ,DIVIDEND                 
MF,ABSLFTQYDQ,BIRLASLAMC - ABSLFTQYDQ,28/12/2020, , ,24/12/2020, , ,DIVIDEND                 
MF,ABSLFTPGRQ,BIRLASLAMC - ABSLFTPGRQ,28/12/2020, , ,24/12/2020, , ,DIVIDEND                 
MF,ABSLFTPGDQ,BIRLASLAMC - ABSLFTPGDQ,28/12/2020, , ,24/12/2020, , ,DIVIDEND                 
MF,ABSLFTPURQ,BIRLASLAMC - ABSLFTPURQ,28/12/2020, , ,24/12/2020, , ,DIVIDEND                 
MF,ABSLFTPUDQ,BIRLASLAMC - ABSLFTPUDQ,28/12/2020, , ,24/12/2020, , ,DIVIDEND                 
MF,ABSLFTPVRQ,BIRLASLAMC - ABSLFTPVRQ,28/12/2020, , ,24/12/2020, , ,DIVIDEND                 
MF,ABSLFTPVDQ,BIRLASLAMC - ABSLFTPVDQ,28/12/2020, , ,24/12/2020, , ,DIVIDEND                 
MF,ABSLFTPIRQ,BIRLASLAMC - ABSLFTPIRQ,28/12/2020, , ,24/12/2020, , ,DIVIDEND                 
MF,ABSLFTPIDQ,BIRLASLAMC - ABSLFTPIDQ,28/12/2020, , ,24/12/2020, , ,DIVIDEND                 
MF,ABSLFTQHRQ,BIRLASLAMC - ABSLFTQHRQ,28/12/2020, , ,24/12/2020, , ,DIVIDEND                 
MF,ABSLFTQHDQ,BIRLASLAMC - ABSLFTQHDQ,28/12/2020, , ,24/12/2020, , ,DIVIDEND                 
MF,ABSLFTQIRQ,BIRLASLAMC - ABSLFTQIRQ,28/12/2020, , ,24/12/2020, , ,DIVIDEND                 
MF,ABSLFTQMDQ,BIRLASLAMC - ABSLFTQMDQ,28/12/2020, , ,24/12/2020, , ,DIVIDEND                 
MH,SRTRANSFIN,Sec Red NCD 8.93% Sr. I,27/12/2020, , ,18/12/2020,18/12/2020,24/12/2020,INTEREST PAYMENT         
MI,SRTRANSFIN,Sec Red NCD 9.03% Sr. II,27/12/2020, , ,18/12/2020,18/12/2020,24/12/2020,INTEREST PAYMENT         
N1,TATACAPHSG,Sec Red NCD 8% Sr.I,30/12/2020, , ,29/12/2020, , ,INTEREST PAYMENT         
N1,NHBTF2014,BOND 8.26%PA TF Tr-I S1A,29/12/2020, , ,28/12/2020, , ,INTEREST PAYMENT         
N2,NHBTF2014,BOND 8.63%PA TF Tr-I S 2A,29/12/2020, , ,28/12/2020, , ,INTEREST PAYMENT         
N2,TATACAPHSG,Sec Red NCD 8.10% Sr.I,30/12/2020, , ,29/12/2020, , ,INTEREST PAYMENT         
N3,NHBTF2014,BOND 8.76%PA TF Tr-I S 3A,29/12/2020, , ,28/12/2020, , ,INTEREST PAYMENT         
N3,DHANILOANS,Dhani Loans & Serv Ltd,24/12/2020, , ,23/12/2020, , ,INTEREST PAYMENT         
N3,TATACAPHSG,Sec Red NCD 7.92% Sr.II,30/12/2020, , ,29/12/2020, , ,INTEREST PAYMENT         
N4,TATACAPHSG,Sec Red NCD 8.01% Sr.II,30/12/2020, , ,29/12/2020, , ,INTEREST PAYMENT         
N4,NHBTF2014,BOND 8.51%PA TF Tr-I S1B,29/12/2020, , ,28/12/2020, , ,INTEREST PAYMENT         
N5,TATACAPHSG,Sec Red NCD 8.20% Sr.III,30/12/2020, , ,29/12/2020, , ,INTEREST PAYMENT         
N5,EHFLNCD,Sec Red NCD 9.57% Sr. V,25/12/2020, , ,23/12/2020, , ,INTEREST PAYMENT         
N5,NHBTF2014,BOND 8.88%PA TF Tr-I S 2B,29/12/2020, , ,28/12/2020, , ,INTEREST PAYMENT         
N6,TATACAPHSG,Sec Red NCD 8.30% Sr.III,30/12/2020, , ,29/12/2020, , ,INTEREST PAYMENT         
N6,DHANILOANS,Dhani Loans & Serv Ltd,24/12/2020, , ,23/12/2020, , ,INTEREST PAYMENT         
N6,NHBTF2014,BOND 9.01%PA TF Tr-I S 3B,29/12/2020, , ,28/12/2020, , ,INTEREST PAYMENT         
N7,IBUCCREDIT,SeReNCD8.66%SrIVCIII&IV,11/01/2021, , ,08/01/2021, , ,INTEREST PAYMENT         
N7,TATACAPHSG,Sec Red NCD 8.01% Sr.IV,30/12/2020, , ,29/12/2020, , ,INTEREST PAYMENT         
N8,IBULHSGFIN,Sec Red NCD 8.65% Sr. V,16/01/2021, , ,14/01/2021, , ,INTEREST PAYMENT         
N8,TATACAPHSG,Sec Red NCD 8.10% Sr.IV,30/12/2020, , ,29/12/2020, , ,INTEREST PAYMENT         
N9,TATACAPHSG,Sec Red NCD 8.30% Sr.V,30/12/2020, , ,29/12/2020, , ,INTEREST PAYMENT         
NA,TATACAPHSG,Sec Red NCD 8.40% Sr.V,30/12/2020, , ,29/12/2020, , ,INTEREST PAYMENT         
NA,IBUCCREDIT,SeReNCD8.75%SrVICI&II,11/01/2021, , ,08/01/2021, , ,INTEREST PAYMENT         
NB,IBUCCREDIT,SeReNCD8.84%SrVICIII&IV,11/01/2021, , ,08/01/2021, , ,INTEREST PAYMENT         
NB,TATACAPHSG,Un Se Re NCD 8.55% Sr.VI,30/12/2020, , ,29/12/2020, , ,INTEREST PAYMENT         
NC,HUDCO,8.58% Tax FreeTrII Sr2A,29/12/2020, , ,28/12/2020, , ,INTEREST PAYMENT         
NC,IBULHSGFIN,Uns Red NCD 8.79% Sr.VIII,16/01/2021, , ,14/01/2021, , ,INTEREST PAYMENT         
ND,L&TFINANCE,L&T Finance Limited,29/12/2020, , ,28/12/2020, , ,INTEREST PAYMENT         
NE,HUDCO,9.01% Tax FreeTrII Sr3B,29/12/2020, , ,28/12/2020, , ,INTEREST PAYMENT         
NE,L&TFINANCE,L&T Finance Limited,29/12/2020, , ,28/12/2020, , ,INTEREST PAYMENT         
NH,L&TFINANCE,L&T Finance Limited,29/12/2020, , ,28/12/2020, , ,INTEREST PAYMENT         
NI,L&TFINANCE,L&T Finance Limited,29/12/2020, , ,28/12/2020, , ,INTEREST PAYMENT         
NI,SREIBNPNCD,9.11% SRNCD Sr V A,23/12/2020, , ,22/12/2020, , ,INTEREST PAYMENT         
NJ,SREIBNPNCD,9.35% SRNCD Sr V B,23/12/2020, , ,22/12/2020, , ,INTEREST PAYMENT         
NO,SREIBNPNCD,Uns Red NCD 9.25% Sr. I,15/01/2021, , ,14/01/2021, , ,INTEREST PAYMENT         
NP,L&TFINANCE,Se Re NCD 8.48% Sr.IV OpI,31/12/2020, , ,30/12/2020, , ,INTEREST PAYMENT         
NQ,L&TFINANCE,SeReNCD 8.66% Sr.IV OpII,31/12/2020, , ,30/12/2020, , ,INTEREST PAYMENT         
NR,SREIBNPNCD,Uns Red NCD 9.35% Sr. IV,15/01/2021, , ,14/01/2021, , ,INTEREST PAYMENT         
NU,SREIBNPNCD,Uns Red NCD 9.50% Sr. VII,15/01/2021, , ,14/01/2021, , ,INTEREST PAYMENT         
NV,L&TFINANCE,SeReNCD 8.52% Sr.VII OpI,31/12/2020, , ,30/12/2020, , ,INTEREST PAYMENT         
NW,L&TFINANCE,SeReNCD 8.70% Sr.VII OpII,31/12/2020, , ,30/12/2020, , ,INTEREST PAYMENT         
NX,SREIBNPNCD,Sec Red NCD 9.60% Sr. V,23/12/2020, , ,22/12/2020, , ,INTEREST PAYMENT         
SM,VCL,Vaxtex Cotfab Limited, ,25/12/2020,31/12/2020,23/12/2020, , ,ANNUAL GENERAL MEETING   
SM,PIGL,Power Instrument (G) Ltd, ,22/12/2020,31/12/2020,18/12/2020, , ,ANNUAL GENERAL MEETING   
SM,MARSHALL,Marshall Machines Ltd, ,22/12/2020,28/12/2020,18/12/2020, , ,ANNUAL GENERAL MEETING   
SM,ACEINTEG,Ace Integrated Solu. Ltd., ,23/12/2020,29/12/2020,21/12/2020, , ,ANNUAL GENERAL MEETING   
SM,SECURCRED,SecUR Credentials Limited, ,17/12/2020,23/12/2020,15/12/2020, , ,ANNUAL GENERAL MEETING   
SM,SHUBHLAXMI,Shubhlaxmi Jewel Art Ltd, ,18/12/2020,24/12/2020,16/12/2020, , ,ANNUAL GENERAL MEETING   
SM,TEMBO,Tembo Global Ind Ltd,23/12/2020, , ,22/12/2020, , ,DIV - RS 1.5 PER SH      
SM,POWERFUL,Powerful Technologies Ltd, ,25/12/2020,31/12/2020,23/12/2020, , ,ANNUAL GENERAL MEETING   
SM,JAKHARIA,JAKHARIA FABRIC LIMITED, ,24/12/2020,31/12/2020,22/12/2020, , ,ANNUAL GENERAL MEETING   
SM,JALAN,Jalan Transolu. India Ltd, ,23/12/2020,29/12/2020,21/12/2020, , ,ANNUAL GENERAL MEETING   
SM,SECL,Salasar Exterior Cont Ltd, ,24/12/2020,30/12/2020,22/12/2020, , ,ANNUAL GENERAL MEETING   
SM,SUPREMEENG,Supreme Engineering Ltd, ,18/12/2020,24/12/2020,16/12/2020, , ,ANNUAL GENERAL MEETING   
SM,PULZ,Pulz Electronics Limited, ,23/12/2020,29/12/2020,21/12/2020, , ,ANNUAL GENERAL MEETING   
SM,FOURTHDIM,Fourth Dimen. Solut. Ltd, ,24/12/2020,30/12/2020,22/12/2020, , ,ANNUAL GENERAL MEETING   
SM,GANGAFORGE,Ganga Forging Limited, ,21/12/2020,26/12/2020,17/12/2020, , ,ANNUAL GENERAL MEETING   
SM,DEVIT,Dev Info Technology Ltd, ,24/12/2020,30/12/2020,22/12/2020, , ,AGM/DIV - RS 0.50 PER SH 
SM,BOHRA,Bohra Industries Limited, ,21/12/2020,28/12/2020,17/12/2020, , ,ANNUAL GENERAL MEETING   
SQ,BOHRA,Bohra Industries Limited, ,21/12/2020,28/12/2020,17/12/2020, , ,ANNUAL GENERAL MEETING   
SQ,SECURCRED,SecUR Credentials Limited, ,17/12/2020,23/12/2020,15/12/2020, , ,ANNUAL GENERAL MEETING   
SQ,SECL,Salasar Exterior Cont Ltd, ,24/12/2020,30/12/2020,22/12/2020, , ,ANNUAL GENERAL MEETING   
SQ,DEVIT,Dev Info Technology Ltd, ,24/12/2020,30/12/2020,22/12/2020, , ,AGM/DIV - RS 0.50 PER SH 
SQ,PULZ,Pulz Electronics Limited, ,23/12/2020,29/12/2020,21/12/2020, , ,ANNUAL GENERAL MEETING   
SQ,JALAN,Jalan Transolu. India Ltd, ,23/12/2020,29/12/2020,21/12/2020, , ,ANNUAL GENERAL MEETING   
SQ,ACEINTEG,Ace Integrated Solu. Ltd., ,23/12/2020,29/12/2020,21/12/2020, , ,ANNUAL GENERAL MEETING   
SQ,FOURTHDIM,Fourth Dimen. Solut. Ltd, ,24/12/2020,30/12/2020,22/12/2020, , ,ANNUAL GENERAL MEETING   
SQ,PIGL,Power Instrument (G) Ltd, ,22/12/2020,31/12/2020,18/12/2020, , ,ANNUAL GENERAL MEETING   
SQ,VCL,Vaxtex Cotfab Limited, ,25/12/2020,31/12/2020,23/12/2020, , ,ANNUAL GENERAL MEETING   
SQ,TEMBO,Tembo Global Ind Ltd,23/12/2020, , ,22/12/2020, , ,DIV - RS 1.5 PER SH      
SQ,JAKHARIA,JAKHARIA FABRIC LIMITED, ,24/12/2020,31/12/2020,22/12/2020, , ,ANNUAL GENERAL MEETING   
SQ,SUPREMEENG,Supreme Engineering Ltd, ,18/12/2020,24/12/2020,16/12/2020, , ,ANNUAL GENERAL MEETING   
SQ,GANGAFORGE,Ganga Forging Limited, ,21/12/2020,26/12/2020,17/12/2020, , ,ANNUAL GENERAL MEETING   
SQ,POWERFUL,Powerful Technologies Ltd, ,25/12/2020,31/12/2020,23/12/2020, , ,ANNUAL GENERAL MEETING   
SQ,SHUBHLAXMI,Shubhlaxmi Jewel Art Ltd, ,18/12/2020,24/12/2020,16/12/2020, , ,ANNUAL GENERAL MEETING   
SQ,MARSHALL,Marshall Machines Ltd, ,22/12/2020,28/12/2020,18/12/2020, , ,ANNUAL GENERAL MEETING   
ST,POWERFUL,Powerful Technologies Ltd, ,25/12/2020,31/12/2020,23/12/2020, , ,ANNUAL GENERAL MEETING   
ST,BOHRA,Bohra Industries Limited, ,21/12/2020,28/12/2020,17/12/2020, , ,ANNUAL GENERAL MEETING   
ST,VCL,Vaxtex Cotfab Limited, ,25/12/2020,31/12/2020,23/12/2020, , ,ANNUAL GENERAL MEETING   
ST,GANGAFORGE,Ganga Forging Limited, ,21/12/2020,26/12/2020,17/12/2020, , ,ANNUAL GENERAL MEETING   
ST,JALAN,Jalan Transolu. India Ltd, ,23/12/2020,29/12/2020,21/12/2020, , ,ANNUAL GENERAL MEETING   
ST,TEMBO,Tembo Global Ind Ltd,23/12/2020, , ,22/12/2020, , ,DIV - RS 1.5 PER SH      
ST,SUPREMEENG,Supreme Engineering Ltd, ,18/12/2020,24/12/2020,16/12/2020, , ,ANNUAL GENERAL MEETING   
ST,ACEINTEG,Ace Integrated Solu. Ltd., ,23/12/2020,29/12/2020,21/12/2020, , ,ANNUAL GENERAL MEETING   
ST,FOURTHDIM,Fourth Dimen. Solut. Ltd, ,24/12/2020,30/12/2020,22/12/2020, , ,ANNUAL GENERAL MEETING   
ST,DEVIT,Dev Info Technology Ltd, ,24/12/2020,30/12/2020,22/12/2020, , ,AGM/DIV - RS 0.50 PER SH 
ST,SHUBHLAXMI,Shubhlaxmi Jewel Art Ltd, ,18/12/2020,24/12/2020,16/12/2020, , ,ANNUAL GENERAL MEETING   
ST,JAKHARIA,JAKHARIA FABRIC LIMITED, ,24/12/2020,31/12/2020,22/12/2020, , ,ANNUAL GENERAL MEETING   
ST,SECL,Salasar Exterior Cont Ltd, ,24/12/2020,30/12/2020,22/12/2020, , ,ANNUAL GENERAL MEETING   
ST,MARSHALL,Marshall Machines Ltd, ,22/12/2020,28/12/2020,18/12/2020, , ,ANNUAL GENERAL MEETING   
ST,PIGL,Power Instrument (G) Ltd, ,22/12/2020,31/12/2020,18/12/2020, , ,ANNUAL GENERAL MEETING   
ST,SECURCRED,SecUR Credentials Limited, ,17/12/2020,23/12/2020,15/12/2020, , ,ANNUAL GENERAL MEETING   
ST,PULZ,Pulz Electronics Limited, ,23/12/2020,29/12/2020,21/12/2020, , ,ANNUAL GENERAL MEETING   
U1,TATACAPHSG,Sec Red NCD 8% Sr.I,30/12/2020, , ,29/12/2020, , ,INTEREST PAYMENT         
U2,TATACAPHSG,Sec Red NCD 8.10% Sr.I,30/12/2020, , ,29/12/2020, , ,INTEREST PAYMENT         
U3,DHANILOANS,Dhani Loans & Serv Ltd,24/12/2020, , ,23/12/2020, , ,INTEREST PAYMENT         
U3,TATACAPHSG,Sec Red NCD 7.92% Sr.II,30/12/2020, , ,29/12/2020, , ,INTEREST PAYMENT         
U4,TATACAPHSG,Sec Red NCD 8.01% Sr.II,30/12/2020, , ,29/12/2020, , ,INTEREST PAYMENT         
U5,EHFLNCD,Sec Red NCD 9.57% Sr. V,25/12/2020, , ,23/12/2020, , ,INTEREST PAYMENT         
U5,TATACAPHSG,Sec Red NCD 8.20% Sr.III,30/12/2020, , ,29/12/2020, , ,INTEREST PAYMENT         
U6,DHANILOANS,Dhani Loans & Serv Ltd,24/12/2020, , ,23/12/2020, , ,INTEREST PAYMENT         
U6,TATACAPHSG,Sec Red NCD 8.30% Sr.III,30/12/2020, , ,29/12/2020, , ,INTEREST PAYMENT         
U7,TATACAPHSG,Sec Red NCD 8.01% Sr.IV,30/12/2020, , ,29/12/2020, , ,INTEREST PAYMENT         
U8,TATACAPHSG,Sec Red NCD 8.10% Sr.IV,30/12/2020, , ,29/12/2020, , ,INTEREST PAYMENT         
U9,TATACAPHSG,Sec Red NCD 8.30% Sr.V,30/12/2020, , ,29/12/2020, , ,INTEREST PAYMENT         
UA,TATACAPHSG,Sec Red NCD 8.40% Sr.V,30/12/2020, , ,29/12/2020, , ,INTEREST PAYMENT         
UB,TATACAPHSG,Un Se Re NCD 8.55% Sr.VI,30/12/2020, , ,29/12/2020, , ,INTEREST PAYMENT         
UC,HUDCO,8.58% Tax FreeTrII Sr2A,29/12/2020, , ,28/12/2020, , ,INTEREST PAYMENT         
UD,L&TFINANCE,L&T Finance Limited,29/12/2020, , ,28/12/2020, , ,INTEREST PAYMENT         
UE,HUDCO,9.01% Tax FreeTrII Sr3B,29/12/2020, , ,28/12/2020, , ,INTEREST PAYMENT         
UE,L&TFINANCE,L&T Finance Limited,29/12/2020, , ,28/12/2020, , ,INTEREST PAYMENT         
UH,L&TFINANCE,L&T Finance Limited,29/12/2020, , ,28/12/2020, , ,INTEREST PAYMENT         
UI,SREIBNPNCD,9.11% SRNCD Sr V A,23/12/2020, , ,22/12/2020, , ,INTEREST PAYMENT         
UI,L&TFINANCE,L&T Finance Limited,29/12/2020, , ,28/12/2020, , ,INTEREST PAYMENT         
UJ,SREIBNPNCD,9.35% SRNCD Sr V B,23/12/2020, , ,22/12/2020, , ,INTEREST PAYMENT         
UO,SREIBNPNCD,Uns Red NCD 9.25% Sr. I,15/01/2021, , ,14/01/2021, , ,INTEREST PAYMENT         
UP,L&TFINANCE,Se Re NCD 8.48% Sr.IV OpI,31/12/2020, , ,30/12/2020, , ,INTEREST PAYMENT         
UQ,L&TFINANCE,SeReNCD 8.66% Sr.IV OpII,31/12/2020, , ,30/12/2020, , ,INTEREST PAYMENT         
UR,SREIBNPNCD,Uns Red NCD 9.35% Sr. IV,15/01/2021, , ,14/01/2021, , ,INTEREST PAYMENT         
UU,SREIBNPNCD,Uns Red NCD 9.50% Sr. VII,15/01/2021, , ,14/01/2021, , ,INTEREST PAYMENT         
UV,L&TFINANCE,SeReNCD 8.52% Sr.VII OpI,31/12/2020, , ,30/12/2020, , ,INTEREST PAYMENT         
UW,L&TFINANCE,SeReNCD 8.70% Sr.VII OpII,31/12/2020, , ,30/12/2020, , ,INTEREST PAYMENT         
UX,SREIBNPNCD,Sec Red NCD 9.60% Sr. V,23/12/2020, , ,22/12/2020, , ,INTEREST PAYMENT         
Y1,SREIBNPNCD,Sec Red NCD 9.12% Sr. VI,23/12/2020, , ,22/12/2020, , ,INTEREST PAYMENT         
Y2,L&TFINANCE,L,11/01/2021, , ,08/01/2021, , ,INTEREST PAYMENT         
Y3,L&TFINANCE,L,11/01/2021, , ,08/01/2021, , ,INTEREST PAYMENT         
Y4,SREIBNPNCD,Sec Red NCD 8.43% Sr. III,28/12/2020, , ,24/12/2020, , ,INTEREST PAYMENT         
Y6,L&TFINANCE,L,11/01/2021, , ,08/01/2021, , ,INTEREST PAYMENT         
Y7,SREIBNPNCD,Sec Red NCD 8.65% Sr. VI,28/12/2020, , ,24/12/2020, , ,INTEREST PAYMENT         
Y7,L&TFINANCE,L,11/01/2021, , ,08/01/2021, , ,INTEREST PAYMENT         
YA,SREIBNPNCD,Uns Red NCD 9.12% Sr. IX,28/12/2020, , ,24/12/2020, , ,INTEREST PAYMENT         
YH,SRTRANSFIN,Sec Red NCD 8.93% Sr. I,27/12/2020, , ,23/12/2020, , ,INTEREST PAYMENT         
YI,SRTRANSFIN,Sec Red NCD 9.03% Sr. II,27/12/2020, , ,23/12/2020, , ,INTEREST PAYMENT         
ZD,SRTRANSFIN,Sec Red NCD 8.52% Sr.I,15/01/2021, , ,14/01/2021, , ,INTEREST PAYMENT         
ZE,SRTRANSFIN,Sec Red NCD 8.66% Sr.II,15/01/2021, , ,14/01/2021, , ,INTEREST PAYMENT         
ZF,SRTRANSFIN,Sec Red NCD 8.75% Sr.III,15/01/2021, , ,14/01/2021, , ,INTEREST PAYMENT         
ZG,SRTRANSFIN,Sec Red NCD 8.85% Sr.IV,13/01/2021, , ,12/01/2021, , ,INTEREST PAYMENT         
ZH,SRTRANSFIN,Sec Red NCD 9% Sr.V,13/01/2021, , ,12/01/2021, , ,INTEREST PAYMENT         
ZI,SRTRANSFIN,Sec Red NCD 9.10% Sr.VI,13/01/2021, , ,12/01/2021, , ,INTEREST PAYMENT         

