GAIN_LOSS,SECURITY,CLOSE_PRIC,PREV_CL_PR,PERCENT_CG
 ,Nifty 50 Sec., , , 
 , , , , 
G,ADANI PORT & SEZ LTD,       468.65,       444.25,5.49
G,HCL TECHNOLOGIES LTD,       913.80,       870.45,4.98
G,TECH MAHINDRA LIMITED,       944.65,       906.85,4.17
G,INFOSYS LIMITED,      1220.50,      1177.30,3.67
G,GAIL (INDIA) LTD,       118.50,       114.70,3.31
G,WIPRO LTD,       364.20,       353.95,2.9
G,SUN PHARMACEUTICAL IND L,       568.30,       552.55,2.85
G,POWER GRID CORP. LTD.,       190.30,       185.50,2.59
G,JSW STEEL LIMITED,       361.95,       353.50,2.39
G,DIVI'S LABORATORIES LTD,      3720.95,      3634.15,2.39
G,LARSEN & TOUBRO LTD.,      1262.70,      1234.85,2.26
G,CIPLA LTD,       795.00,       778.50,2.12
G,EICHER MOTORS LTD,      2446.70,      2396.40,2.1
G,NESTLE INDIA LIMITED,     18553.55,     18192.60,1.98
G,COAL INDIA LTD,       135.50,       132.95,1.92
G,HDFC LIFE INS CO LTD,       641.25,       629.20,1.92
G,BHARTI AIRTEL LIMITED,       500.30,       490.90,1.91
G,TATA CONSULTANCY SERV LT,      2872.50,      2820.15,1.86
G,TITAN COMPANY LIMITED,      1498.80,      1471.65,1.84
G,DR. REDDY'S LABORATORIES,      5161.80,      5068.55,1.84
G,HERO MOTOCORP LIMITED,      3049.10,      2994.10,1.84
G,ASIAN PAINTS LIMITED,      2600.80,      2554.65,1.81
G,UPL LIMITED,       444.65,       437.30,1.68
G,SBI LIFE INSURANCE CO LTD,       853.95,       840.85,1.56
G,NTPC LTD,        98.90,        97.50,1.44
G,BHARAT PETROLEUM CORP  LT,       372.50,       367.35,1.4
G,MAHINDRA & MAHINDRA LTD,       695.05,       685.95,1.33
G,AXIS BANK LIMITED,       589.75,       582.50,1.24
G,ICICI BANK LTD.,       500.30,       494.50,1.17
G,STATE BANK OF INDIA,       257.45,       254.70,1.08
 , , , , 
L,KOTAK MAHINDRA BANK LTD,      1902.95,      1920.85,-0.93
L,BAJAJ FINANCE LIMITED,      5011.40,      5041.85,-0.6
L,HDFC LTD,      2403.65,      2414.80,-0.46
L,INDUSIND BANK LIMITED,       840.70,       842.70,-0.24
L,HINDALCO  INDUSTRIES  LTD,       231.90,       232.30,-0.17
L,RELIANCE INDUSTRIES LTD,      1936.70,      1939.70,-0.15
 , , , , 
 ,Nifty Next 50 Sec., , , 
 , , , , 
G,INDRAPRASTHA GAS LTD,       492.80,       464.35,6.13
G,BANDHAN BANK LIMITED,       396.70,       374.30,5.98
G,L&T INFOTECH LIMITED,      3573.00,      3395.45,5.23
G,INTERGLOBE AVIATION LTD,      1570.95,      1507.00,4.24
G,CADILA HEALTHCARE LIMITED,       469.05,       452.80,3.59
G,HDFC AMC LIMITED,      2881.05,      2785.35,3.44
G,INFO EDGE (I) LTD,      4624.65,      4479.85,3.23
G,ADANI TRANSMISSION LTD,       408.30,       395.75,3.17
G,ICICI PRU LIFE INS CO LTD,       482.50,       469.20,2.83
G,TORRENT PHARMACEUTICALS L,      2743.60,      2668.05,2.83
G,BIOCON LIMITED.,       462.15,       450.00,2.7
G,BERGER PAINTS (I) LTD,       712.85,       695.00,2.57
G,LUPIN LIMITED,       954.55,       931.70,2.45
G,GENERAL INS CORP OF INDIA,       137.00,       133.80,2.39
G,TATA CONSUMER PRODUCT LTD,       576.00,       562.75,2.35
G,PIDILITE INDUSTRIES LTD,      1718.70,      1682.20,2.17
G,SIEMENS LTD,      1508.05,      1476.55,2.13
G,DLF LIMITED,       219.35,       214.80,2.12
G,NMDC LTD.,       111.20,       109.05,1.97
G,CONTAINER CORP OF IND LTD,       386.30,       379.40,1.82
G,ICICI LOMBARD GIC LIMITED,      1457.80,      1432.70,1.75
G,PETRONET LNG LIMITED,       247.90,       243.80,1.68
G,BOSCH LIMITED,     12621.85,     12448.65,1.39
G,AUROBINDO PHARMA LTD,       857.05,       845.75,1.34
G,GODREJ CONSUMER PRODUCTS,       712.60,       703.50,1.29
G,MOTHERSON SUMI SYSTEMS LT,       148.90,       147.25,1.12
G,MUTHOOT FINANCE LIMITED,      1182.90,      1169.85,1.12
G,SBI CARDS & PAY SER LTD,       822.30,       813.70,1.06
G,ADANI GREEN ENERGY LTD,      1029.90,      1020.30,0.94
G,AMBUJA CEMENTS LTD,       237.60,       235.40,0.93
 , , , , 
L,ABBOTT INDIA LIMITED,     15510.10,     15848.25,-2.13
L,AVENUE SUPERMARTS LIMITED,      2625.75,      2682.40,-2.11
L,PUNJAB NATIONAL BANK,        33.40,        34.10,-2.05
L,BAJAJ HOLDINGS & INVS LTD,      3015.90,      3070.55,-1.78
L,HINDUSTAN ZINC LIMITED,       232.40,       234.50,-0.9
L,ALKEM LABORATORIES LTD.,      2853.60,      2876.15,-0.78
L,PIRAMAL ENTERPRISES LTD,      1335.45,      1345.40,-0.74
L,P&G HYGIENE & HEALTH CARE,     10903.85,     10959.15,-0.5
L,ACC LIMITED,      1564.95,      1570.35,-0.34
L,HAVELLS INDIA LIMITED,       880.55,       882.10,-0.18
L,UNITED SPIRITS LIMITED,       555.80,       556.10,-0.05
 , , , , 
 ,OTHER SECURITIES, , , 
 , , , , 
G,RKEC PROJECTS LIMITED,        57.35,        47.80,19.98
G,TERA SOFTWARE LIMITED,        48.40,        40.35,19.95
G,SEC RED NCD SR. VIII,       945.00,       795.00,18.87
G,PRIME FOCUS LIMITED,        51.65,        43.65,18.33
G,BOND 8.40% PA TF TI-SIIA,      1550.00,      1320.00,17.42
G,DHANI LOANS & SERV LTD,      1035.00,       888.08,16.54
G,BIRLASOFT LIMITED,       232.80,       201.90,15.3
G,SEC RED NCD 9.00% SR. III,       340.80,       300.80,13.3
G,KPIT TECHNOLOGIES LIMITED,       120.55,       106.90,12.77
G,SEC RED NCD 9.15% SR. 2B,       390.45,       348.74,11.96
G,JAGSONPAL PHARMACEUTICALS,        71.20,        63.75,11.69
G,SAKSOFT LIMITED,       368.90,       333.45,10.63
G,AMD INDUSTRIES LIMITED,        19.50,        17.70,10.17
G,SUNDARMAMC - M15RD,         6.60,         6.00,10
G,CYBERTECH SYSTEMS & SOFTW,       154.00,       140.00,10
G,BHAGYANAGAR INDIA LIMITED,        32.60,        29.65,9.95
G,GOLDIAM INTERNATIONAL LTD,       225.55,       205.15,9.94
G,SUNDARMAMC - MC1RG,         8.42,         7.66,9.92
G,KHANDWALA SECURITIES LTD,        18.35,        16.70,9.88
G,NK INDUSTRIES LTD,        20.10,        18.30,9.84
G,20 MICRONS LTD,        39.90,        36.40,9.62
G,BURGER KING INDIA LIMITED,       173.35,       158.30,9.51
G,BRIGHTCOM GROUP LIMITED,         6.35,         5.80,9.48
G,EDEL ETF NIFTY 100 QUAL30,       415.40,       380.13,9.28
G,BOROSIL RENEWABLES LTD,       185.75,       170.30,9.07
G,XELPMOC DESIGN & TECH LTD,       273.10,       250.60,8.98
G,PURAVANKARA LIMITED,        75.80,        69.60,8.91
G,TAKE SOLUTIONS LTD,        47.65,        43.80,8.79
G,DATAMATICS GLOBAL SER LTD,       103.55,        95.30,8.66
G,KOLTE PATIL DEV. LTD.,       222.60,       204.95,8.61
 , , , , 
L,SEC RED NCD 9.05% SR. II,       177.50,       218.00,-18.58
L,BODHI TREE MULTIMEDIA LTD,        72.25,        85.00,-15
L,IDBI BANK LIMITED,        33.80,        38.10,-11.29
L,SEC RED NCD 9.25% SR. 5B,       340.00,       380.00,-10.53
L,SOLEX ENERGY LIMITED,        26.30,        29.10,-9.62
L,MAHANAGAR TELEPHONE NIGAM,        13.15,        14.45,-9
L,ASIAN HOTELS (NORTH) LTD,        72.25,        78.90,-8.43
L,RANE ENG VALVE LTD,       265.25,       287.70,-7.8
L,GENUS P&B LIMITED,         7.75,         8.40,-7.74
L,STL GLOBAL LIMITED,         7.25,         7.85,-7.64
L,BOND 8.25% 2021 TR-3 SR-I,      4889.50,      5287.00,-7.52
L,D. P. ABHUSHAN LIMITED,        78.75,        85.05,-7.41
L,SEC RED NCD 9.15% SR III,       176.00,       190.00,-7.37
L,SAGAR CEMENTS LIMITED,       598.90,       645.55,-7.23
L,GAMMON INFRA PROJ LTD.,          .70,          .75,-6.67
L,0.01% CUM. RED. PREF,         5.15,         5.50,-6.36
L,GPT INFRAPROJECTS LTD,        31.25,        33.30,-6.16
L,PVR LIMITED,      1256.15,      1335.95,-5.97
L,MADHAV MARBLE & GRANITE,        34.25,        36.40,-5.91
L,GLOBE TEXTILES (I) LTD.,        57.70,        61.30,-5.87
L,NIP IND ETF NIFTY 100,       138.12,       146.71,-5.86
L,ESSAR SHIPPING LTD,         9.70,        10.30,-5.83
L,UNSEC RED NCD 10.5% SR.VI,      1021.00,      1080.00,-5.46
L,SERENCD8.70%SRICI&II,      1060.00,      1120.00,-5.36
L,VERTOZ ADVERTISING LTD,       196.30,       207.10,-5.21
L,S. P. APPARELS LIMITED,       146.20,       154.10,-5.13
L,KIRLOSKAR BROTHERS LTD,       117.05,       123.25,-5.03
L,GODHA CABCON INSULAT LTD,        33.25,        35.00,-5
L,RELIANCE COMMUNICATIONS L,         1.90,         2.00,-5
L,SMVD POLY PACK LIMITED,         8.55,         9.00,-5
