SYMBOL,SERIES,SECURITY,HIGH/LOW,INDEX FLAG
21STCENMGM,EQ,21ST CENTURY MGMT SERVICE,H
3IINFOTECH,EQ,3I INFOTECH LTD.,H
3PLAND,EQ,3P LAND HOLDINGS LIMITED,H
772GS2055,GS,GOI LOAN 7.72% 2055,H
A2ZINFRA,EQ,A2Z INFRA ENGINEERING LTD,H
AARTISURF,EQ,AARTI SURFACTANTS LIMITED,H
ACCURACY,SM,ACCURACY SHIPPING LIMITED,H
ADL,BE,ARCHIDPLY DECOR LIMITED,H
ADSL,EQ,ALLIED DIGITAL SERV. LTD,H
AFFLE,EQ,AFFLE (INDIA) LIMITED,H
AGROPHOS,EQ,AGRO PHOS INDIA LIMITED,H
AHLADA,SM,AHLADA ENGINEERS LIMITED,H
AISL,SM,ANI INTEGRATED SERV LTD.,H
AKSHOPTFBR,EQ,AKSH OPTIFIBRE LIMITED,H
ANKITMETAL,EQ,ANKIT MET & POW LTD,H
ANSALAPI,EQ,ANSAL PROP & INFRA LTD,H
ANSALHSG,EQ,ANSAL HOUSING LIMITED,H
ARCHIES,EQ,ARCHIES LTD,H
ARCOTECH,EQ,ARCOTECH LIMITED,H
ARIHANTSUP,EQ,ARIHANT SUPERSTRUCT LTD,H
ARROWGREEN,EQ,ARROW GREENTECH LIMITED,H
ARSHIYA,EQ,ARSHIYA LIMITED,H
ARSSINFRA,EQ,ARSS INFRA PROJ. LTD,H
ASHIMASYN,EQ,ASHIMA LTD,H
ATLANTA,EQ,ATLANTA LIMITED,H
ATLASCYCLE,BZ,ATLAS CYCLE (HARYANA) LTD,H
ATNINTER,BE,ATN INTERNATIONAL LTD,H
BALKRISHNA,EQ,BALKRISHNA PAPER MILLS L,H
BALLARPUR,BZ,BALLARPUR INDUSTRIES LTD,H
BANSWRAS,EQ,BANSWARA SYNTEX LIMITED,H
BARTRONICS,BZ,BARTRONICS INDIA LIMITED,H
BCG,EQ,BRIGHTCOM GROUP LIMITED,H
BEDMUTHA,EQ,BEDMUTHA INDUST LTD,H
BGRENERGY,EQ,BGR ENERGY SYSTEMS LTD,H
BIGBLOC,BE,BIGBLOC CONSTRUCTION LTD,H
BIOFILCHEM,BE,BIOFIL CHEM & PHARMA LTD.,H
BLBLIMITED,EQ,BLB LIMITED,H
BLKASHYAP,EQ,B.L.KASHYAP & SON LTD,H
BLS,EQ,BLS INTL SERVS LTD,H
BOHRA,SM,BOHRA INDUSTRIES LIMITED,H
BOROLTD,EQ,BOROSIL LIMITED,H
BPL,EQ,BPL LTD,H
BROOKS,EQ,BROOKS LAB LIMITED,H
BSELINFRA,EQ,BSEL INFRASTRUCTURE REALT,H
BURNPUR,EQ,BURNPUR CEMENT LTD.,H
CALSOFT,EQ,CALIFORNIA SOFTWARE CO LT,H
CANDC,BZ,C&C CONST. LTD,H
CCCL,BE,CONS. CONST. CONSORT LTD,H
CGPOWER,EQ,CG POWER AND IND SOL LTD,H
CHROMATIC,EQ,CHROMATIC INDIA LTD,H
CINEVISTA,EQ,CINEVISTA LIMITED,H
COUNCODOS,BE,COUNTRY CONDO'S LIMITED,H
COX&KINGS,BZ,COX & KINGS LIMITED,H
CREATIVEYE,EQ,CREATIVE EYE LIMITED,H
CTE,EQ,CAMBRIDGE TECH ENTER LTD,H
CYBERTECH,EQ,CYBERTECH SYSTEMS & SOFTW,H
DANGEE,EQ,DANGEE DUMS LIMITED,H
DBREALTY,EQ,D B REALTY LIMITED,H
DBSTOCKBRO,EQ,DB (INT) STOCK BROKERS,H
DCMFINSERV,EQ,DCM FINANCIAL SERVICES LT,H
DELTAMAGNT,EQ,DELTA MANUFACTURING LTD,H
DGCONTENT,EQ,DIGICONTENT LIMITED,H
DHARSUGAR,EQ,DHARANI SUGARS & CHEMICAL,H
DHFL,N6,SEC RED NCD 8.93% SR. 3B,H
DHFL,EQ,DEWAN HOUSING FIN CORP LT,H
DIAPOWER,BZ,DIAMOND POWER INFRA LTD,H
DIGISPICE,EQ,DIGISPICE TECHNOLOGIES LT,H
DUCON,EQ,DUCON INFRATECHNOLOGIES L,H
EASUNREYRL,BZ,EASUN REYROLLE LTD,H
EDELWEISS,EQ,EDELWEISS FIN SERV LTD,H
EKC,EQ,EVEREST KANTO CYLINDERLTD,H
ELECON,EQ,ELECON ENG. CO. LTD,H
EMCO,BZ,EMCO LIMITED,H
ENERGYDEV,EQ,ENERGY DEVE. CO.LTD,H
EROSMEDIA,EQ,EROS INTL MEDIA LTD,H
ESSARSHPNG,EQ,ESSAR SHIPPING LTD,H
EUROMULTI,EQ,EURO MULTIVISION LTD,H
EXCEL,EQ,EXCEL REALTY N INFRA LTD,H
FCONSUMER,EQ,FUTURE CONSUMER LIMITED,H
FCSSOFT,EQ,FCS SOFTWARE SOLN. LTD.,H
FEL,EQ,FUTURE ENTERPRISES LTD,H
FELDVR,EQ,FUTURE ENTERPRISES LTD,H
FLEXITUFF,EQ,FLEXITUFF VENTURES INT L,H
GANESHHOUC,EQ,GANESH HOUSING CORP LTD,H
GARDENSILK,EQ,GARDEN SILK MILLS LTD,H
GAYAPROJ,EQ,GAYATRI PROJECTS LTD,H
GBGLOBAL,EQ,GB GLOBAL LIMITED,H
GENESYS,EQ,GENESYS INTL CORPN LTD,H
GINNIFILA,EQ,GINNI FILAMENTS LTD,H
GLFL,EQ,GUJARAT LEASE FINANCING L,H
GOENKA,BZ,GOENKA DIAMOND&JEWELS LTD,H
GOLDTECH,EQ,GOLDSTONE TECHNOLOGIES LT,H
GREENPANEL,EQ,GREENPANEL INDUSTRIES LTD,H
GTLINFRA,EQ,GTL INFRA.LTD,H
GTNIND,EQ,GTN INDUSTRIES LIMITED,H
HCL-INSYS,EQ,HCL INFOSYSTEMS LTD,H
HDIL,BZ,HOUSING DEV & INFRA LTD,H
HEXATRADEX,EQ,HEXA TRADEX LIMITED,H
HHOF1140RD,MF,HDFCAMC - HHOF1140RD,H
HITECHGEAR,BE,THE HI-TECH GEARS LIMITED,H
HOVS,EQ,HOV SERVICES LTD,H
HUBTOWN,EQ,HUBTOWN LIMITED,H
IBULISL,EQ,INDIABULLS INTEGR SER LTD,H
IL&FSTRANS,BZ,IL&FS TRANS NET LTD,H
IMPEXFERRO,EQ,IMPEX FERRO TECH LIMITED,H
INDBANK,EQ,INDBANK MERCH BANK,H
INDOSOLAR,BZ,INDOSOLAR LIMITED,H
INDSWFTLAB,EQ,IND SWIFT LABORATORIES LT,H
INDSWFTLTD,BE,IND-SWIFT LIMITED,H
INFIBEAM,EQ,INFIBEAM AVENUES LIMITED,H
INNOVANA,SM,INNOVANA THINKLABS LTD.,H
INNOVATIVE,SM,INNOVATIVE TYRES & TUBES,H
INOXWIND,EQ,INOX WIND LIMITED,H
INTEGRA,EQ,INTEGRA GARMENT & TEX LTD,H
ISMTLTD,EQ,ISMT LIMITED,H
IVC,BE,IL&FS INVESTMENT MANAGERS,H
IVP,EQ,IVP LTD,H
IZMO,EQ,IZMO LIMITED,H
JAIBALAJI,EQ,JAI BALAJI INDUSTRIES LTD,H
JAIHINDPRO,BZ,JAIHIND PROJECTS LTD,H
JAINSTUDIO,BZ,JAIN STUDIOS LIMITED,H
JALAN,SM,JALAN TRANSOLU. INDIA LTD,H
JAYAGROGN,EQ,JAYANT AGRO ORGANICS LTD,H
JAYNECOIND,EQ,JAYASWAL NECO INDUSTR LTD,H
JMTAUTOLTD,EQ,JMT AUTO LIMITED,H
JPASSOCIAT,EQ,JAIPRAKASH ASSOCIATES LTD,H
JPOLYINVST,EQ,JIND POL INV & FIN CO LTD,H
JSWISPL,EQ,JSW ISPAT SPE PRO LTD,H
JUBLINDS,EQ,JUBILANT INDUSTRIES LTD,H
JYOTISTRUC,BZ,JYOTI STRUCTURES LTD,H
KANANIIND,EQ,KANANI INDUSTRIES LTD,H
KARDA,EQ,KARDA CONSTRUCTIONS LTD,H
KAUSHALYA,EQ,KAUSHALYA INFRA DEV LTD.,H
KECL,EQ,KIRLOSKAR ELECTRIC CO LTD,H
KEERTI,EQ,KEERTI KNOW & SKILL LTD.,H
KGL,BZ,KARUTURI GLOBAL LIMITED,H
KOPRAN,EQ,KOPRAN LTD,H
KWALITY,EQ,KWALITY LIMITED,H
LEMONTREE,EQ,LEMON TREE HOTELS LTD,H
LEXUS,SM,LEXUS GRANITO (INDIA) LTD,H
LFIC,EQ,LAKSHMI FIN IND CORP LTD,H
LPDC,EQ,LANDMARK PR.DEV.CO.LTD,H
LSIL,EQ,LLOYDS STEELS IND. LTD.,H
M14RG,MF,SUNDARMAMC - M14RG,H
M15RD,MF,SUNDARMAMC - M15RD,H
MADHUCON,EQ,MADHUCON PROJECTS LTD.,H
MAGNUM,EQ,MAGNUM VENTURES LTD.,H
MAHAPEXLTD,BE,MAHA RASHTRA APEX COPR. L,H
MANGTIMBER,EQ,MANGALAM TIMBER PRODUCTS,H
MANINFRA,EQ,MAN INFRA LTD,H
MARSHALL,SM,MARSHALL MACHINES LTD,H
MBECL,BE,MCNALLY BH. ENG. CO.LTD,H
MBLINFRA,EQ,MBL INFRASTRUCTURES LTD,H
MCLEODRUSS,EQ,MCLEOD RUSSEL INDIA LTD.,H
MEGASOFT,EQ,MEGASOFT LTD,H
MELSTAR,BZ,MELSTAR INFORMATION TECH,H
METKORE,BZ,METKORE ALLOYS & IND LTD,H
MIC,BE,MIC ELECTRONICS LIMITED,H
MITTAL,EQ,MITTAL LIFE STYLE LIMITED,H
MODIRUBBER,BE,MODI RUBBER LTD,H
MOLDTEKPP,E1,MOLDTEK RS.1.25 PPD UP,H
MOLDTKPAC,W1,MOLD TEK PACKAGING LTD,H
MOTOGENFIN,EQ,MOTOR & GENERAL FINANCE L,H
MUKTAARTS,EQ,MUKTA ARTS LIMITED,H
NATNLSTEEL,EQ,NATIONAL STEEL & AGRO IND,H
NDRAUTO,EQ,NDR AUTO COMPONENTS LTD,H
NEXTMEDIA,EQ,NEXT MEDIAWORKS LIMITED,H
NIBL,EQ,NRB INDUS. BEARINGS LTD.,H
NILASPACES,EQ,NILA SPACES LIMITED,H
NITCO,EQ,NITCO LIMITED,H
NITINFIRE,BZ,NITIN FIRE PROT IND. LTD.,H
NOIDATOLL,BE,NOIDA TOLL BRIDGE CO LTD,H
NORBTEAEXP,EQ,NORBEN TEA & EXPORTS LTD,H
NTL,EQ,NEUEON TOWERS LIMITED,H
OILCOUNTUB,BE,OIL COUNTRY TUBULAR LTD.,H
OISL,BZ,OCL IRON AND STEEL LTD,H
OMFURN,SM,OMFURN INDIA LIMITED,H
OMKARCHEM,EQ,OMKAR SPL CHEM LTD,H
OMMETALS,EQ,OM METALS INFRAPRO LTD,H
ONELIFECAP,EQ,ONELIFE CAP ADVISORS LTD,H
ONMOBILE,EQ,ONMOBILE GLOBAL LTD.,H
OPTOCIRCUI,BE,OPTO CIRCUITS (I) LTD,H
ORCHPHARMA,BZ,ORCHID PHARMA LIMITED,H
ORIENTABRA,EQ,ORIENT ABRASIVE LTD,H
ORTINLABSS,EQ,ORTIN LABORATORIES LTD,H
PALASHSECU,EQ,PALASH SECURITIES LTD,H
PANACHE,EQ,PANACHE DIGILIFE LIMITED,H
PARABDRUGS,BZ,PARABOLIC DRUGS LTD,H
PARSVNATH,EQ,PARSVNATH DEVELOPER LTD,H
PATINTLOG,EQ,PATEL INT. LOG. LTD,H
PENINLAND,EQ,PENINSULA LAND LIMITED,H
PKTEA,BE,THE P K TEA PROD CO LTD,H
PRAENG,EQ,PRAJAY ENG. SYN. LTD.,H
PRECOT,BE,PRECOT MERIDIAN LIMITED,H
PREMEXPLN,EQ,PREMIER EXPLOSIVES LTD,H
PREMIER,EQ,PREMIER LIMITED,H
PROLIFE,SM,PROLIFE INDUSTRIES LTD,H
PROSEED,EQ,PROSEED INDIA LIMITED,H
PUNJLLOYD,BZ,PUNJ LLOYD LIMITED,H
RADAAN,EQ,RADAAN MEDIAWORKS (I) LTD,H
RAJRAYON,BZ,RAJ RAYON INDUSTRIES LTD,H
RAMASTEEL,EQ,RAMA STEEL TUBES LIMITED,H
RAMCOSYS,EQ,RAMCO SYSTEMS LTD.,H
RCOM,EQ,RELIANCE COMMUNICATIONS L,H
REFEX,EQ,REFEX INDUSTRIES LIMITED,H
REPL,SM,RUDRABHISHEK ENTERP LTD,H
RNAVAL,EQ,RELIANCE NAVAL & ENGG LTD,H
ROLLT,EQ,ROLLATAINERS LIMITED,H
ROLTA,EQ,ROLTA INDIA LTD,H
ROML,EQ,RAJ OIL MILLS LIMITED,H
ROUTE,EQ,ROUTE MOBILE LIMITED,H
RSWM,EQ,RSWM LIMITED,H
RTNINFRA,EQ,RATTANINDIA INFRA LIMITED,H
RTNPOWER,EQ,RATTANINDIA POWER LIMITED,H
RUCHINFRA,BE,RUCHI INFRASTRUCTURE LTD,H
RUCHIRA,EQ,RUCHIRA PAPERS LIMITED,H
SABTN,EQ,SRI ADHIKARI BROS.,H
SALASAR,EQ,SALASAR TECHNO ENGG. LTD.,H
SAMBHAAV,EQ,SAMBHAAV MEDIA LTD,H
SANGHVIFOR,EQ,SANGHVI FOR & ENG LTD,H
SANWARIA,BZ,SANWARIA CONSUMER LIMITED,H
SARVESHWAR,SM,SARVESHWAR FOODS LIMITED,H
SATHAISPAT,BE,SATHAVAHANA ISPAT LTD,H
SCAPDVR,EQ,STAMPEDE CAPITAL LIMITED,H
SCHAND,EQ,S CHAND AND COMPANY LTD,H
SELMCL,BZ,SEL MANU. CO. LTD.,H
SEPOWER,EQ,S.E. POWER LIMITED,H
SHAHALLOYS,EQ,SHAH ALLOYS LIMITED,H
SHAKTIPUMP,BE,SHAKTI PUMPS (I) LTD,H
SHEMAROO,EQ,SHEMAROO ENTER. LTD.,H
SICAGEN,EQ,SICAGEN INDIA LIMITED,H
SIMPLEXINF,EQ,SIMPLEX INFRASTRUCTURES L,H
SINTEX,BE,SINTEX INDUSTRIES LTD,H
SITINET,EQ,SITI NETWORKS LIMITED,H
SOUTHWEST,EQ,SOUTH WEST PINNACLE LTD,H
SPCENET,BE,SPACENET ENTERS IND LTD,H
SPENTEX,BZ,SPENTEX IND. LTD,H
SPTL,EQ,SINTEX PLASTICS TECH LTD,H
SPYL,BE,SHEKHAWATI POLY-YARN LTD.,H
SRIPIPES,EQ,SRIKALAHASTHI PIPES LTD,H
STAMPEDE,BE,STAMPEDE CAPITAL LTD,H
STCINDIA,EQ,THE STATE TRADING CORPN,H
SUBEXLTD,EQ,SUBEX LTD,H
SUMEETINDS,EQ,SUMEET IND LIMITED,H
SUNDARAM,EQ,SUNDARAM MULTI PAP LTD,H
SUPERSPIN,EQ,SUPER SPINNING MILLS LTD,H
SWELECTES,EQ,SWELECT ENERGY SYS LTD,H
SYNCOM,BZ,SYNCOM HEALTHCARE LTD,H
TANLA,EQ,TANLA PLATFORMS LIMITED,H
TATASTLLP,EQ,TATA STEEL LONG PRO LTD,H
TECHNOFAB,BZ,TECHNOFAB ENG LTD,H
TEJASNET,EQ,TEJAS NETWORKS LIMITED,H
TGBHOTELS,EQ,TGB BANQUETS&HOTELS LTD,H
THIRUSUGAR,BZ,THIRU AROORAN SUGARS LTD,H
THOMASCOOK,EQ,THOMAS COOK (INDIA) LTD,H
THOMASCOTT,BE,THOMAS SCOTT (INDIA) LTD,H
TMRVL,EQ,THE MANDHANA RET VENT LTD,H
TNTELE,BE,TAMILNADU TELECOMMUNICATI,H
TOTAL,EQ,TOTAL TRANSPORT SYS LTD,H
TREJHARA,EQ,TREJHARA SOLUTIONS LTD,H
TRF,EQ,TRF LIMITED,H
TRIGYN,EQ,TRIGYN TECHNOLOGIES LTD,H
TRIL,EQ,TRANS & RECTI. LTD,H
TVVISION,EQ,TV VISION LIMITED,H
UMANGDAIRY,EQ,UMANG DAIRIES LIMITED,H
UMESLTD,EQ,USHA MARTIN EDU & SOL LTD,H
UNIINFO,SM,UNIINFOTELECOMSERVILTD,H
UNITECH,BZ,UNITECH LIMITED,H
UNITEDPOLY,SM,UNITED POLYFAB GUJ. LTD.,H
UNITY,BZ,UNITY INFRAPROJECTS LTD,H
URJA,EQ,URJA GLOBAL LIMITED,H
V2RETAIL,EQ,V2 RETAIL LIMITED,H
VARDMNPOLY,EQ,VARDHMAN POLYTEX LTD.,H
VASWANI,EQ,VASWANI IND LTD,H
VIDEOIND,BZ,VIDEOCON INDUSTRIES LIMIT,H
VIJIFIN,EQ,VIJI FINANCE LIMITED,H
VIKASPROP,EQ,VIKAS PROP & GRANITE LTD,H
VIMTALABS,EQ,VIMTA LABS LIMITED,H
VISHNU,EQ,VISHNU CHEMICALS LIMITED,H
VIVIDHA,EQ,VISAGAR POLYTEX LTD,H
WEBELSOLAR,EQ,WEBSOL ENERGY SYSTEM LTD,H
WEWIN,SM,WE WIN LIMITED,H
WILLAMAGOR,EQ,WILLIAMSON MAGOR,H
WINDMACHIN,EQ,WINDSOR MACHINES LIMITED,H
WSI,EQ,W.S.INDUSTRIES (I) LTD.,H
YESBANK,EQ,YES BANK LIMITED,H
ZENITHSTL,BE,ZENITH STEEL PIP IND LTD,H
21STCENMGM,EQ,21ST CENTURY MGMT SERVICE,L
AARON,EQ,AARON INDUSTRIES LIMITED,L
ABMINTLTD,BE,ABM INTERNATIONAL LTD,L
ACCURACY,SM,ACCURACY SHIPPING LIMITED,L
AGROPHOS,EQ,AGRO PHOS INDIA LIMITED,L
ANKITMETAL,EQ,ANKIT MET & POW LTD,L
ARCOTECH,EQ,ARCOTECH LIMITED,L
AUSOMENT,EQ,AUSOM ENTERPRISE LIMITED,L
BAFNAPH,BE,BAFNA PHARMACEUTICALS LTD,L
BILENERGY,BZ,BIL ENERGY SYSTEMS LTD,L
BIOFILCHEM,BE,BIOFIL CHEM & PHARMA LTD.,L
BRFL,EQ,BOMBAY RAYON FASHIONS LTD,L
BSELINFRA,EQ,BSEL INFRASTRUCTURE REALT,L
BVCL,BE,BARAK VALLEY CEM. LTD.,L
CASTEXTECH,BE,CASTEX TECHNOLOGIES LTD.,L
CCCL,BE,CONS. CONST. CONSORT LTD,L
CKFSL,BZ,COX & KINGS FIN SERV LTD,L
CNOVAPETRO,EQ,CIL NOVA PETROCHEM LTD,L
COX&KINGS,BZ,COX & KINGS LIMITED,L
CREATIVEYE,EQ,CREATIVE EYE LIMITED,L
CUBEXTUB,EQ,CUBEX TUBINGS LTD,L
DCMFINSERV,EQ,DCM FINANCIAL SERVICES LT,L
DHARSUGAR,EQ,DHARANI SUGARS & CHEMICAL,L
DIGJAMLTD,BZ,DIGJAM LIMITED,L
DQE,EQ,DQ ENTERTAINMENT INT LTD,L
DSML,SM,DEBOCK SALE MARKETING LTD,L
E2E,SM,E2E NETWORKS LIMITED,L
EASUNREYRL,BZ,EASUN REYROLLE LTD,L
EDUCOMP,BZ,EDUCOMP SOLUTIONS LTD,L
ENERGYDEV,EQ,ENERGY DEVE. CO.LTD,L
EUROMULTI,EQ,EURO MULTIVISION LTD,L
FCONSUMER,EQ,FUTURE CONSUMER LIMITED,L
FEL,EQ,FUTURE ENTERPRISES LTD,L
FELDVR,EQ,FUTURE ENTERPRISES LTD,L
FLEXITUFF,EQ,FLEXITUFF VENTURES INT L,L
FLFL,EQ,FUT LIFESTYLE FASH LTD,L
FMNL,EQ,FUTURE MKT NETWORKS LTD,L
FRETAIL,EQ,FUTURE RETAIL LIMITED,L
GAL,EQ,GYSCOAL ALLOYS LTD,L
GAMMNINFRA,EQ,GAMMON INFRA PROJ LTD.,L
GAYAHWS,EQ,GAYATRI HIGHWAYS LIMITED,L
GLOBOFFS,EQ,GLOBAL OFFSHORE SERV LTD,L
GOENKA,BZ,GOENKA DIAMOND&JEWELS LTD,L
GVKPIL,BZ,GVK POW. & INFRA LTD.,L
HAVISHA,BE,SRI HAVISHA HOSP & INFR L,L
HUSYSLTD,SM,HUSYS CONSULTING LTD.,L
IL&FSTRANS,BZ,IL&FS TRANS NET LTD,L
IMPEXFERRO,EQ,IMPEX FERRO TECH LIMITED,L
JAINSTUDIO,BZ,JAIN STUDIOS LIMITED,L
JIKIND,BE,JIK INDUSTRIES LTD,L
JISLJALEQS,EQ,JAIN IRRIGATION SYSTEMS,L
JITFINFRA,BE,JITF INFRALOGISTICS LTD,L
JMTAUTOLTD,EQ,JMT AUTO LIMITED,L
JPOLYINVST,EQ,JIND POL INV & FIN CO LTD,L
JUMPNET,EQ,JUMP NETWORKS LIMITED,L
JYOTISTRUC,BZ,JYOTI STRUCTURES LTD,L
KAUSHALYA,EQ,KAUSHALYA INFRA DEV LTD.,L
KERNEX,BE,KERNEX MICROSYS(I) LTD,L
KEYFINSERV,EQ,KEYNOTE FIN SERV LTD.,L
KSK,BZ,KSK ENERGY VENTURES LTD,L
LATTEYS,SM,LATTEYS INDUSTRIES LTD,L
LSIL,EQ,LLOYDS STEELS IND. LTD.,L
MANAKCOAT,EQ,MAN COAT METAL & IND LTD,L
MANAKSTEEL,EQ,MANAKSIA STEELS LTD,L
MASKINVEST,BE,MASK INVESTMENTS LIMITED,L
MELSTAR,BZ,MELSTAR INFORMATION TECH,L
MERCATOR,EQ,MERCATOR LIMITED,L
METKORE,BZ,METKORE ALLOYS & IND LTD,L
MHHL,SM,MOHINI HEALTH&HYGIENE LTD,L
MIC,BE,MIC ELECTRONICS LIMITED,L
MITTAL,EQ,MITTAL LIFE STYLE LIMITED,L
MUKANDENGG,EQ,MUKAND ENGINEERS LIMITED,L
MUKANDLTD,EQ,MUKAND LTD.,L
NAGAFERT,BE,NAGARJUN FERT AND CHE LTD,L
NARMADA,SM,NARMADA AGROBASE LIMITED,L
NATNLSTEEL,EQ,NATIONAL STEEL & AGRO IND,L
NDTV,EQ,NDTV LTD,L
NITINFIRE,BZ,NITIN FIRE PROT IND. LTD.,L
NTL,EQ,NEUEON TOWERS LIMITED,L
OILCOUNTUB,BE,OIL COUNTRY TUBULAR LTD.,L
OISL,BZ,OCL IRON AND STEEL LTD,L
OPTIEMUS,BE,OPTIEMUS INFRACOM LTD,L
OPTOCIRCUI,BE,OPTO CIRCUITS (I) LTD,L
ORTEL,BZ,ORTEL COMMUNICATIONS LTD,L
PALREDTEC,EQ,PALRED TECHNOLOGIES LTD,L
PARABDRUGS,BZ,PARABOLIC DRUGS LTD,L
PEARLPOLY,EQ,PEARL POLYMERS LTD,L
PIGL,SM,POWER INSTRUMENT (G) LTD,L
PRAKASHSTL,EQ,PRAKASH STEELAGE LTD,L
PREMIER,EQ,PREMIER LIMITED,L
PROSEED,EQ,PROSEED INDIA LIMITED,L
PUNJLLOYD,BZ,PUNJ LLOYD LIMITED,L
RADAAN,EQ,RADAAN MEDIAWORKS (I) LTD,L
RAMSARUP,BZ,RAMSARUP INDUSTRIES LTD,L
RCOM,EQ,RELIANCE COMMUNICATIONS L,L
RELCAPITAL,EQ,RELIANCE CAPITAL LTD,L
RHFL,EQ,RELIANCE HOME FINANCE LTD,L
RNAVAL,EQ,RELIANCE NAVAL & ENGG LTD,L
ROHITFERRO,BE,ROHIT FERRO-TECH LIMITED,L
ROLLT,EQ,ROLLATAINERS LIMITED,L
RUCHINFRA,BE,RUCHI INFRASTRUCTURE LTD,L
SABTN,EQ,SRI ADHIKARI BROS.,L
SAMBHAAV,EQ,SAMBHAAV MEDIA LTD,L
SANGINITA,EQ,SANGINITA CHEMICALS LTD,L
SANWARIA,BZ,SANWARIA CONSUMER LIMITED,L
SCAPDVR,EQ,STAMPEDE CAPITAL LIMITED,L
SECURCRED,SM,SECUR CREDENTIALS LIMITED,L
SELMCL,BZ,SEL MANU. CO. LTD.,L
SETUINFRA,EQ,SETUBANDHAN INFRA LTD,L
SEZAL,BZ,SEZAL GLASS LIMITED,L
SHIRPUR-G,BE,SHIRPUR GOLD REFINERY LTD,L
SHIVAMAUTO,EQ,SHIVAM AUTO.LTD,L
SHYAMCENT,EQ,SHYAM CENTURY FERROUS LTD,L
SITINET,EQ,SITI NETWORKS LIMITED,L
SKIL,EQ,SKIL INFRASTRUCTURE LTD.,L
SPYL,BE,SHEKHAWATI POLY-YARN LTD.,L
STAMPEDE,BE,STAMPEDE CAPITAL LTD,L
SUJANAUNI,BE,SUJANA UNI. INDS. LTD.,L
SUMEETINDS,EQ,SUMEET IND LIMITED,L
SUPREMEINF,BZ,SUPREME INFRA. LTD,L
TALWALKARS,BZ,TALWALKAR FITNESS LTD,L
TALWGYM,BZ,TALWALKARS HEALTHCLUB LTD,L
TIJARIA,EQ,TIJARIA POLYPIPES LTD,L
TNTELE,BE,TAMILNADU TELECOMMUNICATI,L
TREEHOUSE,EQ,TREE HOUSE EDU LTD,L
TTML,BE,TATA TELESERV(MAHARASTRA),L
UMESLTD,EQ,USHA MARTIN EDU & SOL LTD,L
UNIPLY,BZ,UNIPLY INDUSTRIES LIMITED,L
UNITY,BZ,UNITY INFRAPROJECTS LTD,L
UTTAMSTL,EQ,UTTAM GALVA STEELS LTD,L
VASA,SM,VASA RETAIL & OVERSEA LTD,L
VICEROY,BE,VICEROY HOTELS LIMITED,L
VIJIFIN,EQ,VIJI FINANCE LIMITED,L
VIKASECO,EQ,VIKAS ECOTECH LIMITED,L
VIKASMCORP,EQ,VIKAS MULTICORP LIMITED,L
VISHAL,EQ,VISHAL FABRICS LIMITED,L
VIVIDHA,EQ,VISAGAR POLYTEX LTD,L
ZENITHSTL,BE,ZENITH STEEL PIP IND LTD,L
ZICOM,BZ,ZICOM ELECT SEC SYS LTD,L
