GAIN_LOSS,SECURITY,CLOSE_PRIC,PREV_CL_PR,PERCENT_CG
 ,Nifty 50 Sec., , , 
 , , , , 
G,GAIL (INDIA) LTD,       110.70,       102.65,7.84
G,SUN PHARMACEUTICAL IND L,       539.35,       511.65,5.41
G,INDUSIND BANK LIMITED,       895.50,       857.65,4.41
G,OIL AND NATURAL GAS CORP.,        81.55,        78.50,3.89
G,UPL LIMITED,       433.05,       417.70,3.67
G,GRASIM INDUSTRIES LTD,       907.80,       875.75,3.66
G,BHARTI AIRTEL LIMITED,       479.45,       463.25,3.5
G,TECH MAHINDRA LIMITED,       907.30,       876.85,3.47
G,INFOSYS LIMITED,      1137.85,      1100.00,3.44
G,ADANI PORT & SEZ LTD,       423.80,       411.55,2.98
G,ICICI BANK LTD.,       485.10,       473.35,2.48
G,SHREE CEMENT LIMITED,     24908.40,     24306.35,2.48
G,JSW STEEL LIMITED,       358.15,       350.20,2.27
G,ULTRATECH CEMENT LIMITED,      4910.50,      4802.00,2.26
G,HDFC LTD,      2306.95,      2256.25,2.25
G,BAJAJ AUTO LIMITED,      3243.65,      3173.55,2.21
G,TATA CONSULTANCY SERV LT,      2726.80,      2679.65,1.76
G,MAHINDRA & MAHINDRA LTD,       734.55,       722.00,1.74
G,BHARAT PETROLEUM CORP  LT,       379.30,       373.00,1.69
G,STATE BANK OF INDIA,       248.05,       244.25,1.56
G,INDIAN OIL CORP LTD,        85.85,        84.60,1.48
G,TATA STEEL LIMITED,       585.80,       577.35,1.46
G,HCL TECHNOLOGIES LTD,       834.10,       822.10,1.46
G,CIPLA LTD,       755.60,       745.60,1.34
G,HINDALCO  INDUSTRIES  LTD,       229.30,       226.35,1.3
G,RELIANCE INDUSTRIES LTD,      1954.90,      1929.80,1.3
G,MARUTI SUZUKI INDIA LTD.,      7101.70,      7035.80,.94
G,COAL INDIA LTD,       126.40,       125.55,.68
G,WIPRO LTD,       352.85,       350.50,.67
G,ASIAN PAINTS LIMITED,      2230.05,      2215.30,.67
 , , , , 
L,NESTLE INDIA LIMITED,     17418.15,     17888.95,-2.63
L,KOTAK MAHINDRA BANK LTD,      1875.85,      1907.10,-1.64
L,TITAN COMPANY LIMITED,      1341.10,      1361.20,-1.48
L,NTPC LTD,        93.75,        94.70,-1
L,BAJAJ FINANCE LIMITED,      4861.10,      4908.80,-0.97
L,HDFC LIFE INS CO LTD,       641.90,       646.80,-0.76
L,LARSEN & TOUBRO LTD.,      1115.95,      1122.40,-0.57
L,HDFC BANK LTD,      1433.30,      1440.85,-0.52
L,TATA MOTORS LIMITED,       179.75,       180.35,-0.33
L,HINDUSTAN UNILEVER LTD.,      2133.05,      2138.20,-0.24
L,BRITANNIA INDUSTRIES LTD,      3629.35,      3637.95,-0.24
L,BAJAJ FINSERV LTD.,      8746.55,      8758.80,-0.14
L,EICHER MOTORS LTD,      2532.70,      2534.65,-0.08
L,POWER GRID CORP. LTD.,       192.35,       192.40,-0.03
 , , , , 
 ,Nifty Next 50 Sec., , , 
 , , , , 
G,MOTHERSON SUMI SYSTEMS LT,       157.20,       148.05,6.18
G,AVENUE SUPERMARTS LIMITED,      2426.70,      2289.20,6.01
G,L&T INFOTECH LIMITED,      3353.45,      3200.45,4.78
G,UNITED BREWERIES LTD,      1088.40,      1038.95,4.76
G,BANK OF BARODA,        53.75,        51.35,4.67
G,DLF LIMITED,       195.10,       187.20,4.22
G,ICICI PRU LIFE INS CO LTD,       457.35,       441.70,3.54
G,BOSCH LIMITED,     13255.95,     12816.10,3.43
G,UNITED SPIRITS LIMITED,       566.95,       548.40,3.38
G,AUROBINDO PHARMA LTD,       897.15,       868.55,3.29
G,INTERGLOBE AVIATION LTD,      1559.75,      1514.15,3.01
G,PUNJAB NATIONAL BANK,        34.45,        33.45,2.99
G,NMDC LTD.,        99.25,        96.40,2.96
G,BANDHAN BANK LIMITED,       377.20,       367.00,2.78
G,HAVELLS INDIA LIMITED,       823.40,       801.40,2.75
G,ACC LIMITED,      1747.90,      1705.05,2.51
G,LUPIN LIMITED,       909.80,       891.80,2.02
G,PIRAMAL ENTERPRISES LTD,      1414.45,      1388.10,1.9
G,MARICO LIMITED,       373.80,       367.70,1.66
G,TORRENT PHARMACEUTICALS L,      2653.60,      2615.10,1.47
G,ICICI LOMBARD GIC LIMITED,      1471.15,      1451.40,1.36
G,P&G HYGIENE & HEALTH CARE,     10659.95,     10519.90,1.33
G,DABUR INDIA LTD,       506.00,       499.80,1.24
G,BERGER PAINTS (I) LTD,       655.50,       647.75,1.2
G,PETRONET LNG LIMITED,       254.25,       251.25,1.19
G,HINDUSTAN PETROLEUM CORP,       211.60,       209.35,1.07
G,BAJAJ HOLDINGS & INVS LTD,      3094.30,      3063.75,1
G,BIOCON LIMITED.,       433.30,       429.35,0.92
G,CONTAINER CORP OF IND LTD,       409.65,       406.05,0.89
G,GODREJ CONSUMER PRODUCTS,       705.60,       699.75,0.84
 , , , , 
L,INDRAPRASTHA GAS LTD,       482.40,       496.40,-2.82
L,INFO EDGE (I) LTD,      4206.80,      4306.35,-2.31
L,ALKEM LABORATORIES LTD.,      2789.05,      2841.65,-1.85
L,TATA CONSUMER PRODUCT LTD,       529.30,       538.00,-1.62
L,BHARTI INFRATEL LTD.,       216.00,       218.60,-1.19
L,HDFC AMC LIMITED,      2511.45,      2538.80,-1.08
L,HINDUSTAN ZINC LIMITED,       227.60,       229.70,-0.91
L,ORACLE FIN SERV SOFT LTD.,      3018.00,      3040.15,-0.73
L,GENERAL INS CORP OF INDIA,       140.00,       140.95,-0.67
L,COLGATE PALMOLIVE LTD.,      1504.00,      1513.70,-0.64
L,ADANI GREEN ENERGY LTD,      1134.70,      1136.40,-0.15
L,ABBOTT INDIA LIMITED,     15398.60,     15399.05,0
 , , , , 
 ,OTHER SECURITIES, , , 
 , , , , 
G,SUBEX LTD,        27.30,        22.75,20
G,TRANS & RECTI. LTD,        13.20,        11.00,20
G,AHLADA ENGINEERS LIMITED,        66.40,        55.35,19.96
G,MOLD TEK PACKAGING LTD,        66.20,        55.20,19.93
G,BOND 8.63% PA TF TII-SIIA,      1603.00,      1340.00,19.63
G,MAN INFRA LTD,        34.70,        29.15,19.04
G,ORIENT ABRASIVE LTD,        23.35,        19.85,17.63
G,SEC RED NCD 8.93% SR. 3B,       320.00,       275.00,16.36
G,IRIS CLOTHINGS LIMITED,        42.00,        36.10,16.34
G,UNS RED NCD SR. III,       942.00,       810.10,16.28
G,ORIENTAL AROMATICS LTD,       599.35,       516.85,15.96
G,LOVABLE LINGERIE LTD,        83.75,        72.65,15.28
G,TATA METALIKS LTD,       620.85,       538.95,15.2
G,SEC RED NCD 9.05% SR. II,       195.43,       170.00,14.96
G,SEC RED NCD 8.65% SR. VI,       320.00,       279.00,14.7
G,ELECON ENG. CO. LTD,        41.10,        35.85,14.64
G,PROSEED INDIA LIMITED,          .40,          .35,14.29
G,MANG.CHEM.FERT.LTD,        41.40,        36.65,12.96
G,IIFL FINANCE LIMITED,       112.80,       100.20,12.57
G,VISAGAR POLYTEX LTD,          .45,          .40,12.5
G,CONFIDENCE PETRO IND LTD.,        31.15,        27.70,12.45
G,TIL LTD,       161.20,       143.60,12.26
G,ACTION CONST EQUIP LTD,       126.95,       113.30,12.05
G,PARIN FURNITURE LIMITED,        75.00,        67.00,11.94
G,SEC RED NCD 9.10% SR. IV,       315.00,       281.80,11.78
G,CARE RATINGS LIMITED,       560.30,       501.80,11.66
G,PATEL ENGINEERING LTD.,        13.05,        11.70,11.54
G,VAKRANGEE LIMITED,        42.70,        38.40,11.2
G,CARBORUNDUM UNIVERSAL LTD,       385.80,       346.95,11.2
G,MAHINDRA LIFESPACE DEVLTD,       321.25,       289.35,11.02
 , , , , 
L,DHANI LOANS & SERV LTD,       721.00,       840.00,-14.17
L,SEC RED NCD 8.65% SR. VI,       650.00,       740.00,-12.16
L,SEC RED NCD 9.60 % SR. I,      1071.40,      1177.80,-9.03
L,2.50%GOLDBONDS2025SR-VIII,      4690.75,      5148.00,-8.88
L,GAMMON INFRA PROJ LTD.,          .55,          .60,-8.33
L,SEC RED NCD 9.00% SR. VII,       560.20,       610.00,-8.16
L,2.50% GOLDBONDS2025SR-VII,      4700.00,      5098.00,-7.81
L,SETUBANDHAN INFRA LTD,          .65,          .70,-7.14
L,TFB 7.36% 2025 SR. 1B,      1112.21,      1189.90,-6.53
L,JINDAL WORLDWIDE LTD,        47.75,        51.00,-6.37
L,DHANI LOANS & SERV LTD,       925.00,       987.95,-6.37
L,63 MOONS TECHNOLOGIES LTD,        89.05,        94.95,-6.21
L,ADVANI HOT.& RES.(I) LTD,        56.20,        59.90,-6.18
L,MERCATOR LIMITED,          .80,          .85,-5.88
L,SEC RED NCD 9.57% SR. V,       926.00,       980.00,-5.51
L,NEUEON TOWERS LIMITED,          .90,          .95,-5.26
L,RUSHIL DECOR LIMITED,       150.55,       158.90,-5.25
L,ANKIT MET & POW LTD,          .95,         1.00,-5
L,BKM INDUSTRIES LIMITED,          .95,         1.00,-5
L,GOI LOAN 8.13% 2045,       122.56,       129.00,-4.99
L,KEYNOTE FIN SERV LTD.,       100.00,       105.25,-4.99
L,FUT LIFESTYLE FASH LTD,        89.55,        94.25,-4.99
L,GOI LOAN 11.60% 2020,       108.25,       113.91,-4.97
L,FUTURE RETAIL LIMITED,        78.55,        82.65,-4.96
L,AARON INDUSTRIES LIMITED,        58.50,        61.55,-4.96
L,VIKAS MULTICORP LIMITED,         7.70,         8.10,-4.94
L,NDTV LTD,        40.50,        42.60,-4.93
L,E2E NETWORKS LIMITED,        42.45,        44.65,-4.93
L,SANGINITA CHEMICALS LTD,        27.15,        28.55,-4.9
L,SHIVAM AUTO.LTD,        21.35,        22.45,-4.9
