SYMBOL,SERIES,SECURITY,HIGH/LOW,INDEX FLAG
21STCENMGM,EQ,21ST CENTURY MGMT SERVICE,H
3IINFOTECH,EQ,3I INFOTECH LTD.,H
3PLAND,EQ,3P LAND HOLDINGS LIMITED,H
A2ZINFRA,EQ,A2Z INFRA ENGINEERING LTD,H
AARTISURF,EQ,AARTI SURFACTANTS LIMITED,H
ADL,BE,ARCHIDPLY DECOR LIMITED,H
ADROITINFO,BE,ADROIT INFOTECH LIMITED,H
ADSL,EQ,ALLIED DIGITAL SERV. LTD,H
AFFLE,EQ,AFFLE (INDIA) LIMITED,H
AGROPHOS,EQ,AGRO PHOS INDIA LIMITED,H
AHLADA,SM,AHLADA ENGINEERS LIMITED,H
AIRAN,EQ,AIRAN LIMITED,H
AKASH,EQ,AKASH INFRA-PROJECTS LTD,H
ANDHRACEMT,EQ,ANDHRA CEMENTS LIMITED,H
ANIKINDS,EQ,ANIK INDUSTRIES LTD,H
ANKITMETAL,EQ,ANKIT MET & POW LTD,H
ANSALAPI,EQ,ANSAL PROP & INFRA LTD,H
ANSALHSG,EQ,ANSAL HOUSING LIMITED,H
ARCOTECH,EQ,ARCOTECH LIMITED,H
ARSHIYA,EQ,ARSHIYA LIMITED,H
ARSSINFRA,EQ,ARSS INFRA PROJ. LTD,H
ASHIMASYN,EQ,ASHIMA LTD,H
ATLANTA,EQ,ATLANTA LIMITED,H
AURDIS,SM,AURANGABAD DISTILLERY LTD,H
AUSOMENT,EQ,AUSOM ENTERPRISE LIMITED,H
BAFNAPH,BE,BAFNA PHARMACEUTICALS LTD,H
BALKRISHNA,EQ,BALKRISHNA PAPER MILLS L,H
BALLARPUR,BZ,BALLARPUR INDUSTRIES LTD,H
BARTRONICS,BZ,BARTRONICS INDIA LIMITED,H
BEARDSELL,EQ,BEARDSELL LIMITED,H
BEDMUTHA,EQ,BEDMUTHA INDUST LTD,H
BIGBLOC,BE,BIGBLOC CONSTRUCTION LTD,H
BILENERGY,BZ,BIL ENERGY SYSTEMS LTD,H
BIOFILCHEM,BE,BIOFIL CHEM & PHARMA LTD.,H
BOHRA,SM,BOHRA INDUSTRIES LIMITED,H
BOROLTD,EQ,BOROSIL LIMITED,H
BROOKS,EQ,BROOKS LAB LIMITED,H
BSELINFRA,EQ,BSEL INFRASTRUCTURE REALT,H
BSLRIFS4RG,MF,ADITYABIRLA - BSLRIFS4RG,H
BURNPUR,EQ,BURNPUR CEMENT LTD.,H
CADSYS,SM,CADSYS (INDIA) LIMITED,H
CALSOFT,EQ,CALIFORNIA SOFTWARE CO LT,H
CANDC,BZ,C&C CONST. LTD,H
CASTEXTECH,BE,CASTEX TECHNOLOGIES LTD.,H
CENTEXT,EQ,CENTURY EXTRUSIONS LTD,H
CGPOWER,EQ,CG POWER AND IND SOL LTD,H
CHROMATIC,EQ,CHROMATIC INDIA LTD,H
CINEVISTA,EQ,CINEVISTA LIMITED,H
CKPLEISURE,SM,CKP LEISURE LIMITED,H
CMMIPL,SM,CMM INFRAPROJECTS LIMITED,H
CNOVAPETRO,EQ,CIL NOVA PETROCHEM LTD,H
COUNCODOS,BE,COUNTRY CONDO'S LIMITED,H
CREATIVEYE,EQ,CREATIVE EYE LIMITED,H
CTE,EQ,CAMBRIDGE TECH ENTER LTD,H
DBREALTY,EQ,D B REALTY LIMITED,H
DBSTOCKBRO,EQ,DB (INT) STOCK BROKERS,H
DCMFINSERV,EQ,DCM FINANCIAL SERVICES LT,H
DELTAMAGNT,EQ,DELTA MANUFACTURING LTD,H
DHARSUGAR,EQ,DHARANI SUGARS & CHEMICAL,H
DHFL,EQ,DEWAN HOUSING FIN CORP LT,H
DIGISPICE,EQ,DIGISPICE TECHNOLOGIES LT,H
DIGJAMLTD,BZ,DIGJAM LIMITED,H
DUCON,EQ,DUCON INFRATECHNOLOGIES L,H
EASUNREYRL,BZ,EASUN REYROLLE LTD,H
EBANK,EQ,EDELWEISS ETF-NIFTY BANK,H
EDELWEISS,EQ,EDELWEISS FIN SERV LTD,H
EDUCOMP,BZ,EDUCOMP SOLUTIONS LTD,H
EKC,EQ,EVEREST KANTO CYLINDERLTD,H
ELECTHERM,EQ,ELECTROTHERM (I) LTD.,H
EMAMIREAL,EQ,EMAMI REALTY LIMITED,H
EMCO,BZ,EMCO LIMITED,H
ENERGYDEV,EQ,ENERGY DEVE. CO.LTD,H
ESSARSHPNG,EQ,ESSAR SHIPPING LTD,H
EUROMULTI,EQ,EURO MULTIVISION LTD,H
EXCEL,EQ,EXCEL REALTY N INFRA LTD,H
FCSSOFT,EQ,FCS SOFTWARE SOLN. LTD.,H
FEL,EQ,FUTURE ENTERPRISES LTD,H
FELIX,SM,FELIX INDUSTRIES LTD.,H
FLEXITUFF,EQ,FLEXITUFF VENTURES INT L,H
GAL,EQ,GYSCOAL ALLOYS LTD,H
GAMMNINFRA,EQ,GAMMON INFRA PROJ LTD.,H
GANESHHOUC,EQ,GANESH HOUSING CORP LTD,H
GANGESSECU,EQ,GANGES SECURITIES LIMITED,H
GARDENSILK,EQ,GARDEN SILK MILLS LTD,H
GAYAPROJ,EQ,GAYATRI PROJECTS LTD,H
GBGLOBAL,EQ,GB GLOBAL LIMITED,H
GENESYS,EQ,GENESYS INTL CORPN LTD,H
GLFL,EQ,GUJARAT LEASE FINANCING L,H
GLOBOFFS,EQ,GLOBAL OFFSHORE SERV LTD,H
GOENKA,BZ,GOENKA DIAMOND&JEWELS LTD,H
GOLDTECH,EQ,GOLDSTONE TECHNOLOGIES LT,H
GTNIND,EQ,GTN INDUSTRIES LIMITED,H
GVKPIL,BZ,GVK POW. & INFRA LTD.,H
HCL-INSYS,EQ,HCL INFOSYSTEMS LTD,H
HDIL,BZ,HOUSING DEV & INFRA LTD,H
HEXATRADEX,EQ,HEXA TRADEX LIMITED,H
HFCL,EQ,HFCL LIMITED,H
HILTON,EQ,HILTON METAL FORGING LTD,H
HIMATSEIDE,EQ,HIMATSINGKA SEIDE LTD,H
HISARMETAL,EQ,HISAR METAL IND. LIMITED,H
HOVS,EQ,HOV SERVICES LTD,H
HUBTOWN,EQ,HUBTOWN LIMITED,H
IBULISL,EQ,INDIABULLS INTEGR SER LTD,H
IL&FSTRANS,BZ,IL&FS TRANS NET LTD,H
IMPEXFERRO,EQ,IMPEX FERRO TECH LIMITED,H
INDOSOLAR,BZ,INDOSOLAR LIMITED,H
INDSWFTLAB,EQ,IND SWIFT LABORATORIES LT,H
INDSWFTLTD,BE,IND-SWIFT LIMITED,H
INTEGRA,EQ,INTEGRA GARMENT & TEX LTD,H
ISMTLTD,EQ,ISMT LIMITED,H
IVC,BE,IL&FS INVESTMENT MANAGERS,H
IZMO,EQ,IZMO LIMITED,H
JAIHINDPRO,BZ,JAIHIND PROJECTS LTD,H
JAINSTUDIO,BZ,JAIN STUDIOS LIMITED,H
JAYAGROGN,EQ,JAYANT AGRO ORGANICS LTD,H
JAYNECOIND,EQ,JAYASWAL NECO INDUSTR LTD,H
JIKIND,BE,JIK INDUSTRIES LTD,H
JINDRILL,EQ,JINDAL DRILLING IND. LTD,H
JISLJALEQS,EQ,JAIN IRRIGATION SYSTEMS,H
JITFINFRA,BE,JITF INFRALOGISTICS LTD,H
JMTAUTOLTD,EQ,JMT AUTO LIMITED,H
JPOLYINVST,EQ,JIND POL INV & FIN CO LTD,H
JSWISPL,EQ,JSW ISPAT SPE PRO LTD,H
JUBLINDS,EQ,JUBILANT INDUSTRIES LTD,H
JYOTISTRUC,BZ,JYOTI STRUCTURES LTD,H
KANANIIND,EQ,KANANI INDUSTRIES LTD,H
KAUSHALYA,EQ,KAUSHALYA INFRA DEV LTD.,H
KEERTI,EQ,KEERTI KNOW & SKILL LTD.,H
KGL,BZ,KARUTURI GLOBAL LIMITED,H
KOPRAN,EQ,KOPRAN LTD,H
KRIDHANINF,EQ,KRIDHAN INFRA LIMITED,H
KSK,BZ,KSK ENERGY VENTURES LTD,H
KWALITY,EQ,KWALITY LIMITED,H
LEMONTREE,EQ,LEMON TREE HOTELS LTD,H
LEXUS,SM,LEXUS GRANITO (INDIA) LTD,H
LFIC,EQ,LAKSHMI FIN IND CORP LTD,H
LPDC,EQ,LANDMARK PR.DEV.CO.LTD,H
M15RD,MF,SUNDARMAMC - M15RD,H
M17RD,MF,SUNDARMAMC - M17RD,H
MADHUCON,EQ,MADHUCON PROJECTS LTD.,H
MAGNUM,EQ,MAGNUM VENTURES LTD.,H
MAHAPEXLTD,BE,MAHA RASHTRA APEX COPR. L,H
MANGTIMBER,EQ,MANGALAM TIMBER PRODUCTS,H
MARATHON,EQ,MARATHON NXTGEN REALT LTD,H
MARSHALL,SM,MARSHALL MACHINES LTD,H
MBECL,BE,MCNALLY BH. ENG. CO.LTD,H
MCLEODRUSS,EQ,MCLEOD RUSSEL INDIA LTD.,H
MEGASOFT,EQ,MEGASOFT LTD,H
MELSTAR,BZ,MELSTAR INFORMATION TECH,H
MERCATOR,EQ,MERCATOR LIMITED,H
METKORE,BZ,METKORE ALLOYS & IND LTD,H
MHHL,SM,MOHINI HEALTH&HYGIENE LTD,H
MIC,BE,MIC ELECTRONICS LIMITED,H
MODIRUBBER,BE,MODI RUBBER LTD,H
MOLDTKPAC,W1,MOLD TEK PACKAGING LTD,H
MSPL,EQ,MSP STEEL & POWER LTD.,H
MTEDUCARE,EQ,MT EDUCARE LTD,H
MUKTAARTS,EQ,MUKTA ARTS LIMITED,H
NAGAFERT,BE,NAGARJUN FERT AND CHE LTD,H
NATNLSTEEL,EQ,NATIONAL STEEL & AGRO IND,H
NEOGEN,EQ,NEOGEN CHEMICALS LIMITED,H
NETF,EQ,TATAAML - NETF,H
NEXTMEDIA,EQ,NEXT MEDIAWORKS LIMITED,H
NIBL,EQ,NRB INDUS. BEARINGS LTD.,H
NITCO,EQ,NITCO LIMITED,H
NTL,EQ,NEUEON TOWERS LIMITED,H
OILCOUNTUB,BE,OIL COUNTRY TUBULAR LTD.,H
OISL,BZ,OCL IRON AND STEEL LTD,H
OMKARCHEM,EQ,OMKAR SPL CHEM LTD,H
OMMETALS,EQ,OM METALS INFRAPRO LTD,H
OPTOCIRCUI,BE,OPTO CIRCUITS (I) LTD,H
ORCHPHARMA,BZ,ORCHID PHARMA LIMITED,H
ORTEL,BZ,ORTEL COMMUNICATIONS LTD,H
ORTINLABSS,EQ,ORTIN LABORATORIES LTD,H
PALASHSECU,EQ,PALASH SECURITIES LTD,H
PALREDTEC,EQ,PALRED TECHNOLOGIES LTD,H
PANACEABIO,EQ,PANACEA BIOTEC LTD,H
PARSVNATH,EQ,PARSVNATH DEVELOPER LTD,H
PATINTLOG,EQ,PATEL INT. LOG. LTD,H
PENINLAND,EQ,PENINSULA LAND LIMITED,H
PGEL,EQ,PG ELECTROPLAST LTD,H
POKARNA,EQ,POKARNA LIMITED,H
PRECOT,BE,PRECOT MERIDIAN LIMITED,H
PREMIER,EQ,PREMIER LIMITED,H
PROLIFE,SM,PROLIFE INDUSTRIES LTD,H
PUNJLLOYD,BZ,PUNJ LLOYD LIMITED,H
RADAAN,EQ,RADAAN MEDIAWORKS (I) LTD,H
RAJRAYON,BZ,RAJ RAYON INDUSTRIES LTD,H
RAMSARUP,BZ,RAMSARUP INDUSTRIES LTD,H
RCOM,EQ,RELIANCE COMMUNICATIONS L,H
REMSONSIND,EQ,REMSONS INDUSTRIES LTD,H
REPL,SM,RUDRABHISHEK ENTERP LTD,H
RNAVAL,EQ,RELIANCE NAVAL & ENGG LTD,H
ROHITFERRO,BE,ROHIT FERRO-TECH LIMITED,H
ROLLT,EQ,ROLLATAINERS LIMITED,H
ROLTA,EQ,ROLTA INDIA LTD,H
ROML,EQ,RAJ OIL MILLS LIMITED,H
ROUTE,EQ,ROUTE MOBILE LIMITED,H
RUCHINFRA,BE,RUCHI INFRASTRUCTURE LTD,H
SABTN,EQ,SRI ADHIKARI BROS.,H
SALSTEEL,EQ,S.A.L. STEEL LTD.,H
SAMBHAAV,EQ,SAMBHAAV MEDIA LTD,H
SANGHVIFOR,EQ,SANGHVI FOR & ENG LTD,H
SANGINITA,EQ,SANGINITA CHEMICALS LTD,H
SARVESHWAR,SM,SARVESHWAR FOODS LIMITED,H
SCAPDVR,EQ,STAMPEDE CAPITAL LIMITED,H
SETUINFRA,EQ,SETUBANDHAN INFRA LTD,H
SEZAL,BZ,SEZAL GLASS LIMITED,H
SHAHALLOYS,EQ,SHAH ALLOYS LIMITED,H
SHIRPUR-G,BE,SHIRPUR GOLD REFINERY LTD,H
SHIVATEX,EQ,SHIVA TEXYARN LIMITED,H
SHREEPUSHK,EQ,SHRE PUSH CHEM & FERT LTD,H
SHREYAS,EQ,SHREYAS SHIPPING & LOGIST,H
SHYAMCENT,EQ,SHYAM CENTURY FERROUS LTD,H
SIL,BE,STANDARD INDUSTRIES LTD.,H
SILLYMONKS,BE,SILLY MONKS ENTERTAIN LTD,H
SIMPLEXINF,EQ,SIMPLEX INFRASTRUCTURES L,H
SINTERCOM,EQ,SINTERCOM INDIA LIMITED,H
SINTEX,BE,SINTEX INDUSTRIES LTD,H
SITINET,EQ,SITI NETWORKS LIMITED,H
SMARTLINK,EQ,SMARTLINK HOLDINGS LTD,H
SPENTEX,BZ,SPENTEX IND. LTD,H
SPIC,EQ,SPIC LTD,H
SPTL,EQ,SINTEX PLASTICS TECH LTD,H
SPYL,BE,SHEKHAWATI POLY-YARN LTD.,H
SREIBNPNCD,NN,SRNCD SR VII B,H
STCINDIA,EQ,THE STATE TRADING CORPN,H
SUBEXLTD,EQ,SUBEX LTD,H
SUMEETINDS,EQ,SUMEET IND LIMITED,H
SUNDARAM,EQ,SUNDARAM MULTI PAP LTD,H
SUPERSPIN,EQ,SUPER SPINNING MILLS LTD,H
SUPREMEINF,BZ,SUPREME INFRA. LTD,H
SURYALAXMI,EQ,SURYALAKSHMI COT MIL LTD,H
SWELECTES,EQ,SWELECT ENERGY SYS LTD,H
SYNCOM,BZ,SYNCOM HEALTHCARE LTD,H
TANLA,EQ,TANLA PLATFORMS LIMITED,H
TANTIACONS,BZ,TANTIA CONST LTD,H
TATASTLLP,EQ,TATA STEEL LONG PRO LTD,H
TATASTLPP,E1,TATASTEEL RS.2.50 PPD UP,H
TECHNOFAB,BZ,TECHNOFAB ENG LTD,H
TEJASNET,EQ,TEJAS NETWORKS LIMITED,H
TGBHOTELS,EQ,TGB BANQUETS&HOTELS LTD,H
THOMASCOOK,EQ,THOMAS COOK (INDIA) LTD,H
THOMASCOTT,BE,THOMAS SCOTT (INDIA) LTD,H
TIMESGTY,EQ,TIMES GUARANTY LIMITED,H
TMRVL,EQ,THE MANDHANA RET VENT LTD,H
TNTELE,BE,TAMILNADU TELECOMMUNICATI,H
TREJHARA,EQ,TREJHARA SOLUTIONS LTD,H
TRIL,EQ,TRANS & RECTI. LTD,H
TVVISION,EQ,TV VISION LIMITED,H
UMESLTD,EQ,USHA MARTIN EDU & SOL LTD,H
UNIINFO,SM,UNIINFOTELECOMSERVILTD,H
UNITECH,BZ,UNITECH LIMITED,H
URJA,EQ,URJA GLOBAL LIMITED,H
V2RETAIL,EQ,V2 RETAIL LIMITED,H
VAKRANGEE,EQ,VAKRANGEE LIMITED,H
VASWANI,EQ,VASWANI IND LTD,H
VETO,EQ,VETO SWITCHGEAR CABLE LTD,H
VIDEOIND,BZ,VIDEOCON INDUSTRIES LIMIT,H
VIKASMCORP,EQ,VIKAS MULTICORP LIMITED,H
VIKASPROP,EQ,VIKAS PROP & GRANITE LTD,H
VIKASWSP,EQ,VIKAS WSP LIMITED,H
VIMTALABS,EQ,VIMTA LABS LIMITED,H
VISASTEEL,EQ,VISA STEEL LIMITED,H
WEBELSOLAR,EQ,WEBSOL ENERGY SYSTEM LTD,H
WILLAMAGOR,EQ,WILLIAMSON MAGOR,H
WINDMACHIN,EQ,WINDSOR MACHINES LIMITED,H
WSI,EQ,W.S.INDUSTRIES (I) LTD.,H
ZICOM,BZ,ZICOM ELECT SEC SYS LTD,H
21STCENMGM,EQ,21ST CENTURY MGMT SERVICE,L
8KMILES,BE,8K MILES SOFT SERV LTD,L
AARON,EQ,AARON INDUSTRIES LIMITED,L
ACCURACY,SM,ACCURACY SHIPPING LIMITED,L
ARCOTECH,EQ,ARCOTECH LIMITED,L
ARTNIRMAN,SM,ART NIRMAN LIMITED,L
ASIANTILES,EQ,ASIAN GRANITO IND. LTD.,L
BAFNAPH,BE,BAFNA PHARMACEUTICALS LTD,L
BHARATWIRE,EQ,BHARAT WIRE ROPES LTD.,L
BILENERGY,BZ,BIL ENERGY SYSTEMS LTD,L
BPL,EQ,BPL LTD,L
BRFL,EQ,BOMBAY RAYON FASHIONS LTD,L
BSELINFRA,EQ,BSEL INFRASTRUCTURE REALT,L
CCCL,BE,CONS. CONST. CONSORT LTD,L
CNOVAPETRO,EQ,CIL NOVA PETROCHEM LTD,L
COX&KINGS,BZ,COX & KINGS LIMITED,L
DBSTOCKBRO,EQ,DB (INT) STOCK BROKERS,L
DCMFINSERV,EQ,DCM FINANCIAL SERVICES LT,L
DHARSUGAR,EQ,DHARANI SUGARS & CHEMICAL,L
DIAPOWER,BZ,DIAMOND POWER INFRA LTD,L
DQE,EQ,DQ ENTERTAINMENT INT LTD,L
E2E,SM,E2E NETWORKS LIMITED,L
EUROCERA,BZ,EURO CERAMICS LTD.,L
EUROMULTI,EQ,EURO MULTIVISION LTD,L
GAL,EQ,GYSCOAL ALLOYS LTD,L
GAYAHWS,EQ,GAYATRI HIGHWAYS LIMITED,L
GICL,SM,GLOBE INTL CARRIERS LTD,L
GINNIFILA,EQ,GINNI FILAMENTS LTD,L
GISOLUTION,EQ,GI ENGINEERING SOLNS LTD,L
GTLINFRA,EQ,GTL INFRA.LTD,L
GUJRAFFIA,BE,GUJARAT RAFFIA INDUST LTD,L
HAVISHA,BE,SRI HAVISHA HOSP & INFR L,L
IL&FSENGG,BZ,IL&FS ENG AND CONS CO LTD,L
IMPEXFERRO,EQ,IMPEX FERRO TECH LIMITED,L
INDLMETER,EQ,IMP POWERS LTD,L
ISFT,EQ,INTRASOFT TECH. LTD,L
IVP,EQ,IVP LTD,L
JALAN,SM,JALAN TRANSOLU. INDIA LTD,L
JIKIND,BE,JIK INDUSTRIES LTD,L
JMTAUTOLTD,EQ,JMT AUTO LIMITED,L
JPASSOCIAT,EQ,JAIPRAKASH ASSOCIATES LTD,L
JPINFRATEC,EQ,JAYPEE INFRATECH LTD,L
JUMPNET,EQ,JUMP NETWORKS LIMITED,L
KANANIIND,EQ,KANANI INDUSTRIES LTD,L
KAUSHALYA,EQ,KAUSHALYA INFRA DEV LTD.,L
KEYFINSERV,EQ,KEYNOTE FIN SERV LTD.,L
LSIL,EQ,LLOYDS STEELS IND. LTD.,L
MAGNUM,EQ,MAGNUM VENTURES LTD.,L
MANAKCOAT,EQ,MAN COAT METAL & IND LTD,L
MELSTAR,BZ,MELSTAR INFORMATION TECH,L
METKORE,BZ,METKORE ALLOYS & IND LTD,L
MIC,BE,MIC ELECTRONICS LIMITED,L
MITTAL,EQ,MITTAL LIFE STYLE LIMITED,L
MOTOGENFIN,EQ,MOTOR & GENERAL FINANCE L,L
MSPL,EQ,MSP STEEL & POWER LTD.,L
MUKANDENGG,EQ,MUKAND ENGINEERS LIMITED,L
NAGAFERT,BE,NAGARJUN FERT AND CHE LTD,L
NDTV,EQ,NDTV LTD,L
NEXTMEDIA,EQ,NEXT MEDIAWORKS LIMITED,L
NITINFIRE,BZ,NITIN FIRE PROT IND. LTD.,L
NITINSPIN,BE,NITIN SPINNERS LIMITED,L
NOIDATOLL,BE,NOIDA TOLL BRIDGE CO LTD,L
OILCOUNTUB,BE,OIL COUNTRY TUBULAR LTD.,L
ONMOBILE,EQ,ONMOBILE GLOBAL LTD.,L
OPTIEMUS,BE,OPTIEMUS INFRACOM LTD,L
PALREDTEC,EQ,PALRED TECHNOLOGIES LTD,L
PARABDRUGS,BZ,PARABOLIC DRUGS LTD,L
PATSPINLTD,EQ,PATSPIN INDIA LTD,L
PRAKASHSTL,EQ,PRAKASH STEELAGE LTD,L
PREMIER,EQ,PREMIER LIMITED,L
PROSEED,EQ,PROSEED INDIA LIMITED,L
PUNJLLOYD,BZ,PUNJ LLOYD LIMITED,L
RAMASTEEL,EQ,RAMA STEEL TUBES LIMITED,L
RAMSARUP,BZ,RAMSARUP INDUSTRIES LTD,L
RELCAPITAL,EQ,RELIANCE CAPITAL LTD,L
RHFL,EQ,RELIANCE HOME FINANCE LTD,L
ROHITFERRO,BE,ROHIT FERRO-TECH LIMITED,L
RUCHINFRA,BE,RUCHI INFRASTRUCTURE LTD,L
SABTN,EQ,SRI ADHIKARI BROS.,L
SAMBHAAV,EQ,SAMBHAAV MEDIA LTD,L
SANGINITA,EQ,SANGINITA CHEMICALS LTD,L
SANWARIA,BZ,SANWARIA CONSUMER LIMITED,L
SEPOWER,EQ,S.E. POWER LIMITED,L
SEZAL,BZ,SEZAL GLASS LIMITED,L
SILLYMONKS,BE,SILLY MONKS ENTERTAIN LTD,L
SKIL,EQ,SKIL INFRASTRUCTURE LTD.,L
SPYL,BE,SHEKHAWATI POLY-YARN LTD.,L
SUBCAPCITY,BE,INTERNATIONAL CONST LTD,L
SUJANAUNI,BE,SUJANA UNI. INDS. LTD.,L
SUMEETINDS,EQ,SUMEET IND LIMITED,L
SUPERSPIN,EQ,SUPER SPINNING MILLS LTD,L
SUPREMEINF,BZ,SUPREME INFRA. LTD,L
SURANI,SM,SURANI STEEL TUBES LTD.,L
TREEHOUSE,EQ,TREE HOUSE EDU LTD,L
TRIGYN,EQ,TRIGYN TECHNOLOGIES LTD,L
TTML,BE,TATA TELESERV(MAHARASTRA),L
UMESLTD,EQ,USHA MARTIN EDU & SOL LTD,L
UNITECH,BZ,UNITECH LIMITED,L
VASWANI,EQ,VASWANI IND LTD,L
VICEROY,BE,VICEROY HOTELS LIMITED,L
VIJIFIN,EQ,VIJI FINANCE LIMITED,L
VIKASECO,EQ,VIKAS ECOTECH LIMITED,L
VIKASMCORP,EQ,VIKAS MULTICORP LIMITED,L
VISHAL,EQ,VISHAL FABRICS LIMITED,L
VIVIDHA,EQ,VISAGAR POLYTEX LTD,L
ZICOM,BZ,ZICOM ELECT SEC SYS LTD,L
ZODIAC,SM,ZODIAC ENERGY LIMITED,L
