GAIN_LOSS,SECURITY,CLOSE_PRIC,PREV_CL_PR,PERCENT_CG
 ,Nifty 50 Sec., , , 
 , , , , 
G,GAIL (INDIA) LTD,       116.70,       110.70,5.42
G,OIL AND NATURAL GAS CORP.,        84.85,        81.55,4.05
G,ASIAN PAINTS LIMITED,      2315.85,      2230.05,3.85
G,TITAN COMPANY LIMITED,      1389.00,      1341.10,3.57
G,ADANI PORT & SEZ LTD,       438.20,       423.80,3.4
G,TATA STEEL LIMITED,       604.35,       585.80,3.17
G,INDIAN OIL CORP LTD,        88.40,        85.85,2.97
G,BAJAJ AUTO LIMITED,      3338.15,      3243.65,2.91
G,JSW STEEL LIMITED,       368.40,       358.15,2.86
G,SBI LIFE INSURANCE CO LTD,       875.55,       851.35,2.84
G,COAL INDIA LTD,       129.75,       126.40,2.65
G,MAHINDRA & MAHINDRA LTD,       753.60,       734.55,2.59
G,TATA MOTORS LIMITED,       183.60,       179.75,2.14
G,UPL LIMITED,       441.95,       433.05,2.06
G,WIPRO LTD,       358.90,       352.85,1.71
G,MARUTI SUZUKI INDIA LTD.,      7206.50,      7101.70,1.48
G,BHARAT PETROLEUM CORP  LT,       384.50,       379.30,1.37
G,BHARTI AIRTEL LIMITED,       484.90,       479.45,1.14
G,NTPC LTD,        94.80,        93.75,1.12
G,HINDALCO  INDUSTRIES  LTD,       231.85,       229.30,1.11
G,HCL TECHNOLOGIES LTD,       843.15,       834.10,1.09
G,SUN PHARMACEUTICAL IND L,       544.65,       539.35,.98
G,POWER GRID CORP. LTD.,       194.15,       192.35,.94
G,GRASIM INDUSTRIES LTD,       915.50,       907.80,.85
G,TATA CONSULTANCY SERV LT,      2749.55,      2726.80,.83
G,ITC LTD,       195.95,       194.40,.8
G,AXIS BANK LIMITED,       608.10,       603.65,.74
G,BAJAJ FINSERV LTD.,      8802.20,      8746.55,.64
G,DIVI'S LABORATORIES LTD,      3639.55,      3620.75,.52
G,HERO MOTOCORP LIMITED,      3126.20,      3110.25,.51
 , , , , 
L,KOTAK MAHINDRA BANK LTD,      1814.20,      1875.85,-3.29
L,HDFC BANK LTD,      1406.95,      1433.30,-1.84
L,HDFC LTD,      2276.35,      2306.95,-1.33
L,SHREE CEMENT LIMITED,     24635.70,     24908.40,-1.09
L,ICICI BANK LTD.,       480.45,       485.10,-0.96
L,BRITANNIA INDUSTRIES LTD,      3597.00,      3629.35,-0.89
L,NESTLE INDIA LIMITED,     17266.45,     17418.15,-0.87
L,HDFC LIFE INS CO LTD,       636.50,       641.90,-0.84
L,BAJAJ FINANCE LIMITED,      4823.90,      4861.10,-0.77
L,STATE BANK OF INDIA,       246.95,       248.05,-0.44
L,LARSEN & TOUBRO LTD.,      1113.75,      1115.95,-0.2
L,EICHER MOTORS LTD,      2532.50,      2532.70,-0.01
 , , , , 
 ,Nifty Next 50 Sec., , , 
 , , , , 
G,ADANI TRANSMISSION LTD,       419.20,       378.95,10.62
G,BHARTI INFRATEL LTD.,       224.80,       216.00,4.07
G,NMDC LTD.,       103.20,        99.25,3.98
G,ICICI LOMBARD GIC LIMITED,      1521.55,      1471.15,3.43
G,PIDILITE INDUSTRIES LTD,      1599.75,      1551.05,3.14
G,DLF LIMITED,       200.85,       195.10,2.95
G,ICICI PRU LIFE INS CO LTD,       467.60,       457.35,2.24
G,INTERGLOBE AVIATION LTD,      1593.10,      1559.75,2.14
G,HINDUSTAN ZINC LIMITED,       232.25,       227.60,2.04
G,TATA CONSUMER PRODUCT LTD,       539.25,       529.30,1.88
G,GODREJ CONSUMER PRODUCTS,       717.90,       705.60,1.74
G,HDFC AMC LIMITED,      2555.05,      2511.45,1.74
G,HAVELLS INDIA LIMITED,       836.35,       823.40,1.57
G,BERGER PAINTS (I) LTD,       665.20,       655.50,1.48
G,HINDUSTAN PETROLEUM CORP,       214.70,       211.60,1.47
G,TORRENT PHARMACEUTICALS L,      2690.05,      2653.60,1.37
G,MARICO LIMITED,       378.65,       373.80,1.3
G,AVENUE SUPERMARTS LIMITED,      2456.00,      2426.70,1.21
G,L&T INFOTECH LIMITED,      3393.75,      3353.45,1.2
G,COLGATE PALMOLIVE LTD.,      1519.90,      1504.00,1.06
G,ADANI GREEN ENERGY LTD,      1146.00,      1134.70,1
G,POWER FIN CORP LTD.,       109.70,       108.85,0.78
G,BANK OF BARODA,        54.10,        53.75,0.65
G,PIRAMAL ENTERPRISES LTD,      1422.25,      1414.45,0.55
G,LUPIN LIMITED,       914.30,       909.80,0.49
G,UNITED SPIRITS LIMITED,       569.40,       566.95,0.43
G,BOSCH LIMITED,     13300.90,     13255.95,0.34
G,BAJAJ HOLDINGS & INVS LTD,      3104.55,      3094.30,0.33
G,ALKEM LABORATORIES LTD.,      2795.00,      2789.05,0.21
G,AMBUJA CEMENTS LTD,       262.50,       262.00,0.19
 , , , , 
L,MOTHERSON SUMI SYSTEMS LT,       153.20,       157.20,-2.54
L,UNITED BREWERIES LTD,      1068.80,      1088.40,-1.8
L,PUNJAB NATIONAL BANK,        33.95,        34.45,-1.45
L,BANDHAN BANK LIMITED,       372.30,       377.20,-1.3
L,ABBOTT INDIA LIMITED,     15215.20,     15398.60,-1.19
L,ACC LIMITED,      1729.25,      1747.90,-1.07
L,P&G HYGIENE & HEALTH CARE,     10560.10,     10659.95,-0.94
L,AUROBINDO PHARMA LTD,       889.95,       897.15,-0.8
L,PETRONET LNG LIMITED,       252.35,       254.25,-0.75
L,SIEMENS LTD,      1506.90,      1517.55,-0.7
L,BIOCON LIMITED.,       430.30,       433.30,-0.69
L,DABUR INDIA LTD,       502.50,       506.00,-0.69
L,INDRAPRASTHA GAS LTD,       479.30,       482.40,-0.64
L,CADILA HEALTHCARE LIMITED,       450.80,       453.65,-0.63
L,SBI CARDS & PAY SER LTD,       796.95,       799.95,-0.38
L,GENERAL INS CORP OF INDIA,       139.65,       140.00,-0.25
L,ORACLE FIN SERV SOFT LTD.,      3016.45,      3018.00,-0.05
L,INFO EDGE (I) LTD,      4205.00,      4206.80,-0.04
 , , , , 
 ,OTHER SECURITIES, , , 
 , , , , 
G,SRNCD SR VII B,      1098.12,       915.10,20
G,HISAR METAL IND. LIMITED,        92.75,        77.30,19.99
G,SMARTLINK HOLDINGS LTD,        87.75,        73.15,19.96
G,MOLD TEK PACKAGING LTD,        79.40,        66.20,19.94
G,VAKRANGEE LIMITED,        51.20,        42.70,19.91
G,TRANS & RECTI. LTD,        15.80,        13.20,19.7
G,MT EDUCARE LTD,        11.55,         9.65,19.69
G,PANACEA BIOTEC LTD,       245.25,       206.00,19.05
G,SEC RED NCD 10.00% SR. VI,       900.00,       760.00,18.42
G,MADHAV COPPER LIMITED,        71.95,        61.00,17.95
G,HFCL LIMITED,        22.95,        19.50,17.69
G,GANGES SECURITIES LIMITED,        53.85,        46.10,16.81
G,SPIC LTD,        22.95,        19.85,15.62
G,NECTAR LIFESCIENCES LTD.,        21.25,        18.40,15.49
G,AJMERA REALTY & INF I LTD,       123.30,       107.45,14.75
G,SUBEX LTD,        31.10,        27.30,13.92
G,PENNAR INDUSTRIES LTD,        20.90,        18.35,13.9
G,LAXMI COTSPIN LIMITED,        10.25,         9.00,13.89
G,HEMISPHERE PROP IND LTD,        72.80,        64.20,13.4
G,ELECTROTHERM (I) LTD.,       115.80,       102.20,13.31
G,AIA ENGINEERING LIMITED,      2113.00,      1883.80,12.17
G,TATAAML - NETF,       157.13,       140.74,11.65
G,THE PHOENIX MILLS LTD,       767.95,       689.25,11.42
G,SEC RED NCD 8.88% SR. 2B,       350.00,       315.00,11.11
G,GENUS POWER INFRASTRU LTD,        32.70,        29.50,10.85
G,COMPUAGE INFOCOM LTD,        15.15,        13.70,10.58
G,PRAKASH PIPES LIMITED,        87.80,        79.70,10.16
G,SHAH ALLOYS LIMITED,         9.35,         8.50,10
G,HCL INFOSYSTEMS LTD,         9.90,         9.00,10
G,NEOGEN CHEMICALS LIMITED,       685.90,       623.55,10
 , , , , 
L,ART NIRMAN LIMITED,        21.00,        26.25,-20
L,UNS RED NCD SR. III,       808.94,       942.00,-14.13
L,SEC RED NCD SR. 8B,       400.00,       461.00,-13.23
L,SEC RED NCD 9.05% SR. II,       170.00,       195.43,-13.01
L,IRIS CLOTHINGS LIMITED,        37.40,        42.00,-10.95
L,SUNDARMAMC - MC1RG,         7.66,         8.50,-9.88
L,SUNDARMAMC - M15RG,         6.50,         7.17,-9.34
L,GTL INFRA.LTD,          .50,          .55,-9.09
L,SUNDARMAMC - M15RD,         5.61,         6.16,-8.93
L,UNS RED NCD 8.79% SR.VIII,       820.00,       900.00,-8.89
L,MOLDTEK RS.1.25 PPD UP,       165.95,       179.65,-7.63
L,PRAKASH STEELAGE LTD,          .65,          .70,-7.14
L,SILVER TOUCH TECHNO LTD,        91.00,        98.00,-7.14
L,LLOYDS STEELS IND. LTD.,          .70,          .75,-6.67
L,9.35% SRNCD SR V B,       750.05,       800.00,-6.24
L,BGR ENERGY SYSTEMS LTD,        38.70,        41.25,-6.18
L,CSB BANK LIMITED,       232.75,       247.50,-5.96
L,CUBEX TUBINGS LTD,        18.35,        19.50,-5.9
L,UMANG DAIRIES LIMITED,        48.15,        50.90,-5.4
L,DHANI LOANS & SERV LTD,       970.02,      1025.00,-5.36
L,PRECISION CAMSHAFTS LTD.,        45.95,        48.55,-5.36
L,VIDHI SPCLTY F INGRDNTS L,       115.35,       121.85,-5.33
L,BKM INDUSTRIES LIMITED,          .90,          .95,-5.26
L,SURANI STEEL TUBES LTD.,        19.00,        20.00,-5
L,MOTOR & GENERAL FINANCE L,        19.95,        21.00,-5
L,BSEL INFRASTRUCTURE REALT,          .95,         1.00,-5
L,KEYNOTE FIN SERV LTD.,        95.00,       100.00,-5
L,ACCURACY SHIPPING LIMITED,        29.55,        31.10,-4.98
L,GOI LOAN 7.50% 2034,       104.98,       110.46,-4.96
L,TREE HOUSE EDU LTD,         5.75,         6.05,-4.96
