SYMBOL,SERIES,SECURITY,HIGH/LOW,INDEX FLAG
21STCENMGM,EQ,21ST CENTURY MGMT SERVICE,H
3IINFOTECH,EQ,3I INFOTECH LTD.,H
AARON,EQ,AARON INDUSTRIES LIMITED,H
AARTISURF,EQ,AARTI SURFACTANTS LIMITED,H
AARVEEDEN,EQ,AARVEE DEN. & EXP. LTD,H
ABMINTLTD,BE,ABM INTERNATIONAL LTD,H
ACCURACY,EQ,ACCURACY SHIPPING LIMITED,H
ADHUNIKIND,EQ,ADHUNIK INDUSTRIES LTD,H
ADL,BE,ARCHIDPLY DECOR LIMITED,H
ADROITINFO,BE,ADROIT INFOTECH LIMITED,H
AFFLE,EQ,AFFLE (INDIA) LIMITED,H
AGROPHOS,EQ,AGRO PHOS INDIA LIMITED,H
AISL,SM,ANI INTEGRATED SERV LTD.,H
ALCHEM,EQ,ALCHEMIST LTD,H
AMDIND,EQ,AMD INDUSTRIES LIMITED,H
ANDHRACEMT,EQ,ANDHRA CEMENTS LIMITED,H
ANIKINDS,EQ,ANIK INDUSTRIES LTD,H
ANKITMETAL,EQ,ANKIT MET & POW LTD,H
ANSALAPI,EQ,ANSAL PROP & INFRA LTD,H
ARCOTECH,EQ,ARCOTECH LIMITED,H
ARIHANTSUP,EQ,ARIHANT SUPERSTRUCT LTD,H
AROGRANITE,EQ,ARO GRANITE IND. LTD.,H
ARSSINFRA,EQ,ARSS INFRA PROJ. LTD,H
ASHAPURMIN,EQ,ASHAPURA MINECHEM LTD,H
AXISCADES,EQ,AXISCADES TECH LTD,H
BAFNAPH,BE,BAFNA PHARMACEUTICALS LTD,H
BAGFILMS,EQ,B.A.G FILMS AND MEDIA LTD,H
BALKRISHNA,BE,BALKRISHNA PAPER MILLS L,H
BALLARPUR,BZ,BALLARPUR INDUSTRIES LTD,H
BANKA,EQ,BANKA BIOLOO LIMITED,H
BARTRONICS,BZ,BARTRONICS INDIA LIMITED,H
BCONCEPTS,SM,BRAND CONCEPTS LIMITED,H
BEDMUTHA,EQ,BEDMUTHA INDUST LTD,H
BETA,SM,BETA DRUGS LIMITED,H
BHARATGEAR,EQ,BHARAT GEARS LTD.,H
BIGBLOC,BE,BIGBLOC CONSTRUCTION LTD,H
BLKASHYAP,EQ,B.L.KASHYAP & SON LTD,H
BRIGHT,SM,BRIGHT SOLAR LIMITED,H
BURGERKING,EQ,BURGER KING INDIA LIMITED,H
BURNPUR,EQ,BURNPUR CEMENT LTD.,H
CANDC,BZ,C&C CONST. LTD,H
CASTEXTECH,BE,CASTEX TECHNOLOGIES LTD.,H
CCCL,BE,CONS. CONST. CONSORT LTD,H
CGPOWER,EQ,CG POWER AND IND SOL LTD,H
CHROMATIC,EQ,CHROMATIC INDIA LTD,H
COX&KINGS,BZ,COX & KINGS LIMITED,H
CYBERMEDIA,EQ,CYBER MEDIA (INDIA) LTD.,H
CYBERTECH,EQ,CYBERTECH SYSTEMS & SOFTW,H
DBREALTY,BE,D B REALTY LIMITED,H
DCMFINSERV,EQ,DCM FINANCIAL SERVICES LT,H
DIAPOWER,BZ,DIAMOND POWER INFRA LTD,H
DIGISPICE,BE,DIGISPICE TECHNOLOGIES LT,H
DIGJAMLTD,BZ,DIGJAM LIMITED,H
DQE,EQ,DQ ENTERTAINMENT INT LTD,H
DSSL,EQ,DYNACONS SYS & SOLN LTD,H
DUCON,EQ,DUCON INFRATECHNOLOGIES L,H
E2E,SM,E2E NETWORKS LIMITED,H
EASUNREYRL,BZ,EASUN REYROLLE LTD,H
EBANK,EQ,EDELWEISS ETF-NIFTY BANK,H
EDUCOMP,BZ,EDUCOMP SOLUTIONS LTD,H
EMCO,BZ,EMCO LIMITED,H
EMKAYTOOLS,SM,EMKAY TAP & CUT. TOOL LTD,H
ENERGYDEV,EQ,ENERGY DEVE. CO.LTD,H
EUROMULTI,EQ,EURO MULTIVISION LTD,H
EXCEL,BE,EXCEL REALTY N INFRA LTD,H
FCSSOFT,EQ,FCS SOFTWARE SOLN. LTD.,H
FELDVR,EQ,FUTURE ENTERPRISES LTD,H
GAMMNINFRA,EQ,GAMMON INFRA PROJ LTD.,H
GARDENSILK,EQ,GARDEN SILK MILLS LTD,H
GAYAHWS,EQ,GAYATRI HIGHWAYS LIMITED,H
GAYAPROJ,EQ,GAYATRI PROJECTS LTD,H
GILLANDERS,EQ,GILLANDERS ARBUTHNOT LTD,H
GISOLUTION,EQ,GI ENGINEERING SOLNS LTD,H
GLFL,EQ,GUJARAT LEASE FINANCING L,H
GLOBAL,EQ,GLOBAL EDUCATION LIMITED,H
GLOBOFFS,EQ,GLOBAL OFFSHORE SERV LTD,H
GOENKA,BZ,GOENKA DIAMOND&JEWELS LTD,H
GOKUL,EQ,GOKUL REFOILS & SOLV LTD,H
GOKULAGRO,EQ,GOKUL AGRO RESOURCES LTD,H
GOLDENTOBC,EQ,GOLDEN TOBACCO LIMITED,H
GOLDTECH,EQ,GOLDSTONE TECHNOLOGIES LT,H
GTL,EQ,GTL LTD,H
GTLINFRA,EQ,GTL INFRA.LTD,H
GTNIND,EQ,GTN INDUSTRIES LIMITED,H
GUJRAFFIA,BE,GUJARAT RAFFIA INDUST LTD,H
HAVISHA,BE,SRI HAVISHA HOSP & INFR L,H
HDIL,BZ,HOUSING DEV & INFRA LTD,H
HILTON,EQ,HILTON METAL FORGING LTD,H
HIMATSEIDE,EQ,HIMATSINGKA SEIDE LTD,H
HMT,BZ,HMT LTD -,H
IL&FSENGG,BZ,IL&FS ENG AND CONS CO LTD,H
IL&FSTRANS,BZ,IL&FS TRANS NET LTD,H
IMPEXFERRO,EQ,IMPEX FERRO TECH LIMITED,H
INDORAMA,EQ,INDO RAMA SYNTHETICS LTD,H
INDOSOLAR,BZ,INDOSOLAR LIMITED,H
INDOTHAI,EQ,INDO THAI SEC LTD,H
INNOVATIVE,SM,INNOVATIVE TYRES & TUBES,H
INOXWIND,EQ,INOX WIND LIMITED,H
INTEGRA,EQ,INTEGRA GARMENT & TEX LTD,H
ISMTLTD,EQ,ISMT LIMITED,H
IVP,BE,IVP LIMITED,H
JAIHINDPRO,BZ,JAIHIND PROJECTS LTD,H
JAYNECOIND,EQ,JAYASWAL NECO INDUSTR LTD,H
JBFIND,EQ,JBF INDUSTRIES LTD,H
JETAIRWAYS,BZ,JET AIRWAYS (INDIA) LTD.,H
JHS,EQ,JHS SVEND. LAB. LTD,H
JIKIND,BE,JIK INDUSTRIES LTD,H
JITFINFRA,BE,JITF INFRALOGISTICS LTD,H
JSWISPL,EQ,JSW ISPAT SPE PRO LTD,H
JYOTISTRUC,BZ,JYOTI STRUCTURES LTD,H
KALYANIFRG,BE,KALYANI FORGE LIMITED,H
KANANIIND,EQ,KANANI INDUSTRIES LTD,H
KAUSHALYA,EQ,KAUSHALYA INFRA DEV LTD.,H
KSK,BZ,KSK ENERGY VENTURES LTD,H
KWALITY,EQ,KWALITY LIMITED,H
LAKPRE,BZ,LAKSHMI PRE SCRE LTD,H
LEXUS,SM,LEXUS GRANITO (INDIA) LTD,H
LOVABLE,EQ,LOVABLE LINGERIE LTD,H
LPDC,EQ,LANDMARK PR.DEV.CO.LTD,H
MADHAV,EQ,MADHAV MARBLE & GRANITE,H
MADHUCON,EQ,MADHUCON PROJECTS LTD.,H
MANAKCOAT,EQ,MAN COAT METAL & IND LTD,H
MANAKSTEEL,EQ,MANAKSIA STEELS LTD,H
MARSHALL,SM,MARSHALL MACHINES LTD,H
MASKINVEST,BE,MASK INVESTMENTS LIMITED,H
MBECL,BE,MCNALLY BH. ENG. CO.LTD,H
MBLINFRA,EQ,MBL INFRASTRUCTURES LTD,H
MELSTAR,BZ,MELSTAR INFORMATION TECH,H
MERCATOR,EQ,MERCATOR LIMITED,H
METALFORGE,EQ,METALYST FORGINGS LIMITED,H
METKORE,BZ,METKORE ALLOYS & IND LTD,H
MIC,BE,MIC ELECTRONICS LIMITED,H
MINDTECK,EQ,MINDTECK (INDIA) LIMITED,H
MIRCELECTR,EQ,MIRC ELECTRONICS LTD,H
MODIRUBBER,BE,MODI RUBBER LTD,H
MOTOGENFIN,BE,MOTOR & GENERAL FINANCE L,H
MPTODAY,SM,M P TODAY MEDIA LIMITED,H
MRO-TEK,EQ,MRO-TEK REALTY LIMITED,H
MSPL,EQ,MSP STEEL & POWER LTD.,H
MUKTAARTS,EQ,MUKTA ARTS LIMITED,H
NAGAFERT,BE,NAGARJUN FERT AND CHE LTD,H
NDL,EQ,NANDAN DENIM LIMITED,H
NETF,EQ,TATAAML - NETF,H
NEXTMEDIA,EQ,NEXT MEDIAWORKS LIMITED,H
NITINFIRE,BZ,NITIN FIRE PROT IND. LTD.,H
NKIND,EQ,NK INDUSTRIES LTD,H
NORBTEAEXP,EQ,NORBEN TEA & EXPORTS LTD,H
NTL,EQ,NEUEON TOWERS LIMITED,H
OILCOUNTUB,EQ,OIL COUNTRY TUBULAR LTD,H
OISL,BZ,OCL IRON AND STEEL LTD,H
OMMETALS,EQ,OM METALS INFRAPRO LTD,H
ORCHPHARMA,BZ,ORCHID PHARMA LIMITED,H
ORTEL,BZ,ORTEL COMMUNICATIONS LTD,H
PALREDTEC,BE,PALRED TECHNOLOGIES LTD,H
PARABDRUGS,BZ,PARABOLIC DRUGS LTD,H
PATSPINLTD,EQ,PATSPIN INDIA LTD,H
PENINLAND,EQ,PENINSULA LAND LIMITED,H
PENTAGOLD,SM,PENTA GOLD LIMITED,H
PKTEA,BE,THE P K TEA PROD CO LTD,H
PRECOT,BE,PRECOT MERIDIAN LIMITED,H
PREMIER,EQ,PREMIER LIMITED,H
PROSEED,EQ,PROSEED INDIA LIMITED,H
PROZONINTU,EQ,PROZONE INTU PROPRTIS LTD,H
PUNJLLOYD,BZ,PUNJ LLOYD LIMITED,H
RADAAN,EQ,RADAAN MEDIAWORKS (I) LTD,H
RAJRAYON,BZ,RAJ RAYON INDUSTRIES LTD,H
RAMSARUP,BZ,RAMSARUP INDUSTRIES LTD,H
RELCAPITAL,EQ,RELIANCE CAPITAL LTD,H
RENUKA,EQ,SHREE RENUKA SUGARS LTD,H
RKDL,EQ,RAVI KUMAR DIST. LTD.,H
ROHITFERRO,BE,ROHIT FERRO-TECH LIMITED,H
ROLLT,EQ,ROLLATAINERS LIMITED,H
ROLTA,EQ,ROLTA INDIA LTD,H
ROML,EQ,RAJ OIL MILLS LIMITED,H
RTNINFRA,EQ,RATTANINDIA INFRA LIMITED,H
SABTN,BE,SRI ADHIKARI BROS.,H
SALONA,EQ,SALONA COTSPIN LTD.,H
SALSTEEL,EQ,S.A.L. STEEL LTD.,H
SAMBHAAV,EQ,SAMBHAAV MEDIA LTD,H
SANGINITA,EQ,SANGINITA CHEMICALS LTD,H
SECURCRED,SM,SECUR CREDENTIALS LIMITED,H
SEPOWER,EQ,S.E. POWER LIMITED,H
SETCO,EQ,SETCO AUTOMOTIVE LTD,H
SEZAL,BZ,SEZAL GLASS LIMITED,H
SHIRPUR-G,BE,SHIRPUR GOLD REFINERY LTD,H
SHIVAMAUTO,EQ,SHIVAM AUTO.LTD,H
SHRADHA,EQ,SHRADHA INFRAPROJECTS LTD,H
SHREERAMA,EQ,SHREE RAMA MULTI TECH LTD,H
SHRIRAMEPC,EQ,SHRIRAM EPC LTD.,H
SHUBHLAXMI,SM,SHUBHLAXMI JEWEL ART LTD,H
SHYAMCENT,EQ,SHYAM CENTURY FERROUS LTD,H
SICAGEN,EQ,SICAGEN INDIA LIMITED,H
SIMBHALS,EQ,SIMBHAOLI SUGARS LTD.,H
SIMPLEXINF,EQ,SIMPLEX INFRASTRUCTURES L,H
SITINET,BE,SITI NETWORKS LIMITED,H
SKIL,EQ,SKIL INFRASTRUCTURE LTD.,H
SMVD,SM,SMVD POLY PACK LIMITED,H
SOUTHWEST,EQ,SOUTH WEST PINNACLE LTD,H
SPENTEX,BZ,SPENTEX IND. LTD,H
SPTL,EQ,SINTEX PLASTICS TECH LTD,H
SSINFRA,SM,S S INFRA DEVP CONSL LTD,H
SUBCAPCITY,BE,INTERNATIONAL CONST LTD,H
SUMEETINDS,EQ,SUMEET IND LIMITED,H
SUNDARAM,EQ,SUNDARAM MULTI PAP LTD,H
SUPREMEINF,BZ,SUPREME INFRA. LTD,H
SURANAT&P,EQ,SURANA TELECOM AND POW LT,H
SURANI,SM,SURANI STEEL TUBES LTD.,H
SUVEN,EQ,SUVEN LIFE SCIENCES LTD,H
SUZLON,BE,SUZLON ENERGY LIMITED,H
SYNCOM,BZ,SYNCOM HEALTHCARE LTD,H
TAINWALCHM,EQ,TAINWALA CHEMICAL AND PLA,H
TANTIACONS,BZ,TANTIA CONST LTD,H
TEJASNET,EQ,TEJAS NETWORKS LIMITED,H
TGBHOTELS,EQ,TGB BANQUETS&HOTELS LTD,H
THIRUSUGAR,BZ,THIRU AROORAN SUGARS LTD,H
TIJARIA,BE,TIJARIA POLYPIPES LTD,H
TOTAL,EQ,TOTAL TRANSPORT SYS LTD,H
TREJHARA,EQ,TREJHARA SOLUTIONS LTD,H
TRIGYN,EQ,TRIGYN TECHNOLOGIES LTD,H
TVVISION,EQ,TV VISION LIMITED,H
UJAAS,EQ,UJAAS ENERGY LIMITED,H
UMESLTD,EQ,USHA MARTIN EDU & SOL LTD,H
UNITECH,BZ,UNITECH LIMITED,H
UNITEDPOLY,SM,UNITED POLYFAB GUJ. LTD.,H
UNITY,BZ,UNITY INFRAPROJECTS LTD,H
URJA,EQ,URJA GLOBAL LIMITED,H
UTTAMSTL,EQ,UTTAM GALVA STEELS LTD,H
V2RETAIL,BE,V2 RETAIL LIMITED,H
VARDMNPOLY,EQ,VARDHMAN POLYTEX LTD.,H
VICEROY,BE,VICEROY HOTELS LIMITED,H
VIDEOIND,BZ,VIDEOCON INDUSTRIES LIMIT,H
VIJIFIN,EQ,VIJI FINANCE LIMITED,H
VIKASECO,EQ,VIKAS ECOTECH LIMITED,H
VIKASMCORP,EQ,VIKAS MULTICORP LIMITED,H
VIPCLOTHNG,EQ,VIP CLOTHING LIMITED,H
VISASTEEL,EQ,VISA STEEL LIMITED,H
VISHAL,EQ,VISHAL FABRICS LIMITED,H
VIVIDHA,EQ,VISAGAR POLYTEX LTD,H
VSCL,SM,VADIVARHE SPCLTY CHEM LTD,H
WANBURY,BE,WANBURY LIMITED,H
WEBELSOLAR,EQ,WEBSOL ENERGY SYSTEM LTD,H
WSI,EQ,W.S.INDUSTRIES (I) LTD.,H
YAARII,EQ,YAARII DIG INTEGR SER LTD,H
YESBANK,EQ,YES BANK LIMITED,H
ZENITHEXPO,EQ,ZENITH EXPORTS LTD,H
ZENITHSTL,BE,ZENITH STEEL PIP IND LTD,H
ZICOM,BZ,ZICOM ELECT SEC SYS LTD,H
21STCENMGM,EQ,21ST CENTURY MGMT SERVICE,L
3PLAND,EQ,3P LAND HOLDINGS LIMITED,L
ADROITINFO,BE,ADROIT INFOTECH LIMITED,L
ALCHEM,EQ,ALCHEMIST LTD,L
ANSALAPI,EQ,ANSAL PROP & INFRA LTD,L
ANSALHSG,EQ,ANSAL HOUSING LIMITED,L
ARCOTECH,EQ,ARCOTECH LIMITED,L
ARENTERP,EQ,RAJDARSHAN INDUSTRIES LTD,L
ASHIMASYN,BE,ASHIMA LTD,L
BALLARPUR,BZ,BALLARPUR INDUSTRIES LTD,L
BILENERGY,BZ,BIL ENERGY SYSTEMS LTD,L
BIOFILCHEM,BE,BIOFIL CHEM & PHARMA LTD.,L
BIRLATYRE,EQ,BIRLA TYRES LIMITED,L
BLBLIMITED,EQ,BLB LIMITED,L
BLUECHIP,BE,BLUE CHIP INDIA LIMITED,L
BRFL,EQ,BOMBAY RAYON FASHIONS LTD,L
BSELINFRA,EQ,BSEL INFRASTRUCTURE REALT,L
BVCL,BE,BARAK VALLEY CEM. LTD.,L
CASTEXTECH,BE,CASTEX TECHNOLOGIES LTD.,L
CCHHL,EQ,COUNTRY CLUB HOSP HOL LTD,L
CHROMATIC,EQ,CHROMATIC INDIA LTD,L
CKPLEISURE,SM,CKP LEISURE LIMITED,L
CNOVAPETRO,EQ,CIL NOVA PETROCHEM LTD,L
COUNCODOS,BE,COUNTRY CONDO'S LIMITED,L
COX&KINGS,BZ,COX & KINGS LIMITED,L
CREATIVEYE,EQ,CREATIVE EYE LIMITED,L
DBREALTY,BE,D B REALTY LIMITED,L
DHARSUGAR,EQ,DHARANI SUGARS & CHEMICAL,L
DHFL,EQ,DEWAN HOUSING FIN CORP LT,L
DQE,EQ,DQ ENTERTAINMENT INT LTD,L
DSML,SM,DEBOCK SALE MARKETING LTD,L
DUCON,EQ,DUCON INFRATECHNOLOGIES L,L
E2E,SM,E2E NETWORKS LIMITED,L
EUROCERA,BZ,EURO CERAMICS LTD.,L
FCSSOFT,EQ,FCS SOFTWARE SOLN. LTD.,L
GAMMNINFRA,EQ,GAMMON INFRA PROJ LTD.,L
GBGLOBAL,EQ,GB GLOBAL LIMITED,L
GLFL,EQ,GUJARAT LEASE FINANCING L,L
GOENKA,BZ,GOENKA DIAMOND&JEWELS LTD,L
HAVISHA,BE,SRI HAVISHA HOSP & INFR L,L
HDIL,BZ,HOUSING DEV & INFRA LTD,L
HILTON,EQ,HILTON METAL FORGING LTD,L
INNOVANA,SM,INNOVANA THINKLABS LTD.,L
IVC,BE,IL&FS INVESTMENT MANAGERS,L
JALAN,SM,JALAN TRANSOLU. INDIA LTD,L
JIKIND,BE,JIK INDUSTRIES LTD,L
JINDALPHOT,EQ,JINDAL PHOTO LIMITED,L
JPASSOCIAT,EQ,JAIPRAKASH ASSOCIATES LTD,L
JPINFRATEC,EQ,JAYPEE INFRATECH LTD,L
JPOLYINVST,EQ,JIND POL INV & FIN CO LTD,L
JPPOWER,EQ,JAIPRAKASH POWER VEN. LTD,L
JUMPNET,EQ,JUMP NETWORKS LIMITED,L
KEYFINSERV,EQ,KEYNOTE FIN SERV LTD.,L
KGL,BZ,KARUTURI GLOBAL LIMITED,L
KIOCL,EQ,KIOCL LIMITED,L
KRIDHANINF,EQ,KRIDHAN INFRA LIMITED,L
KSK,BZ,KSK ENERGY VENTURES LTD,L
LATTEYS,SM,LATTEYS INDUSTRIES LTD,L
M17RD,MF,SUNDARMAMC - M17RD,L
MBAPL,BE,MADHYA BHARAT AGRO P. LTD,L
METALFORGE,EQ,METALYST FORGINGS LIMITED,L
MILTON,SM,MILTON INDUSTRIES LIMITED,L
MODIRUBBER,BE,MODI RUBBER LTD,L
NANDANI,SM,NANDANI CREATION LIMITED,L
NECCLTD,EQ,NORTH EAST CARRY CORP LTD,L
NHPC,N1,8.18% SEC RED BOND S1A,L
NIBL,BE,NRB INDUS. BEARINGS LTD.,L
NITINFIRE,BZ,NITIN FIRE PROT IND. LTD.,L
OILCOUNTUB,EQ,OIL COUNTRY TUBULAR LTD,L
ONELIFECAP,EQ,ONELIFE CAP ADVISORS LTD,L
PALREDTEC,BE,PALRED TECHNOLOGIES LTD,L
PARSVNATH,BE,PARSVNATH DEVELOPER LTD,L
PRAKASHSTL,EQ,PRAKASH STEELAGE LTD,L
PULZ,SM,PULZ ELECTRONICS LIMITED,L
RAJRAYON,BZ,RAJ RAYON INDUSTRIES LTD,L
RCOM,EQ,RELIANCE COMMUNICATIONS L,L
RHFL,EQ,RELIANCE HOME FINANCE LTD,L
RMCL,EQ,RADHA MADHAV CO. LTD.,L
RNAVAL,EQ,RELIANCE NAVAL & ENGG LTD,L
ROHITFERRO,BE,ROHIT FERRO-TECH LIMITED,L
RPOWER,BE,RELIANCE POWER LTD.,L
SABTN,BE,SRI ADHIKARI BROS.,L
SALSTEEL,EQ,S.A.L. STEEL LTD.,L
SAMBHAAV,EQ,SAMBHAAV MEDIA LTD,L
SANGHVIFOR,BE,SANGHVI FOR & ENG LTD,L
SANGINITA,EQ,SANGINITA CHEMICALS LTD,L
SANWARIA,BZ,SANWARIA CONSUMER LIMITED,L
SCAPDVR,EQ,STAMPEDE CAPITAL LIMITED,L
SELMCL,BZ,SEL MANU. CO. LTD.,L
SEPOWER,EQ,S.E. POWER LIMITED,L
SETUINFRA,EQ,SETUBANDHAN INFRA LTD,L
SHIRPUR-G,BE,SHIRPUR GOLD REFINERY LTD,L
SICAL,EQ,SICAL LOGISTICS LIMITED,L
SILLYMONKS,BE,SILLY MONKS ENTERTAIN LTD,L
SINTEX,BE,SINTEX INDUSTRIES LTD,L
SITINET,BE,SITI NETWORKS LIMITED,L
SKIL,EQ,SKIL INFRASTRUCTURE LTD.,L
SPENTEX,BZ,SPENTEX IND. LTD,L
SPTL,EQ,SINTEX PLASTICS TECH LTD,L
SREIBNPNCD,YA,UNS RED NCD 9.12% SR. IX,L
SUJANAUNI,BE,SUJANA UNI. INDS. LTD.,L
SUMEETINDS,EQ,SUMEET IND LIMITED,L
SURANI,SM,SURANI STEEL TUBES LTD.,L
TANLA,BE,TANLA PLATFORMS LIMITED,L
TECHNOFAB,BZ,TECHNOFAB ENG LTD,L
TGBHOTELS,EQ,TGB BANQUETS&HOTELS LTD,L
TREJHARA,EQ,TREJHARA SOLUTIONS LTD,L
TTML,BE,TATA TELESERV(MAHARASTRA),L
UNIINFO,SM,UNIINFOTELECOMSERVILTD,L
UNITY,BZ,UNITY INFRAPROJECTS LTD,L
VASA,SM,VASA RETAIL & OVERSEA LTD,L
VASWANI,EQ,VASWANI IND LTD,L
VERA,SM,VERA SYNTHETIC LIMITED,L
VIJIFIN,EQ,VIJI FINANCE LIMITED,L
VIKASECO,EQ,VIKAS ECOTECH LIMITED,L
VIKASMCORP,EQ,VIKAS MULTICORP LIMITED,L
VIKASPROP,EQ,VIKAS PROP & GRANITE LTD,L
VIKASWSP,EQ,VIKAS WSP LIMITED,L
VISHAL,EQ,VISHAL FABRICS LIMITED,L
WANBURY,BE,WANBURY LIMITED,L
WEIZMANIND,EQ,WEIZMANN LTD,L
WELINV,EQ,WELSPUN INV & COMM LTD,L
WSI,EQ,W.S.INDUSTRIES (I) LTD.,L
ZEEMEDIA,EQ,ZEE MEDIA CORPORATION LTD,L
ZENITHEXPO,EQ,ZENITH EXPORTS LTD,L
ZENITHSTL,BE,ZENITH STEEL PIP IND LTD,L
