GAIN_LOSS,SECURITY,CLOSE_PRIC,PREV_CL_PR,PERCENT_CG
 ,Nifty 50 Sec., , , 
 , , , , 
G,HDFC LTD,      2424.65,      2350.35,3.16
G,HINDALCO  INDUSTRIES  LTD,       251.45,       244.55,2.82
G,DIVI'S LABORATORIES LTD,      3717.90,      3628.40,2.47
G,OIL AND NATURAL GAS CORP.,       102.90,       100.45,2.44
G,TITAN COMPANY LIMITED,      1504.45,      1468.75,2.43
G,UPL LIMITED,       459.65,       448.80,2.42
G,BHARTI AIRTEL LIMITED,       516.20,       504.20,2.38
G,ASIAN PAINTS LIMITED,      2582.45,      2527.45,2.18
G,TATA MOTORS LIMITED,       182.55,       178.90,2.04
G,MAHINDRA & MAHINDRA LTD,       731.95,       717.95,1.95
G,TATA CONSULTANCY SERV LT,      2814.20,      2761.55,1.91
G,LARSEN & TOUBRO LTD.,      1268.25,      1246.25,1.77
G,POWER GRID CORP. LTD.,       196.20,       192.80,1.76
G,COAL INDIA LTD,       145.50,       143.10,1.68
G,WIPRO LTD,       358.40,       352.70,1.62
G,HDFC BANK LTD,      1410.70,      1391.30,1.39
G,JSW STEEL LIMITED,       370.60,       365.90,1.28
G,TATA STEEL LIMITED,       643.40,       635.35,1.27
G,HINDUSTAN UNILEVER LTD.,      2343.95,      2320.05,1.03
G,BAJAJ AUTO LIMITED,      3303.50,      3271.65,.97
G,INFOSYS LIMITED,      1165.70,      1154.60,.96
G,INDIAN OIL CORP LTD,        96.35,        95.45,.94
G,SUN PHARMACEUTICAL IND L,       576.60,       571.65,.87
G,NESTLE INDIA LIMITED,     18323.45,     18189.90,.73
G,CIPLA LTD,       786.80,       781.65,.66
G,BAJAJ FINANCE LIMITED,      5146.60,      5122.50,.47
G,MARUTI SUZUKI INDIA LTD.,      7796.35,      7765.25,.4
G,GRASIM INDUSTRIES LTD,       914.80,       912.00,.31
G,BHARAT PETROLEUM CORP  LT,       399.60,       398.60,.25
G,ITC LTD,       214.00,       213.55,.21
 , , , , 
L,ICICI BANK LTD.,       512.45,       518.05,-1.08
L,NTPC LTD,       104.90,       105.85,-0.9
L,ULTRATECH CEMENT LIMITED,      5113.00,      5156.85,-0.85
L,GAIL (INDIA) LTD,       124.40,       125.25,-0.68
L,TECH MAHINDRA LIMITED,       921.55,       927.05,-0.59
L,INDUSIND BANK LIMITED,       921.80,       926.75,-0.53
L,STATE BANK OF INDIA,       269.40,       270.65,-0.46
L,BAJAJ FINSERV LTD.,      9257.70,      9296.95,-0.42
L,HDFC LIFE INS CO LTD,       648.70,       651.45,-0.42
L,BRITANNIA INDUSTRIES LTD,      3752.60,      3765.55,-0.34
L,EICHER MOTORS LTD,      2470.10,      2475.20,-0.21
L,AXIS BANK LIMITED,       606.10,       607.10,-0.16
L,HCL TECHNOLOGIES LTD,       885.05,       886.00,-0.11
L,ADANI PORT & SEZ LTD,       475.55,       475.75,-0.04
L,SHREE CEMENT LIMITED,     24259.10,     24259.65,0
 , , , , 
 ,Nifty Next 50 Sec., , , 
 , , , , 
G,DLF LIMITED,       235.40,       214.55,9.72
G,HAVELLS INDIA LIMITED,       901.15,       864.80,4.2
G,HDFC AMC LIMITED,      2862.70,      2790.80,2.58
G,TATA CONSUMER PRODUCT LTD,       583.60,       571.30,2.15
G,HINDUSTAN PETROLEUM CORP,       230.60,       226.45,1.83
G,LUPIN LIMITED,       960.35,       944.40,1.69
G,ICICI LOMBARD GIC LIMITED,      1479.35,      1455.70,1.62
G,TORRENT PHARMACEUTICALS L,      2788.95,      2749.20,1.45
G,MUTHOOT FINANCE LIMITED,      1217.55,      1202.10,1.29
G,ICICI PRU LIFE INS CO LTD,       486.25,       480.15,1.27
G,MARICO LIMITED,       413.15,       408.50,1.14
G,BIOCON LIMITED.,       460.00,       455.30,1.03
G,BAJAJ HOLDINGS & INVS LTD,      3148.95,      3118.85,0.97
G,INDRAPRASTHA GAS LTD,       487.55,       483.15,0.91
G,BERGER PAINTS (I) LTD,       689.75,       684.25,0.8
G,L&T INFOTECH LIMITED,      3288.95,      3263.15,0.79
G,SBI CARDS & PAY SER LTD,       827.20,       820.85,0.77
G,BOSCH LIMITED,     13324.15,     13236.95,0.66
G,PIRAMAL ENTERPRISES LTD,      1457.60,      1448.65,0.62
G,ADANI GREEN ENERGY LTD,      1019.40,      1013.65,0.57
G,CADILA HEALTHCARE LIMITED,       469.00,       466.85,0.46
G,COLGATE PALMOLIVE LTD.,      1611.50,      1604.95,0.41
G,SIEMENS LTD,      1541.95,      1536.45,0.36
G,GENERAL INS CORP OF INDIA,       141.35,       140.85,0.35
G,PIDILITE INDUSTRIES LTD,      1625.95,      1620.45,0.34
G,AUROBINDO PHARMA LTD,       875.70,       874.45,0.14
G,ADANI TRANSMISSION LTD,       431.65,       431.10,0.13
G,UNITED SPIRITS LIMITED,       594.85,       594.30,0.09
 , , , , 
L,PUNJAB NATIONAL BANK,        37.95,        40.60,-6.53
L,P&G HYGIENE & HEALTH CARE,     11205.55,     11375.50,-1.49
L,CONTAINER CORP OF IND LTD,       407.85,       412.90,-1.22
L,BANK OF BARODA,        66.40,        67.15,-1.12
L,PETRONET LNG LIMITED,       264.10,       266.85,-1.03
L,INFO EDGE (I) LTD,      4601.15,      4639.05,-0.82
L,ORACLE FIN SERV SOFT LTD.,      3112.15,      3133.60,-0.68
L,BHARTI INFRATEL LTD.,       245.30,       246.90,-0.65
L,ABBOTT INDIA LIMITED,     16276.60,     16379.20,-0.63
L,POWER FIN CORP LTD.,       120.25,       120.90,-0.54
L,AVENUE SUPERMARTS LIMITED,      2627.05,      2640.05,-0.49
L,BANDHAN BANK LIMITED,       410.15,       412.15,-0.49
L,HINDUSTAN ZINC LIMITED,       242.15,       243.25,-0.45
L,MOTHERSON SUMI SYSTEMS LT,       156.75,       157.30,-0.35
L,NMDC LTD.,       114.60,       114.95,-0.3
L,GODREJ CONSUMER PRODUCTS,       720.65,       722.80,-0.3
L,INTERGLOBE AVIATION LTD,      1655.85,      1659.80,-0.24
L,AMBUJA CEMENTS LTD,       247.25,       247.60,-0.14
L,UNITED BREWERIES LTD,      1157.15,      1158.55,-0.12
L,ALKEM LABORATORIES LTD.,      2896.10,      2898.50,-0.08
L,ACC LIMITED,      1633.10,      1634.45,-0.08
L,DABUR INDIA LTD,       513.65,       513.85,-0.04
 , , , , 
 ,OTHER SECURITIES, , , 
 , , , , 
G,BURGER KING INDIA LIMITED,       194.40,       162.00,20
G,MADHAV MARBLE & GRANITE,        39.00,        32.50,20
G,VARDHMAN POLYTEX LTD.,        12.00,        10.00,20
G,RAVI KUMAR DIST. LTD.,         9.60,         8.00,20
G,DYNACONS SYS & SOLN LTD,        77.75,        64.80,19.98
G,GOLDEN TOBACCO LIMITED,        42.15,        35.15,19.91
G,AMD INDUSTRIES LIMITED,        20.30,        16.95,19.76
G,SURANA TELECOM AND POW LT,         4.85,         4.05,19.75
G,GOKUL AGRO RESOURCES LTD,        20.75,        17.40,19.25
G,SHRIRAM EPC LTD.,         5.00,         4.20,19.05
G,ARO GRANITE IND. LTD.,        48.35,        40.90,18.22
G,GSS INFOTECH LIMITED,        53.60,        45.45,17.93
G,MAZAGON DOCK SHIPBUIL LTD,       220.30,       191.05,15.31
G,GOKALDAS EXPORTS LTD.,        95.10,        82.65,15.06
G,LUMAX AUTO TECH LTD,       133.95,       116.60,14.88
G,TAINWALA CHEMICAL AND PLA,        83.75,        73.25,14.33
G,HINDUSTAN COPPER LTD,        58.25,        51.30,13.55
G,DONEAR IND. LIMITED,        37.55,        33.15,13.27
G,SORIL INFRA RESOURCES LTD,       113.80,       101.25,12.4
G,WESTLIFE DEVELOPMENT LTD,       469.70,       418.10,12.34
G,INDOSTAR CAPITAL FIN LTD,       350.25,       311.95,12.28
G,MONTE CARLO FASHIONS LTD.,       269.90,       241.60,11.71
G,SEC RED NCD 9.30% SR. 6B,       368.41,       330.00,11.64
G,DHANI RS.1.10 PPD UP,       143.55,       128.90,11.37
G,INDIABULLS REAL EST. LTD,        76.30,        68.65,11.14
G,PREMIER POLYFILM LTD,        46.45,        41.80,11.12
G,SUNDARAM FINANCE HOLD LTD,        78.05,        70.25,11.1
G,INDIAN CARD CLOTHING CO.,       126.15,       113.70,10.95
G,SEC RED NCD 9.12% SR. I,      1110.00,      1001.60,10.82
G,CENTUM ELECTRONICS LTD,       404.45,       365.70,10.6
 , , , , 
L,8.18% SEC RED BOND S1A,      1400.00,      1750.00,-20
L,UNS RED NCD 9.12% SR. IX,       658.80,       800.00,-17.65
L,NHB 8.90 NCD TR II SR 3 B,      7500.00,      8880.00,-15.54
L,SEC RED NCD 8.75% SR. IV,       835.25,       985.00,-15.2
L,SEC RED NCD 9.05% SR. II,       165.00,       189.00,-12.7
L,SUNDARMAMC - M17RD,         6.21,         6.90,-10
L,SICAL LOGISTICS LIMITED,        16.85,        18.70,-9.89
L,JAIPRAKASH POWER VEN. LTD,         3.35,         3.70,-9.46
L,SEC RED NCD SR. VII,      1000.00,      1100.00,-9.09
L,SHRENIK LIMITED,         4.55,         5.00,-9
L,SEC RED NCD ZC SR. V,      1008.41,      1100.00,-8.33
L,WELSPUN INV & COMM LTD,       368.80,       399.75,-7.74
L,UNS RED NCD 9.50% SR. VII,       600.00,       649.59,-7.63
L,VIJI FINANCE LIMITED,          .65,          .70,-7.14
L,AIRO LAM LIMITED,        26.60,        28.45,-6.5
L,INVENTURE GRO & SEC LTD,        18.90,        20.20,-6.44
L,MANUGRAPH INDIA LIMITED,        12.20,        13.00,-6.15
L,R M DRIP & SPRINK SYS LTD,        46.20,        49.20,-6.1
L,ONWARD TECHNOLOGIES LTD,        88.05,        93.50,-5.83
L,IMAGICAAWORLD ENT LTD,         6.50,         6.90,-5.8
L,LYPSA GEMS & JEWEL LTD,         5.70,         6.05,-5.79
L,SEC RED NCD 8.75% SR.III,       989.40,      1049.95,-5.77
L,COMMERCIAL ENG & CO. LTD,        17.70,        18.75,-5.6
L,SEC RED NCD 9.00% SR. VII,       580.86,       615.00,-5.55
L,0.01% CUM. RED. PREF,         5.20,         5.50,-5.45
L,HINDUSTAN CONSTRUCTION CO,         9.80,        10.35,-5.31
L,9.35% SRNCD SR V B,       749.26,       791.00,-5.28
L,SEC RED NCD 9.60% SR. V,       759.99,       801.00,-5.12
L,ZENITH EXPORTS LTD,        90.25,        95.00,-5
L,JALAN TRANSOLU. INDIA LTD,         2.85,         3.00,-5
